assertion.code,assertion.detail,assertion.run-date,assertion.severity,assertion.source,assertion.type,entity.cik,entity.name,report.accepted-timestamp,report.accession,report.base-taxonomy,report.creation-software,report.document-type,report.entry-url,report.filing-date,report.filing-year,report.id,report.sec-url,report.sic-code,folder_name
DQC.US.0126.9590,"2022-03-09 20:00:03,338 [DQC.US.0126.9590] The statement 000006 - Statement - Statements of Cash Flows includes an inconsistent calculation. The value of the concept us-gaap:NetCashProvidedByUsedInOperatingActivities of -1,313,536  should be equal to the sum of its child components defined in the calculation linkbase. The sum of these child components is -1,212,736. The values of the addends is determined by adding the values of the child concepts.  The values reported in the financial statement in the current reporting period of 2020-10-01 to 2021-09-30 should be complete if the financial statement is to be mathematically accurate and complete. The components of us-gaap:NetCashProvidedByUsedInOperatingActivities that should add to -1,313,536 are comprised of the following:

+  	CommonStockIssuedForTechnology                                                                                                                       0 
+  	DepreciationAndAmortization                                                                                                                     40,866 
+  	EmployeeBenefitsAndShareBasedCompensation                                                                                                    1,365,667 
+  	IncreaseDecreaseInAccountsAndOtherReceivables                                                                                                  -27,694 
+  	IncreaseDecreaseInAccountsPayableAndAccruedLiabilities                                                                                          18,846 
+  	IncreaseDecreaseInAccountsReceivableRelatedParties                                                                                              12,551 
+  	IncreaseDecreaseInContractWithCustomerAsset                                                                                                    -50,480 
+  	IncreaseDecreaseInDeferredCharges                                                                                                                3,588 
+  	IncreaseDecreaseInInventories                                                                                                                  -44,566 
+  	IncreaseDecreaseInPrepaidExpense                                                                                                                -9,410 
+  	NetIncomeLoss                                                                                                                               -2,593,537 
+  	PaymentsForDeposits                                                                                                                             50,400 
+  	PaymentsOfDividends                                                                                                                             21,033 


The addends are calculated based on the calculation linkbase defined for 000006 - Statement - Statements of Cash Flows. If addends are missing then the calculation tree should be amended. The rule will not add dimension components as the financial statement does not include a table. If dimensions are used on the statement then add a table to ensure that the dimensions are defined correctly. 


Total Element : us-gaap:NetCashProvidedByUsedInOperatingActivities
Total Value : -1,313,536 
Total period : 2020-10-01 to 2021-09-30 
Dimensions : 
Decimals of Total: 0
Unit of Total: USD
Rule Element Id:9590
Rule version: 17.0.2 - cyca-20210930.xml 1313",2022-03-10,ERROR,DQC,126,1383088,CYTTA CORP.,2022-01-12 13:46:00,0001477932-22-000209,US GAAP 2020,XBRL Document Created with XBRLMaster,10-K,http://www.sec.gov/Archives/edgar/data/1383088/000147793222000209/cyca-20210930.xml,2022-01-12,2022,411725,https://www.sec.gov/Archives/edgar/data/1383088/000147793222000209/0001477932-22-000209-index.htm,7372,10k-cyca-20210930
DQC.US.0126.9590,"2022-03-09 20:00:03,339 [DQC.US.0126.9590] The statement 000006 - Statement - Statements of Cash Flows includes an inconsistent calculation. The value of the concept us-gaap:NetCashProvidedByUsedInFinancingActivities of 707,500  should be equal to the sum of its child components defined in the calculation linkbase. The sum of these child components is -707,500. The values of the addends is determined by adding the values of the child concepts.  The values reported in the financial statement in the current reporting period of 2020-10-01 to 2021-09-30 should be complete if the financial statement is to be mathematically accurate and complete. The components of us-gaap:NetCashProvidedByUsedInFinancingActivities that should add to 707,500 are comprised of the following:

+  	ProceedsFromStockPlans                                                                                                                        -707,500 


The addends are calculated based on the calculation linkbase defined for 000006 - Statement - Statements of Cash Flows. If addends are missing then the calculation tree should be amended. The rule will not add dimension components as the financial statement does not include a table. If dimensions are used on the statement then add a table to ensure that the dimensions are defined correctly. 


Total Element : us-gaap:NetCashProvidedByUsedInFinancingActivities
Total Value : 707,500 
Total period : 2020-10-01 to 2021-09-30 
Dimensions : 
Decimals of Total: 0
Unit of Total: USD
Rule Element Id:9590
Rule version: 17.0.2 - cyca-20210930.xml 1321",2022-03-10,ERROR,DQC,126,1383088,CYTTA CORP.,2022-01-12 13:46:00,0001477932-22-000209,US GAAP 2020,XBRL Document Created with XBRLMaster,10-K,http://www.sec.gov/Archives/edgar/data/1383088/000147793222000209/cyca-20210930.xml,2022-01-12,2022,411725,https://www.sec.gov/Archives/edgar/data/1383088/000147793222000209/0001477932-22-000209-index.htm,7372,10k-cyca-20210930
DQC.US.0126.9590,"2022-03-04 20:32:57,578 [DQC.US.0126.9590] The statement 00000006 - Statement - STATEMENTS OF CASH FLOWS includes an inconsistent calculation. The value of the concept us-gaap:NetCashProvidedByUsedInOperatingActivities of -4,771,555  should be equal to the sum of its child components defined in the calculation linkbase. The sum of these child components is 48,795,405. The values of the addends is determined by adding the values of the child concepts.  The values reported in the financial statement in the current reporting period of 2020-10-01 to 2021-09-30 should be complete if the financial statement is to be mathematically accurate and complete. The components of us-gaap:NetCashProvidedByUsedInOperatingActivities that should add to -4,771,555 are comprised of the following:

-  	GainFromReversalOfDeferredRevenueDueToDiscontinuanceOfAirtokenProject                                                                      -12,529,824 
-  	GainOnAirTokenIssuance                                                                                                                         396,790 
+  	IncreaseDecreaseInAirTokenRefundLiability                                                                                                      -43,771 
+  	IncreaseDecreaseInOtherDeferredRevenue                                                                                                         -18,858 
+  	IncreaseDecreaseOperatingLeaseRightOfUseAssetsAndLiabilities                                                                                     8,065 
-  	InflationAdjustmentToDeferredRevenueMasterCardProgram                                                                                        1,560,768 
-  	TransferOutOfCashAndRestrictedCashAsPartOfDeconsolidation                                                                                   -6,320,023 
+  	AssetImpairmentCharges                                                                                                                       4,092,055 
+  	DepreciationAndAmortization                                                                                                                  1,213,738 
-  	IncomeLossFromContinuingOperations                                                                                                           1,292,233 
-  	IncomeLossFromDiscontinuedOperationsNetOfTax                                                                                               -10,851,961 
+  	IncreaseDecreaseInAccountsPayable                                                                                                             -301,003 
+  	IncreaseDecreaseInAccruedLiabilities                                                                                                         4,764,452 
-  	IncreaseDecreaseInDueFromRelatedParties                                                                                                     -1,400,000 
+  	IncreaseDecreaseInDueToRelatedPartiesCurrent                                                                                                10,756,899 
-  	IncreaseDecreaseInOtherOperatingAssets                                                                                                         130,664 
-  	IncreaseDecreaseInPrepaidDeferredExpenseAndOtherAssets                                                                                      -1,023,743 
-  	IncreaseDecreaseInReceivables                                                                                                                  421,268 


The addends are calculated based on the calculation linkbase defined for 00000006 - Statement - STATEMENTS OF CASH FLOWS. If addends are missing then the calculation tree should be amended. The rule will not add dimension components as the financial statement does not include a table. If dimensions are used on the statement then add a table to ensure that the dimensions are defined correctly. 


Total Element : us-gaap:NetCashProvidedByUsedInOperatingActivities
Total Value : -4,771,555 
Total period : 2020-10-01 to 2021-09-30 
Dimensions : 
Decimals of Total: 0
Unit of Total: USD
Rule Element Id:9590
Rule version: 17.0.1 - airfox_10k-093021.htm 7605",2022-03-05,ERROR,DQC,126,1766352,"Carrier EQ, LLC",2022-01-21 19:05:00,0001553350-22-000052,US GAAP 2021,Field: Set; Name: xdx; ID: xdx_06B_USD_1_iso4217%2D%2DUSD,10-K,http://www.sec.gov/Archives/edgar/data/1766352/000155335022000052/airfox_10k-093021.htm,2022-01-24,2022,413266,https://www.sec.gov/Archives/edgar/data/1766352/000155335022000052/0001553350-22-000052-index.htm,7372,10k-airfox-20210930
DQC.US.0126.9590,"2022-03-04 20:32:57,579 [DQC.US.0126.9590] The statement 00000004 - Statement - STATEMENTS OF OPERATIONS AND COMPREHENSIVE LOSS includes an inconsistent calculation. The value of the concept us-gaap:OperatingExpenses of 11,635,141  should be equal to the sum of its child components defined in the calculation linkbase. The sum of these child components is 8,635,141. The values of the addends is determined by adding the values of the child concepts.  The values reported in the financial statement in the current reporting period of 2020-10-01 to 2021-09-30 should be complete if the financial statement is to be mathematically accurate and complete. The components of us-gaap:OperatingExpenses that should add to 11,635,141 are comprised of the following:

+  	ImpairmentOfIntangibleAssetsIndefinitelivedExcludingGoodwill                                                                                 1,092,055 
+  	SellingGeneralAndAdministrativeExpense                                                                                                       7,543,086 


The addends are calculated based on the calculation linkbase defined for 00000004 - Statement - STATEMENTS OF OPERATIONS AND COMPREHENSIVE LOSS. If addends are missing then the calculation tree should be amended. The rule will not add dimension components as the financial statement does not include a table. If dimensions are used on the statement then add a table to ensure that the dimensions are defined correctly. 


Total Element : us-gaap:OperatingExpenses
Total Value : 11,635,141 
Total period : 2020-10-01 to 2021-09-30 
Dimensions : 
Decimals of Total: 0
Unit of Total: USD
Rule Element Id:9590
Rule version: 17.0.1 - airfox_10k-093021.htm 6710",2022-03-05,ERROR,DQC,126,1766352,"Carrier EQ, LLC",2022-01-21 19:05:00,0001553350-22-000052,US GAAP 2021,Field: Set; Name: xdx; ID: xdx_06B_USD_1_iso4217%2D%2DUSD,10-K,http://www.sec.gov/Archives/edgar/data/1766352/000155335022000052/airfox_10k-093021.htm,2022-01-24,2022,413266,https://www.sec.gov/Archives/edgar/data/1766352/000155335022000052/0001553350-22-000052-index.htm,7372,10k-airfox-20210930
DQC.US.0126.9590,"2022-03-09 20:10:36,329 [DQC.US.0126.9590] The statement 1005006 - Statement - Condensed Consolidated Statements Of Cash Flows includes an inconsistent calculation. The value of the concept us-gaap:CashAndCashEquivalentsPeriodIncreaseDecrease of -2,590,000,000  should be equal to the sum of its child components defined in the calculation linkbase. The sum of these child components is 5,490,000,000. The values of the addends is determined by adding the values of the child concepts.  The values reported in the financial statement in the current reporting period of 2021-04-01 to 2021-12-31 should be complete if the financial statement is to be mathematically accurate and complete. The components of us-gaap:CashAndCashEquivalentsPeriodIncreaseDecrease that should add to -2,590,000,000 are comprised of the following:

+  	EffectOfExchangeRateOnCashAndCashEquivalentsContinuingOperations                                                                            -5,000,000 
+  	NetCashProvidedByUsedInFinancingActivities                                                                                               1,269,000,000 
+  	NetCashProvidedByUsedInInvestingActivities                                                                                               2,771,000,000 
+  	NetCashProvidedByUsedInOperatingActivities                                                                                               1,455,000,000 


The addends are calculated based on the calculation linkbase defined for 1005006 - Statement - Condensed Consolidated Statements Of Cash Flows. If addends are missing then the calculation tree should be amended. The rule will not add dimension components as the financial statement does not include a table. If dimensions are used on the statement then add a table to ensure that the dimensions are defined correctly. 


Total Element : us-gaap:CashAndCashEquivalentsPeriodIncreaseDecrease
Total Value : -2,590,000,000 
Total period : 2021-04-01 to 2021-12-31 
Dimensions : 
Decimals of Total: -6
Unit of Total: USD
Rule Element Id:9590
Rule version: 17.0.2 - ea-20211231.htm 4",2022-03-10,ERROR,DQC,126,712515,ELECTRONIC ARTS INC.,2022-02-08 16:06:00,0000712515-22-000003,US GAAP 2021,XBRL Document Created with Wdesk from Workiva,10-Q,http://www.sec.gov/Archives/edgar/data/712515/000071251522000003/ea-20211231.htm,2022-02-08,2022,416925,https://www.sec.gov/Archives/edgar/data/712515/000071251522000003/0000712515-22-000003-index.htm,7372,10q-ea-20211231
DQC.US.0126.9590,"2022-03-09 20:10:36,329 [DQC.US.0126.9590] The statement 1005006 - Statement - Condensed Consolidated Statements Of Cash Flows includes an inconsistent calculation. The value of the concept us-gaap:NetCashProvidedByUsedInFinancingActivities of 1,269,000,000  should be equal to the sum of its child components defined in the calculation linkbase. The sum of these child components is -1,124,000,000. The values of the addends is determined by adding the values of the child concepts.  The values reported in the financial statement in the current reporting period of 2021-04-01 to 2021-12-31 should be complete if the financial statement is to be mathematically accurate and complete. The components of us-gaap:NetCashProvidedByUsedInFinancingActivities that should add to 1,269,000,000 are comprised of the following:

-  	PaymentsForRepurchaseOfCommonStock                                                                                                         975,000,000 
-  	PaymentsRelatedToTaxWithholdingForShareBasedCompensation                                                                                   193,000,000 
+  	ProceedsFromIssuanceOfSharesUnderIncentiveAndShareBasedCompensationPlansIncludingStockOptions                                               44,000,000 


The addends are calculated based on the calculation linkbase defined for 1005006 - Statement - Condensed Consolidated Statements Of Cash Flows. If addends are missing then the calculation tree should be amended. The rule will not add dimension components as the financial statement does not include a table. If dimensions are used on the statement then add a table to ensure that the dimensions are defined correctly. 


Total Element : us-gaap:NetCashProvidedByUsedInFinancingActivities
Total Value : 1,269,000,000 
Total period : 2021-04-01 to 2021-12-31 
Dimensions : 
Decimals of Total: -6
Unit of Total: USD
Rule Element Id:9590
Rule version: 17.0.2 - ea-20211231.htm 4",2022-03-10,ERROR,DQC,126,712515,ELECTRONIC ARTS INC.,2022-02-08 16:06:00,0000712515-22-000003,US GAAP 2021,XBRL Document Created with Wdesk from Workiva,10-Q,http://www.sec.gov/Archives/edgar/data/712515/000071251522000003/ea-20211231.htm,2022-02-08,2022,416925,https://www.sec.gov/Archives/edgar/data/712515/000071251522000003/0000712515-22-000003-index.htm,7372,10q-ea-20211231
DQC.US.0126.9590,"2022-03-09 20:10:36,330 [DQC.US.0126.9590] The statement 1005006 - Statement - Condensed Consolidated Statements Of Cash Flows includes an inconsistent calculation. The value of the concept us-gaap:NetCashProvidedByUsedInInvestingActivities of 2,771,000,000  should be equal to the sum of its child components defined in the calculation linkbase. The sum of these child components is -2,771,000,000. The values of the addends is determined by adding the values of the child concepts.  The values reported in the financial statement in the current reporting period of 2021-04-01 to 2021-12-31 should be complete if the financial statement is to be mathematically accurate and complete. The components of us-gaap:NetCashProvidedByUsedInInvestingActivities that should add to 2,771,000,000 are comprised of the following:

-  	PaymentsToAcquireBusinessesNetOfCashAcquired                                                                                             3,391,000,000 
-  	PaymentsToAcquireOtherPropertyPlantAndEquipment                                                                                            135,000,000 
-  	PaymentsToAcquireShortTermInvestments                                                                                                      438,000,000 
+  	ProceedsFromSaleOfShortTermInvestments                                                                                                   1,193,000,000 


The addends are calculated based on the calculation linkbase defined for 1005006 - Statement - Condensed Consolidated Statements Of Cash Flows. If addends are missing then the calculation tree should be amended. The rule will not add dimension components as the financial statement does not include a table. If dimensions are used on the statement then add a table to ensure that the dimensions are defined correctly. 


Total Element : us-gaap:NetCashProvidedByUsedInInvestingActivities
Total Value : 2,771,000,000 
Total period : 2021-04-01 to 2021-12-31 
Dimensions : 
Decimals of Total: -6
Unit of Total: USD
Rule Element Id:9590
Rule version: 17.0.2 - ea-20211231.htm 4",2022-03-10,ERROR,DQC,126,712515,ELECTRONIC ARTS INC.,2022-02-08 16:06:00,0000712515-22-000003,US GAAP 2021,XBRL Document Created with Wdesk from Workiva,10-Q,http://www.sec.gov/Archives/edgar/data/712515/000071251522000003/ea-20211231.htm,2022-02-08,2022,416925,https://www.sec.gov/Archives/edgar/data/712515/000071251522000003/0000712515-22-000003-index.htm,7372,10q-ea-20211231
DQC.US.0126.9590,"2022-02-23 00:35:10,665 [DQC.US.0126.9590] The statement 000004 - Statement - Statements of Operations (unaudited) includes an inconsistent calculation. The value of the concept us-gaap:OperatingExpenses of 22,089  should be equal to the sum of its child components defined in the calculation linkbase. The sum of these child components is 20,714. The values of the addends is determined by adding the values of the child concepts.  The values reported in the financial statement in the current reporting period of 2021-07-01 to 2021-12-31 should be complete if the financial statement is to be mathematically accurate and complete. The components of us-gaap:OperatingExpenses that should add to 22,089 are comprised of the following:

+  	GeneralAndAdministrativeExpenses                                                                                                                 1,556 
+  	ProfessionalFees                                                                                                                                18,178 
+  	ShareBasedCompensation                                                                                                                             980 


The addends are calculated based on the calculation linkbase defined for 000004 - Statement - Statements of Operations (unaudited). If addends are missing then the calculation tree should be amended. The rule will not add dimension components as the financial statement does not include a table. If dimensions are used on the statement then add a table to ensure that the dimensions are defined correctly. 


Total Element : us-gaap:OperatingExpenses
Total Value : 22,089 
Total period : 2021-07-01 to 2021-12-31 
Dimensions : 
Decimals of Total: 0
Unit of Total: USD
Rule Element Id:9590
Rule version: 17.0.0 - arrt_10q.htm 1",2022-02-23,ERROR,DQC,126,1530425,"ARTISAN CONSUMER GOODS, INC.",2022-02-22 06:31:00,0001477932-22-000969,US GAAP 2021,Document Created by XBRLMaster,10-Q,http://www.sec.gov/Archives/edgar/data/1530425/000147793222000969/arrt_10q.htm,2022-02-22,2022,435071,https://www.sec.gov/Archives/edgar/data/1530425/000147793222000969/0001477932-22-000969-index.htm,1000,10q-arrt-20211231
DQC.US.0126.9590,"2022-02-23 06:46:31,672 [DQC.US.0126.9590] The statement 100040 - Statement - Consolidated Statements of Cash Flows includes an inconsistent calculation. The value of the concept us-gaap:NetCashProvidedByUsedInOperatingActivities of 7,926,094  should be equal to the sum of its child components defined in the calculation linkbase. The sum of these child components is 7,903,544. The values of the addends is determined by adding the values of the child concepts.  The values reported in the financial statement in the current reporting period of 2020-12-01 to 2021-11-30 should be complete if the financial statement is to be mathematically accurate and complete. The components of us-gaap:NetCashProvidedByUsedInOperatingActivities that should add to 7,926,094 are comprised of the following:

+  	AmortizationOfFinancingCosts                                                                                                                    56,851 
+  	BusinessCombinationContingentConsiderationArrangementsChangeInAmountOfContingentConsiderationLiability1                                       -782,481 
+  	DeferredIncomeTaxesAndTaxCredits                                                                                                            -1,646,166 
+  	DepreciationDepletionAndAmortization                                                                                                         1,039,105 
-  	GainLossOnSaleOfPropertyPlantEquipment                                                                                                         -15,111 
+  	IncreaseDecreaseInAccountsPayable                                                                                                              532,384 
-  	IncreaseDecreaseInAccountsReceivable                                                                                                          -532,788 
+  	IncreaseDecreaseInAccruedLiabilities                                                                                                           -11,275 
+  	IncreaseDecreaseInContractWithCustomerLiability                                                                                              4,248,550 
-  	IncreaseDecreaseInInventories                                                                                                                 -210,277 
+  	IncreaseDecreaseInOperatingLeaseLiability                                                                                                     -280,837 
-  	IncreaseDecreaseInOtherCurrentAssets                                                                                                           466,512 
-  	IncreaseDecreaseInPrepaidExpense                                                                                                               -53,214 
-  	MarketableSecuritiesUnrealizedGainLoss                                                                                                         -13,064 
+  	OtherAssetImpairmentCharges                                                                                                                  1,164,499 
+  	ProfitLoss                                                                                                                                   2,083,521 
+  	ProvisionForDoubtfulAccounts                                                                                                                   536,999 
+  	ShareBasedCompensation                                                                                                                         301,616 
+  	AmortizationOfOperatingLeaseRightOfUseAsset                                                                                                    287,287 
-  	IncreaseDecreaseInDepositsAndOtherAssets                                                                                                       -15,549 


The addends are calculated based on the calculation linkbase defined for 100040 - Statement - Consolidated Statements of Cash Flows. If addends are missing then the calculation tree should be amended. The rule will not add dimension components as the financial statement does not include a table. If dimensions are used on the statement then add a table to ensure that the dimensions are defined correctly. 


Total Element : us-gaap:NetCashProvidedByUsedInOperatingActivities
Total Value : 7,926,094 
Total period : 2020-12-01 to 2021-11-30 
Dimensions : 
Decimals of Total: 0
Unit of Total: USD
Rule Element Id:9590
Rule version: 17.0.0 - ccel-20211130.htm 2184",2022-02-23,ERROR,DQC,126,862692,"CRYO-CELL INTERNATIONAL, INC.",2022-02-22 17:01:00,0000950170-22-001637,US GAAP 2021,DFIN New ActiveDisclosure (SM) Inline XBRL Document - http://www.dfinsolutions.com/,10-K,http://www.sec.gov/Archives/edgar/data/862692/000095017022001637/ccel-20211130.htm,2022-02-22,2022,435556,https://www.sec.gov/Archives/edgar/data/862692/000095017022001637/0000950170-22-001637-index.htm,8090,10k-ccel-20211130
DQC.US.0126.9590,"2022-02-23 06:53:06,905 [DQC.US.0126.9590] The statement 000006 - Statement - Condensed Statements of Cash Flows (Unaudited) includes an inconsistent calculation. The value of the concept us-gaap:NetCashProvidedByUsedInOperatingActivities of 41,260  should be equal to the sum of its child components defined in the calculation linkbase. The sum of these child components is -41,260. The values of the addends is determined by adding the values of the child concepts.  The values reported in the financial statement in the current reporting period of 2021-07-01 to 2021-12-31 should be complete if the financial statement is to be mathematically accurate and complete. The components of us-gaap:NetCashProvidedByUsedInOperatingActivities that should add to 41,260 are comprised of the following:

-  	IncreaseDecreaseInAccountsAndOtherReceivables                                                                                                   55,918 
-  	NetIncomeLoss                                                                                                                               -1,079,658 
-  	RepaymentsOfNotesPayable                                                                                                                     1,000,000 
-  	IncreasedecreaseinaccountsPayableAndAccruedExpensesRelatedParty                                                                                 65,000 


The addends are calculated based on the calculation linkbase defined for 000006 - Statement - Condensed Statements of Cash Flows (Unaudited). If addends are missing then the calculation tree should be amended. The rule will not add dimension components as the financial statement does not include a table. If dimensions are used on the statement then add a table to ensure that the dimensions are defined correctly. 


Total Element : us-gaap:NetCashProvidedByUsedInOperatingActivities
Total Value : 41,260 
Total period : 2021-07-01 to 2021-12-31 
Dimensions : 
Decimals of Total: 0
Unit of Total: USD
Rule Element Id:9590
Rule version: 17.0.0 - thcc_10q.htm 1",2022-02-23,ERROR,DQC,126,1441082,THE HEALING COMPANY INC.,2022-02-22 17:17:00,0001477932-22-001015,US GAAP 2021,Document Created by XBRLMaster,10-Q,http://www.sec.gov/Archives/edgar/data/1441082/000147793222001015/thcc_10q.htm,2022-02-22,2022,435565,https://www.sec.gov/Archives/edgar/data/1441082/000147793222001015/0001477932-22-001015-index.htm,1000,10q-thcc-20211231
DQC.US.0126.9590,"2022-02-23 18:16:01,584 [DQC.US.0126.9590] The statement 100110 - Statement - Consolidated Statements of Cash Flows includes an inconsistent calculation. The value of the concept us-gaap:NetCashProvidedByUsedInFinancingActivities of -102,171,000  should be equal to the sum of its child components defined in the calculation linkbase. The sum of these child components is -78,385,000. The values of the addends is determined by adding the values of the child concepts.  The values reported in the financial statement in the current reporting period of 2021-01-01 to 2021-12-31 should be complete if the financial statement is to be mathematically accurate and complete. The components of us-gaap:NetCashProvidedByUsedInFinancingActivities that should add to -102,171,000 are comprised of the following:

-  	PaymentsOfFinancingCosts                                                                                                                       937,000 
-  	PaymentsRelatedToTaxWithholdingForShareBasedCompensation                                                                                     1,568,000 
+  	ProceedsFromContributionsFromParent                                                                                                                  0 
+  	ProceedsFromIssuanceInitialPublicOffering                                                                                                  259,254,000 
+  	ProceedsFromIssuanceOfCommonStock                                                                                                                    0 
+  	ProceedsFromIssuanceOfLongTermDebtAndCapitalSecuritiesNet                                                                                  493,090,000 
-  	RepaymentsOfLongTermDebt                                                                                                                   839,187,000 
+  	DistributionToStockholders                                                                                                                    -930,000 
-  	TermLoanPrepaymentPremium                                                                                                                  -11,893,000 


The addends are calculated based on the calculation linkbase defined for 100110 - Statement - Consolidated Statements of Cash Flows. If addends are missing then the calculation tree should be amended. The rule will not add dimension components as the financial statement does not include a table. If dimensions are used on the statement then add a table to ensure that the dimensions are defined correctly. 


Total Element : us-gaap:NetCashProvidedByUsedInFinancingActivities
Total Value : -102,171,000 
Total period : 2021-01-01 to 2021-12-31 
Dimensions : 
Decimals of Total: -3
Unit of Total: USD
Rule Element Id:9590
Rule version: 17.0.0 - inst-20211231.htm 9077",2022-02-23,ERROR,DQC,126,1841804,"INSTRUCTURE HOLDINGS, INC.",2022-02-23 16:07:00,0000950170-22-001776,US GAAP 2021,DFIN New ActiveDisclosure (SM) Inline XBRL Document - http://www.dfinsolutions.com/,10-K,http://www.sec.gov/Archives/edgar/data/1841804/000095017022001776/inst-20211231.htm,2022-02-23,2022,435945,https://www.sec.gov/Archives/edgar/data/1841804/000095017022001776/0000950170-22-001776-index.htm,7372,10k-inst-20211231
DQC.US.0126.9590,"2022-02-24 20:34:22,743 [DQC.US.0126.9590] The statement 100070 - Statement - Consolidated Statements of Cash Flows includes an inconsistent calculation. The value of the concept us-gaap:NetCashProvidedByUsedInOperatingActivities of -105,060,000  should be equal to the sum of its child components defined in the calculation linkbase. The sum of these child components is 10,788,000. The values of the addends is determined by adding the values of the child concepts.  The values reported in the financial statement in the current reporting period of 2021-01-01 to 2021-12-31 should be complete if the financial statement is to be mathematically accurate and complete. The components of us-gaap:NetCashProvidedByUsedInOperatingActivities that should add to -105,060,000 are comprised of the following:

-  	AccretionAmortizationOfDiscountsAndPremiumsInvestments                                                                                      -2,270,000 
+  	AmortizationOfFinancingCosts                                                                                                                   187,000 
+  	CapitalizedContractCostAmortization                                                                                                         26,697,000 
+  	DeferredIncomeTaxExpenseBenefit                                                                                                              1,335,000 
+  	DepreciationAndAmortization                                                                                                                  3,632,000 
+  	IncreaseDecreaseInAccountsPayable                                                                                                            6,143,000 
-  	IncreaseDecreaseInAccountsReceivable                                                                                                        32,516,000 
+  	IncreaseDecreaseInAccruedLiabilitiesAndOtherOperatingLiabilities                                                                            61,132,000 
+  	IncreaseDecreaseInContractWithCustomerLiability                                                                                             87,285,000 
-  	IncreaseDecreaseInPrepaidDeferredExpenseAndOtherAssets                                                                                      31,366,000 
+  	NetIncomeLoss                                                                                                                             -342,801,000 
+  	NoncashContributionExpense                                                                                                                  13,290,000 
+  	OperatingLeaseRightOfUseAssetAmortizationExpense                                                                                            10,990,000 
-  	OtherNoncashIncomeExpense                                                                                                                   -1,828,000 
+  	ShareBasedCompensation                                                                                                                     155,624,000 
-  	IncreaseDecreaseInCapitalizedContractCost                                                                                                  -57,924,000 
+  	IncreaseDecreaseInOperatingLeaseLiabilities                                                                                                -10,866,000 


The addends are calculated based on the calculation linkbase defined for 100070 - Statement - Consolidated Statements of Cash Flows. If addends are missing then the calculation tree should be amended. The rule will not add dimension components as the financial statement does not include a table. If dimensions are used on the statement then add a table to ensure that the dimensions are defined correctly. 


Total Element : us-gaap:NetCashProvidedByUsedInOperatingActivities
Total Value : -105,060,000 
Total period : 2021-01-01 to 2021-12-31 
Dimensions : 
Decimals of Total: -3
Unit of Total: USD
Rule Element Id:9590
Rule version: 17.0.0 - cflt-20211231.htm 6603",2022-02-25,ERROR,DQC,126,1699838,"CONFLUENT, INC.",2022-02-24 17:21:00,0000950170-22-002008,US GAAP 2021,DFIN New ActiveDisclosure (SM) Inline XBRL Document - http://www.dfinsolutions.com/,10-K,http://www.sec.gov/Archives/edgar/data/1699838/000095017022002008/cflt-20211231.htm,2022-02-24,2022,439093,https://www.sec.gov/Archives/edgar/data/1699838/000095017022002008/0000950170-22-002008-index.htm,7372,10k-cflt-20211231
DQC.US.0126.9590,"2022-02-25 15:16:58,406 [DQC.US.0126.9590] The statement 100080 - Statement - CONSOLIDATED STATEMENTS OF CASH FLOWS includes an inconsistent calculation. The value of the concept us-gaap:NetCashProvidedByUsedInOperatingActivities of 87,123,000  should be equal to the sum of its child components defined in the calculation linkbase. The sum of these child components is -122,705,000. The values of the addends is determined by adding the values of the child concepts.  The values reported in the financial statement in the current reporting period of 2021-01-01 to 2021-12-31 should be complete if the financial statement is to be mathematically accurate and complete. The components of us-gaap:NetCashProvidedByUsedInOperatingActivities that should add to 87,123,000 are comprised of the following:

-  	DebtAndEquitySecuritiesRealizedGainLoss                                                                                                      2,469,000 
-  	DebtAndEquitySecuritiesUnrealizedGainLoss                                                                                                   39,232,000 
+  	DeferredIncomeTaxExpenseBenefit                                                                                                              3,649,000 
+  	DepreciationDepletionAndAmortization                                                                                                        11,298,000 
-  	GainsLossesOnExtinguishmentOfDebt                                                                                                          -18,237,000 
-  	IncomeLossFromContinuingOperations                                                                                                         107,376,000 
-  	IncomeLossFromDiscontinuedOperationsNetOfTax                                                                                                -2,462,000 
+  	IncreaseDecreaseInAccountsPayable                                                                                                             -951,000 
-  	IncreaseDecreaseInAccountsReceivable                                                                                                        36,749,000 
+  	IncreaseDecreaseInContractWithCustomerLiability                                                                                             -1,089,000 
+  	IncreaseDecreaseInEmployeeRelatedLiabilities                                                                                                 2,876,000 
+  	IncreaseDecreaseInIncomeTaxesPayableNetOfIncomeTaxesReceivable                                                                               7,901,000 
-  	IncreaseDecreaseInOtherCurrentAssets                                                                                                         1,549,000 
+  	IncreaseDecreaseInOtherCurrentLiabilities                                                                                                    5,342,000 
+  	OtherOperatingActivitiesCashFlowStatement                                                                                                    2,678,000 
+  	ShareBasedCompensation                                                                                                                      10,060,000 
+  	AmortizationAndWriteOffOfDebtDiscountPremium                                                                                                 1,861,000 
+  	AmortizationAndWriteOffOfDeferredLoanCosts                                                                                                   2,973,000 
-  	UnrealizedGainLossOnCashFlowHedgingInstrumentsDiscontinuedOperations                                                                         2,627,000 


The addends are calculated based on the calculation linkbase defined for 100080 - Statement - CONSOLIDATED STATEMENTS OF CASH FLOWS. If addends are missing then the calculation tree should be amended. The rule will not add dimension components as the financial statement does not include a table. If dimensions are used on the statement then add a table to ensure that the dimensions are defined correctly. 


Total Element : us-gaap:NetCashProvidedByUsedInOperatingActivities
Total Value : 87,123,000 
Total period : 2021-01-01 to 2021-12-31 
Dimensions : 
Decimals of Total: -3
Unit of Total: USD
Rule Element Id:9590
Rule version: 17.0.0 - tvty-10k_20211231.htm 11473",2022-02-25,ERROR,DQC,126,704415,"TIVITY HEALTH, INC.",2022-02-25 14:31:00,0001564590-22-007093,US GAAP 2021,DFIN ActiveDisclosure(SM) Inline XBRL Document - http://www.dfinsolutions.com/,10-K,http://www.sec.gov/Archives/edgar/data/704415/000156459022007093/tvty-10k_20211231.htm,2022-02-25,2022,443147,https://www.sec.gov/Archives/edgar/data/704415/000156459022007093/0001564590-22-007093-index.htm,8090,10k-tvty-20211231
DQC.US.0126.9590,"2022-03-03 13:46:28,493 [DQC.US.0126.9590] The statement 100080010 - Statement - CONSOLIDATED STATEMENTS OF CASH FLOWS includes an inconsistent calculation. The value of the concept nmrk:NetIncomeLossAfterAdjustmentsForNonCashAndNonoperatingItems of -300,897,000  should be equal to the sum of its child components defined in the calculation linkbase. The sum of these child components is 1,655,371,000. The values of the addends is determined by adding the values of the child concepts.  The values reported in the financial statement in the current reporting period of 2021-01-01 to 2021-12-31 should be complete if the financial statement is to be mathematically accurate and complete. The components of nmrk:NetIncomeLossAfterAdjustmentsForNonCashAndNonoperatingItems that should add to -300,897,000 are comprised of the following:

-  	AdjustmentForAmortization                                                                                                                   79,418,000 
-  	DeferredIncomeTaxExpenseBenefit                                                                                                            118,649,000 
-  	DepreciationAndAmortization                                                                                                                121,729,000 
+  	IncomeLossFromEquityMethodInvestments                                                                                                                0 
+  	MarketableSecuritiesRealizedGainLoss                                                                                                        24,468,000 
+  	MarketableSecuritiesUnrealizedGainLoss                                                                                                      77,266,000 
-  	OtherOperatingActivitiesCashFlowStatement                                                                                                    3,610,000 
+  	PaymentsForOriginationOfMortgageLoansHeldForSale                                                                                         9,142,148,000 
-  	ProceedsFromSaleOfMortgageLoansHeldForSale                                                                                               9,177,733,000 
+  	ProfitLoss                                                                                                                                 978,134,000 
-  	ProvisionForDoubtfulAccounts                                                                                                                 6,338,000 
+  	UnrealizedGainLossOnDerivatives                                                                                                            -12,475,000 
+  	UnrealizedGainLossOnInvestments                                                                                                             27,825,000 
-  	EquityBasedCompensationAndAllocationOfNetIncomeToLimitedPartnershipUnitsAndFPUs                                                            356,345,000 
+  	GainOnOriginatedMortgageServicingRights                                                                                                    147,789,000 
+  	NasdaqEarnout                                                                                                                            1,108,012,000 
-  	NoncashChangesInAcquisitionEarnouts                                                                                                            415,000 
-  	ProvisionReversalForCreditLossesSharingGuarantee                                                                                            -3,592,000 
+  	RealizedGainLossOnNonMarketableInvestments                                                                                                   1,590,000 
+  	UnrealizedGainsLossOnLoansHeldForSale                                                                                                       21,259,000 


The addends are calculated based on the calculation linkbase defined for 100080010 - Statement - CONSOLIDATED STATEMENTS OF CASH FLOWS. If addends are missing then the calculation tree should be amended. The rule will not add dimension components as the financial statement does not include a table. If dimensions are used on the statement then add a table to ensure that the dimensions are defined correctly. 


Total Element : nmrk:NetIncomeLossAfterAdjustmentsForNonCashAndNonoperatingItems
Total Value : -300,897,000 
Total period : 2021-01-01 to 2021-12-31 
Dimensions : 
Decimals of Total: -3
Unit of Total: USD
Rule Element Id:9590
Rule version: 17.0.1 - nmrk-20211231.htm 4",2022-03-03,ERROR,DQC,126,1690680,"Newmark Group, Inc.",2022-02-28 17:46:00,0001690680-22-000011,US GAAP 2021,XBRL Document Created with Wdesk from Workiva,10-K,http://www.sec.gov/Archives/edgar/data/1690680/000169068022000011/nmrk-20211231.htm,2022-03-01,2022,448165,https://www.sec.gov/Archives/edgar/data/1690680/000169068022000011/0001690680-22-000011-index.htm,6531,10k-nmrk-20211231
DQC.US.0126.9590,"2022-03-03 17:47:14,835 [DQC.US.0126.9590] The statement 100010 - Statement - Condensed Consolidated Balance Sheets (Unaudited) includes an inconsistent calculation. The value of the concept us-gaap:StockholdersEquity of 741,513,000  should be equal to the sum of its child components defined in the calculation linkbase. The sum of these child components is 742,017,000. The values of the addends is determined by adding the values of the child concepts.  The values reported in the financial statement in the current reporting period of 2021-12-31 should be complete if the financial statement is to be mathematically accurate and complete. The components of us-gaap:StockholdersEquity that should add to 741,513,000 are comprised of the following:

+  	AccumulatedOtherComprehensiveIncomeLossNetOfTax                                                                                                252,000 
+  	AdditionalPaidInCapital                                                                                                                  1,235,231,000 
+  	CommonStockValue                                                                                                                                 1,000 
+  	PreferredStockValue                                                                                                                                  0 
+  	RetainedEarningsAccumulatedDeficit                                                                                                        -488,766,000 
-  	TreasuryStockValue                                                                                                                           4,701,000 


The addends are calculated based on the calculation linkbase defined for 100010 - Statement - Condensed Consolidated Balance Sheets (Unaudited). If addends are missing then the calculation tree should be amended. The rule will not add dimension components as the financial statement does not include a table. If dimensions are used on the statement then add a table to ensure that the dimensions are defined correctly. 


Total Element : us-gaap:StockholdersEquity
Total Value : 741,513,000 
Total period : 2021-12-31 
Dimensions : 
Decimals of Total: -3
Unit of Total: USD
Rule Element Id:9590
Rule version: 17.0.1 - cour-20211231.htm 7615",2022-03-03,ERROR,DQC,126,1651562,"COURSERA, INC.",2022-03-03 16:18:00,0000950170-22-002807,US GAAP 2021,DFIN New ActiveDisclosure (SM) Inline XBRL Document - http://www.dfinsolutions.com/,10-K,http://www.sec.gov/Archives/edgar/data/1651562/000095017022002807/cour-20211231.htm,2022-03-03,2022,449669,https://www.sec.gov/Archives/edgar/data/1651562/000095017022002807/0000950170-22-002807-index.htm,7372,10k-cour-20211231
DQC.US.0126.9590,"2022-03-04 06:33:27,427 [DQC.US.0126.9590] The statement 100010 - Statement - Consolidated Balance Sheets includes an inconsistent calculation. The value of the concept us-gaap:LiabilitiesAndStockholdersEquity of 260,841,000  should be equal to the sum of its child components defined in the calculation linkbase. The sum of these child components is 181,648,000. The values of the addends is determined by adding the values of the child concepts.  The values reported in the financial statement in the current reporting period of 2021-12-31 should be complete if the financial statement is to be mathematically accurate and complete. The components of us-gaap:LiabilitiesAndStockholdersEquity that should add to 260,841,000 are comprised of the following:

+  	CommitmentsAndContingencies                                                                                                                          0 
+  	Liabilities                                                                                                                                257,965,000 
+  	StockholdersEquity                                                                                                                         -76,317,000 


The addends are calculated based on the calculation linkbase defined for 100010 - Statement - Consolidated Balance Sheets. If addends are missing then the calculation tree should be amended. The rule will not add dimension components as the financial statement does not include a table. If dimensions are used on the statement then add a table to ensure that the dimensions are defined correctly. 


Total Element : us-gaap:LiabilitiesAndStockholdersEquity
Total Value : 260,841,000 
Total period : 2021-12-31 
Dimensions : 
Decimals of Total: -3
Unit of Total: USD
Rule Element Id:9590
Rule version: 17.0.1 - bnft-10k_20211231.htm 16085",2022-03-04,ERROR,DQC,126,1576169,"BENEFITFOCUS, INC.",2022-03-03 19:40:00,0001564590-22-008597,US GAAP 2021,DFIN ActiveDisclosure(SM) Inline XBRL Document - http://www.dfinsolutions.com/,10-K,http://www.sec.gov/Archives/edgar/data/1576169/000156459022008597/bnft-10k_20211231.htm,2022-03-04,2022,449765,https://www.sec.gov/Archives/edgar/data/1576169/000156459022008597/0001564590-22-008597-index.htm,7372,10k-bnft-20211231
DQC.US.0126.9590,"2022-03-04 06:33:27,427 [DQC.US.0126.9590] The statement 100010 - Statement - Consolidated Balance Sheets includes an inconsistent calculation. The value of the concept us-gaap:StockholdersEquity of -76,317,000  should be equal to the sum of its child components defined in the calculation linkbase. The sum of these child components is 2,876,000. The values of the addends is determined by adding the values of the child concepts.  The values reported in the financial statement in the current reporting period of 2021-12-31 should be complete if the financial statement is to be mathematically accurate and complete. The components of us-gaap:StockholdersEquity that should add to -76,317,000 are comprised of the following:

+  	AdditionalPaidInCapitalCommonStock                                                                                                         431,874,000 
+  	CommonStockValue                                                                                                                                33,000 
+  	RetainedEarningsAccumulatedDeficit                                                                                                        -508,224,000 
+  	TemporaryEquityCarryingAmountAttributableToParent                                                                                           79,193,000 


The addends are calculated based on the calculation linkbase defined for 100010 - Statement - Consolidated Balance Sheets. If addends are missing then the calculation tree should be amended. The rule will not add dimension components as the financial statement does not include a table. If dimensions are used on the statement then add a table to ensure that the dimensions are defined correctly. 


Total Element : us-gaap:StockholdersEquity
Total Value : -76,317,000 
Total period : 2021-12-31 
Dimensions : 
Decimals of Total: -3
Unit of Total: USD
Rule Element Id:9590
Rule version: 17.0.1 - bnft-10k_20211231.htm 16065",2022-03-04,ERROR,DQC,126,1576169,"BENEFITFOCUS, INC.",2022-03-03 19:40:00,0001564590-22-008597,US GAAP 2021,DFIN ActiveDisclosure(SM) Inline XBRL Document - http://www.dfinsolutions.com/,10-K,http://www.sec.gov/Archives/edgar/data/1576169/000156459022008597/bnft-10k_20211231.htm,2022-03-04,2022,449765,https://www.sec.gov/Archives/edgar/data/1576169/000156459022008597/0001564590-22-008597-index.htm,7372,10k-bnft-20211231
DQC.US.0126.9590,"2022-03-07 16:45:42,287 [DQC.US.0126.9590] The statement 100070 - Statement - Consolidated Statements of Operations includes an inconsistent calculation. The value of the concept us-gaap:NonoperatingIncomeExpense of -13,136,000  should be equal to the sum of its child components defined in the calculation linkbase. The sum of these child components is -18,064,000. The values of the addends is determined by adding the values of the child concepts.  The values reported in the financial statement in the current reporting period of 2021-01-01 to 2021-12-31 should be complete if the financial statement is to be mathematically accurate and complete. The components of us-gaap:NonoperatingIncomeExpense that should add to -13,136,000 are comprised of the following:

-  	FairValueAdjustmentOfWarrants                                                                                                                2,464,000 
-  	InterestExpense                                                                                                                             15,848,000 
+  	OtherNonoperatingIncomeExpense                                                                                                                 248,000 


The addends are calculated based on the calculation linkbase defined for 100070 - Statement - Consolidated Statements of Operations. If addends are missing then the calculation tree should be amended. The rule will not add dimension components as the financial statement does not include a table. If dimensions are used on the statement then add a table to ensure that the dimensions are defined correctly. 


Total Element : us-gaap:NonoperatingIncomeExpense
Total Value : -13,136,000 
Total period : 2021-01-01 to 2021-12-31 
Dimensions : 
Decimals of Total: -3
Unit of Total: USD
Rule Element Id:9590
Rule version: 17.0.1 - opad-20211231.htm 3350",2022-03-07,ERROR,DQC,126,1825024,Offerpad Solutions Inc.,2022-03-07 16:09:00,0000950170-22-002999,US GAAP 2021,DFIN New ActiveDisclosure (SM) Inline XBRL Document - http://www.dfinsolutions.com/,10-K,http://www.sec.gov/Archives/edgar/data/1825024/000095017022002999/opad-20211231.htm,2022-03-07,2022,450341,https://www.sec.gov/Archives/edgar/data/1825024/000095017022002999/0000950170-22-002999-index.htm,6531,10k-opad-20211231
DQC.US.0126.9590,"2022-03-07 17:00:45,493 [DQC.US.0126.9590] The statement 100060 - Statement - Consolidated Statements of Cash Flows includes an inconsistent calculation. The value of the concept us-gaap:NetCashProvidedByUsedInFinancingActivities of 2,874,000  should be equal to the sum of its child components defined in the calculation linkbase. The sum of these child components is -1,102,512,000. The values of the addends is determined by adding the values of the child concepts.  The values reported in the financial statement in the current reporting period of 2021-01-01 to 2021-12-31 should be complete if the financial statement is to be mathematically accurate and complete. The components of us-gaap:NetCashProvidedByUsedInFinancingActivities that should add to 2,874,000 are comprised of the following:

-  	PaymentsForRepurchaseOfCommonStock                                                                                                             230,000 
-  	PaymentsOfStockIssuanceCosts                                                                                                                30,760,000 
+  	ProceedsFromStockOptionsExercised                                                                                                              522,000 
-  	RepaymentsOfLinesOfCredit                                                                                                                   13,400,000 
-  	RepaymentsOfMediumTermNotes                                                                                                                505,951,000 
-  	ProceedsFromRecapitalization                                                                                                               552,693,000 


The addends are calculated based on the calculation linkbase defined for 100060 - Statement - Consolidated Statements of Cash Flows. If addends are missing then the calculation tree should be amended. The rule will not add dimension components as the financial statement does not include a table. If dimensions are used on the statement then add a table to ensure that the dimensions are defined correctly. 


Total Element : us-gaap:NetCashProvidedByUsedInFinancingActivities
Total Value : 2,874,000 
Total period : 2021-01-01 to 2021-12-31 
Dimensions : 
Decimals of Total: -3
Unit of Total: USD
Rule Element Id:9590
Rule version: 17.0.1 - cvt-20211231.htm 7462",2022-03-07,ERROR,DQC,126,1827075,CVENT HOLDING CORP.,2022-03-07 16:28:00,0000950170-22-003009,US GAAP 2021,DFIN New ActiveDisclosure (SM) Inline XBRL Document - http://www.dfinsolutions.com/,10-K,http://www.sec.gov/Archives/edgar/data/1827075/000095017022003009/cvt-20211231.htm,2022-03-07,2022,450376,https://www.sec.gov/Archives/edgar/data/1827075/000095017022003009/0000950170-22-003009-index.htm,7372,10k-cvt-20211231
DQC.US.0126.9590,"2022-03-07 17:00:45,493 [DQC.US.0126.9590] The statement 100060 - Statement - Consolidated Statements of Cash Flows includes an inconsistent calculation. The value of the concept us-gaap:NetCashProvidedByUsedInInvestingActivities of -60,838,000  should be equal to the sum of its child components defined in the calculation linkbase. The sum of these child components is -31,300,000. The values of the addends is determined by adding the values of the child concepts.  The values reported in the financial statement in the current reporting period of 2021-01-01 to 2021-12-31 should be complete if the financial statement is to be mathematically accurate and complete. The components of us-gaap:NetCashProvidedByUsedInInvestingActivities that should add to -60,838,000 are comprised of the following:

-  	PaymentsForSoftware                                                                                                                         40,978,000 
-  	PaymentsToAcquireBusinessesNetOfCashAcquired                                                                                               -14,769,000 
-  	PaymentsToAcquirePropertyPlantAndEquipment                                                                                                   4,675,000 
-  	PaymentsToAcquireShortTermInvestments                                                                                                       35,727,000 
+  	ProceedsFromDivestitureOfBusinesses                                                                                                            122,000 
+  	ProceedsFromMaturitiesPrepaymentsAndCallsOfShorttermInvestments                                                                             35,189,000 


The addends are calculated based on the calculation linkbase defined for 100060 - Statement - Consolidated Statements of Cash Flows. If addends are missing then the calculation tree should be amended. The rule will not add dimension components as the financial statement does not include a table. If dimensions are used on the statement then add a table to ensure that the dimensions are defined correctly. 


Total Element : us-gaap:NetCashProvidedByUsedInInvestingActivities
Total Value : -60,838,000 
Total period : 2021-01-01 to 2021-12-31 
Dimensions : 
Decimals of Total: -3
Unit of Total: USD
Rule Element Id:9590
Rule version: 17.0.1 - cvt-20211231.htm 7330",2022-03-07,ERROR,DQC,126,1827075,CVENT HOLDING CORP.,2022-03-07 16:28:00,0000950170-22-003009,US GAAP 2021,DFIN New ActiveDisclosure (SM) Inline XBRL Document - http://www.dfinsolutions.com/,10-K,http://www.sec.gov/Archives/edgar/data/1827075/000095017022003009/cvt-20211231.htm,2022-03-07,2022,450376,https://www.sec.gov/Archives/edgar/data/1827075/000095017022003009/0000950170-22-003009-index.htm,7372,10k-cvt-20211231
DQC.US.0126.9590,"2022-03-07 17:00:45,494 [DQC.US.0126.9590] The statement 100060 - Statement - Consolidated Statements of Cash Flows includes an inconsistent calculation. The value of the concept us-gaap:NetCashProvidedByUsedInOperatingActivities of 122,196,000  should be equal to the sum of its child components defined in the calculation linkbase. The sum of these child components is 95,552,000. The values of the addends is determined by adding the values of the child concepts.  The values reported in the financial statement in the current reporting period of 2021-01-01 to 2021-12-31 should be complete if the financial statement is to be mathematically accurate and complete. The components of us-gaap:NetCashProvidedByUsedInOperatingActivities that should add to 122,196,000 are comprised of the following:

+  	AmortizationOfDeferredSalesCommissions                                                                                                      29,280,000 
+  	AmortizationOfFinancingCostsAndDiscounts                                                                                                     3,606,000 
+  	DeferredOtherTaxExpenseBenefit                                                                                                                -596,000 
+  	DepreciationAndAmortization                                                                                                                124,347,000 
-  	ForeignCurrencyTransactionGainLossUnrealized                                                                                                   153,000 
-  	GainsLossesOnExtinguishmentOfDebt                                                                                                           -7,159,000 
-  	IncreaseDecreaseInAccountsReceivable                                                                                                        19,966,000 
+  	IncreaseDecreaseInDeferredRevenue                                                                                                           33,029,000 
+  	IncreaseDecreaseInOperatingLeaseLiability                                                                                                  -11,933,000 
-  	IncreaseDecreaseInPrepaidDeferredExpenseAndOtherAssets                                                                                      -6,797,000 
+  	NetIncomeLoss                                                                                                                              -86,079,000 
+  	OperatingLeaseRightOfUseAssetAmortizationExpense                                                                                             8,363,000 
+  	ProvisionForDoubtfulAccounts                                                                                                                 8,316,000 
+  	ShareBasedCompensation                                                                                                                      25,056,000 
+  	IncreaseDecreaseInAccountsPayableAccruedExpensesAndOtherLiabilities                                                                          1,961,000 
+  	IncreaseDecreaseInCapitalizedCommissionsNet                                                                                                -33,635,000 


The addends are calculated based on the calculation linkbase defined for 100060 - Statement - Consolidated Statements of Cash Flows. If addends are missing then the calculation tree should be amended. The rule will not add dimension components as the financial statement does not include a table. If dimensions are used on the statement then add a table to ensure that the dimensions are defined correctly. 


Total Element : us-gaap:NetCashProvidedByUsedInOperatingActivities
Total Value : 122,196,000 
Total period : 2021-01-01 to 2021-12-31 
Dimensions : 
Decimals of Total: -3
Unit of Total: USD
Rule Element Id:9590
Rule version: 17.0.1 - cvt-20211231.htm 7213",2022-03-07,ERROR,DQC,126,1827075,CVENT HOLDING CORP.,2022-03-07 16:28:00,0000950170-22-003009,US GAAP 2021,DFIN New ActiveDisclosure (SM) Inline XBRL Document - http://www.dfinsolutions.com/,10-K,http://www.sec.gov/Archives/edgar/data/1827075/000095017022003009/cvt-20211231.htm,2022-03-07,2022,450376,https://www.sec.gov/Archives/edgar/data/1827075/000095017022003009/0000950170-22-003009-index.htm,7372,10k-cvt-20211231
DQC.US.0126.9590,"2022-03-09 21:06:54,900 [DQC.US.0126.9590] The statement 000006 - Statement - Consolidated Statements of Cash Flow (Unaudited) includes an inconsistent calculation. The value of the concept us-gaap:NetCashProvidedByUsedInInvestingActivities of -3,395,318  should be equal to the sum of its child components defined in the calculation linkbase. The sum of these child components is 3,395,318. The values of the addends is determined by adding the values of the child concepts.  The values reported in the financial statement in the current reporting period of 2021-11-01 to 2022-01-31 should be complete if the financial statement is to be mathematically accurate and complete. The components of us-gaap:NetCashProvidedByUsedInInvestingActivities that should add to -3,395,318 are comprised of the following:

-  	CashPaidForPurchaseOfFixedAssets                                                                                                                -5,992 
-  	CashPaidForPurchaseOfIntangibleAssets                                                                                                          -47,873 
-  	CashPaidForPurchaseOfRkings                                                                                                                 -3,341,453 
+  	CashReceivedFromInvestmentInGlobalTechnologyGroupPtyLtdRelatedParty                                                                                  0 


The addends are calculated based on the calculation linkbase defined for 000006 - Statement - Consolidated Statements of Cash Flow (Unaudited). If addends are missing then the calculation tree should be amended. The rule will not add dimension components as the financial statement does not include a table. If dimensions are used on the statement then add a table to ensure that the dimensions are defined correctly. 


Total Element : us-gaap:NetCashProvidedByUsedInInvestingActivities
Total Value : -3,395,318 
Total period : 2021-11-01 to 2022-01-31 
Dimensions : 
Decimals of Total: 0
Unit of Total: USD
Rule Element Id:9590
Rule version: 17.0.2 - gmgi_10q.htm 1",2022-03-10,ERROR,DQC,126,1437925,"GOLDEN MATRIX GROUP, INC.",2022-03-08 13:52:00,0001477932-22-001246,US GAAP 2021,Document Created by XBRLMaster,10-Q,http://www.sec.gov/Archives/edgar/data/1437925/000147793222001246/gmgi_10q.htm,2022-03-08,2022,450612,https://www.sec.gov/Archives/edgar/data/1437925/000147793222001246/0001477932-22-001246-index.htm,7372,10q-gmgi-20220131
DQC.US.0126.9590,"2022-03-09 21:06:54,900 [DQC.US.0126.9590] The statement 000006 - Statement - Consolidated Statements of Cash Flow (Unaudited) includes an inconsistent calculation. The value of the concept us-gaap:NetCashProvidedByUsedInOperatingActivities of 1,841,399  should be equal to the sum of its child components defined in the calculation linkbase. The sum of these child components is -1,028,141. The values of the addends is determined by adding the values of the child concepts.  The values reported in the financial statement in the current reporting period of 2021-11-01 to 2022-01-31 should be complete if the financial statement is to be mathematically accurate and complete. The components of us-gaap:NetCashProvidedByUsedInOperatingActivities that should add to 1,841,399 are comprised of the following:

+  	AdjustmentForAmortization                                                                                                                       94,169 
+  	DeferredRevenuePeriodIncreaseDecrease                                                                                                          122,634 
+  	IncreaseDecreaseInAccountsPayableAndAccruedLiabilities                                                                                         126,983 
-  	IncreaseDecreaseInAccountsReceivable                                                                                                            39,998 
-  	IncreaseDecreaseInAccountsReceivableRelatedParties                                                                                               4,378 
+  	IncreaseDecreaseInAccruedTaxesPayable                                                                                                           75,404 
+  	IncreaseDecreaseInDeposits                                                                                                                       7,830 
-  	IncreaseDecreaseInInventories                                                                                                                   36,352 
-  	IncreaseDecreaseInOtherOperatingAssets                                                                                                          24,100 
+  	IncreaseDecreaseInOtherOperatingLiabilities                                                                                                    -22,923 
-  	IncreaseDecreaseInPrepaidExpense                                                                                                                  -950 
+  	InterestCostsIncurred                                                                                                                                0 
-  	NetIncomeLoss                                                                                                                                  413,671 
+  	ShareBasedCompensation                                                                                                                               0 
+  	DepreciationOfPropertyPlantAndEquipment                                                                                                          2,532 
-  	FairValueOfSharesIssuedForServices                                                                                                               6,000 
-  	FairValueOfStockOptionIssuedForServices                                                                                                        137,931 
-  	IncreaseDecreaseInAccountsReceivableRelatedParty                                                                                               773,290 


The addends are calculated based on the calculation linkbase defined for 000006 - Statement - Consolidated Statements of Cash Flow (Unaudited). If addends are missing then the calculation tree should be amended. The rule will not add dimension components as the financial statement does not include a table. If dimensions are used on the statement then add a table to ensure that the dimensions are defined correctly. 


Total Element : us-gaap:NetCashProvidedByUsedInOperatingActivities
Total Value : 1,841,399 
Total period : 2021-11-01 to 2022-01-31 
Dimensions : 
Decimals of Total: 0
Unit of Total: USD
Rule Element Id:9590
Rule version: 17.0.2 - gmgi_10q.htm 1",2022-03-10,ERROR,DQC,126,1437925,"GOLDEN MATRIX GROUP, INC.",2022-03-08 13:52:00,0001477932-22-001246,US GAAP 2021,Document Created by XBRLMaster,10-Q,http://www.sec.gov/Archives/edgar/data/1437925/000147793222001246/gmgi_10q.htm,2022-03-08,2022,450612,https://www.sec.gov/Archives/edgar/data/1437925/000147793222001246/0001477932-22-001246-index.htm,7372,10q-gmgi-20220131
DQC.US.0126.9590,"2022-03-09 17:49:56,010 [DQC.US.0126.9590] The statement 100090 - Statement - CONSOLIDATED STATEMENTS OF CASH FLOWS includes an inconsistent calculation. The value of the concept us-gaap:NetCashProvidedByUsedInOperatingActivities of 8,948,000  should be equal to the sum of its child components defined in the calculation linkbase. The sum of these child components is 8,898,000. The values of the addends is determined by adding the values of the child concepts.  The values reported in the financial statement in the current reporting period of 2021-01-01 to 2021-12-31 should be complete if the financial statement is to be mathematically accurate and complete. The components of us-gaap:NetCashProvidedByUsedInOperatingActivities that should add to 8,948,000 are comprised of the following:

+  	DeferredIncomeTaxExpenseBenefit                                                                                                                198,000 
+  	DepreciationDepletionAndAmortization                                                                                                         5,399,000 
-  	GainsLossesOnExtinguishmentOfDebt                                                                                                            2,175,000 
+  	ImpairmentOfLongLivedAssetsToBeDisposedOf                                                                                                       32,000 
+  	IncreaseDecreaseInAccountsPayableTrade                                                                                                        -470,000 
-  	IncreaseDecreaseInAccountsReceivable                                                                                                          -630,000 
+  	IncreaseDecreaseInAccruedLiabilitiesAndOtherOperatingLiabilities                                                                            -1,051,000 
+  	IncreaseDecreaseInContractWithCustomerLiability                                                                                                337,000 
-  	IncreaseDecreaseInOtherOperatingAssets                                                                                                          -2,000 
-  	IncreaseDecreaseInPrepaidDeferredExpenseAndOtherAssets                                                                                          18,000 
+  	InterestExpense                                                                                                                                 11,000 
-  	NetIncomeLoss                                                                                                                                  655,000 
+  	ProvisionForDoubtfulAccounts                                                                                                                    95,000 
+  	ShareBasedCompensation                                                                                                                       6,615,000 
+  	IncreaseDecreaseInOperatingLeaseLiabilities                                                                                                   -552,000 
+  	NoncashLeaseExpenses                                                                                                                           500,000 


The addends are calculated based on the calculation linkbase defined for 100090 - Statement - CONSOLIDATED STATEMENTS OF CASH FLOWS. If addends are missing then the calculation tree should be amended. The rule will not add dimension components as the financial statement does not include a table. If dimensions are used on the statement then add a table to ensure that the dimensions are defined correctly. 


Total Element : us-gaap:NetCashProvidedByUsedInOperatingActivities
Total Value : 8,948,000 
Total period : 2021-01-01 to 2021-12-31 
Dimensions : 
Decimals of Total: -3
Unit of Total: USD
Rule Element Id:9590
Rule version: 17.0.2 - rdvt-20211231.htm 5371",2022-03-09,ERROR,DQC,126,1720116,"RED VIOLET, INC.",2022-03-09 16:56:00,0000950170-22-003240,US GAAP 2021,DFIN New ActiveDisclosure (SM) Inline XBRL Document - http://www.dfinsolutions.com/,10-K,http://www.sec.gov/Archives/edgar/data/1720116/000095017022003240/rdvt-20211231.htm,2022-03-09,2022,451127,https://www.sec.gov/Archives/edgar/data/1720116/000095017022003240/0000950170-22-003240-index.htm,7372,10k-rdvt-20211231
DQC.US.0126.9590,"2022-03-11 17:03:45,198 [DQC.US.0126.9590] The statement 100030 - Statement - CONDENSED CONSOLIDATED STATEMENTS OF OPERATIONS includes an inconsistent calculation. The value of the concept orcl:IncomeLossFromContinuingOperationsIncludingNoncontrollingInterestBeforeIncomeTaxesExtraordinaryItems of 4,025,000,000  should be equal to the sum of its child components defined in the calculation linkbase. The sum of these child components is 21,934,000,000. The values of the addends is determined by adding the values of the child concepts.  The values reported in the financial statement in the current reporting period of 2021-06-01 to 2022-02-28 should be complete if the financial statement is to be mathematically accurate and complete. The components of orcl:IncomeLossFromContinuingOperationsIncludingNoncontrollingInterestBeforeIncomeTaxesExtraordinaryItems that should add to 4,025,000,000 are comprised of the following:

-  	AmortizationOfIntangibleAssets                                                                                                             882,000,000 
-  	BusinessCombinationAcquisitionRelatedCosts                                                                                               4,707,000,000 
-  	GeneralAndAdministrativeExpense                                                                                                            953,000,000 
-  	InterestExpense                                                                                                                          2,051,000,000 
+  	OperatingIncomeLoss                                                                                                                      6,424,000,000 
-  	ResearchAndDevelopmentExpense                                                                                                            5,254,000,000 
-  	RestructuringCharges                                                                                                                        89,000,000 
+  	RevenueFromContractWithCustomerExcludingAssessedTax                                                                                     30,600,000,000 
-  	ExpenseAllocationsAndOtherNet                                                                                                              273,000,000 
+  	NonoperatingIncomeExpenseIncludingEliminationOfNetIncomeLossAttributableToNoncontrollingInterests                                         -348,000,000 
-  	StockBasedCompensationSegment                                                                                                              533,000,000 


The addends are calculated based on the calculation linkbase defined for 100030 - Statement - CONDENSED CONSOLIDATED STATEMENTS OF OPERATIONS. If addends are missing then the calculation tree should be amended. The rule will not add dimension components as the financial statement does not include a table. If dimensions are used on the statement then add a table to ensure that the dimensions are defined correctly. 


Total Element : orcl:IncomeLossFromContinuingOperationsIncludingNoncontrollingInterestBeforeIncomeTaxesExtraordinaryItems
Total Value : 4,025,000,000 
Total period : 2021-06-01 to 2022-02-28 
Dimensions : 
Decimals of Total: -6
Unit of Total: USD
Rule Element Id:9590
Rule version: 17.0.2 - orcl-10q_20220228.htm 11463",2022-03-11,ERROR,DQC,126,1341439,Oracle Corporation,2022-03-11 16:14:00,0001564590-22-009859,US GAAP 2021,DFIN ActiveDisclosure(SM) Inline XBRL Document - http://www.dfinsolutions.com/,10-Q,http://www.sec.gov/Archives/edgar/data/1341439/000156459022009859/orcl-10q_20220228.htm,2022-03-11,2022,451900,https://www.sec.gov/Archives/edgar/data/1341439/000156459022009859/0001564590-22-009859-index.htm,7372,10q-orcl-20220228
DQC.US.0126.9590,"2022-03-11 18:02:47,503 [DQC.US.0126.9590] The statement 000005 - Statement - CONSOLIDATED STATEMENTS OF CASH FLOWS includes an inconsistent calculation. The value of the concept us-gaap:CashCashEquivalentsRestrictedCashAndRestrictedCashEquivalentsPeriodIncreaseDecreaseExcludingExchangeRateEffect of -76,390  should be equal to the sum of its child components defined in the calculation linkbase. The sum of these child components is 672,020. The values of the addends is determined by adding the values of the child concepts.  The values reported in the financial statement in the current reporting period of 2021-01-01 to 2021-12-31 should be complete if the financial statement is to be mathematically accurate and complete. The components of us-gaap:CashCashEquivalentsRestrictedCashAndRestrictedCashEquivalentsPeriodIncreaseDecreaseExcludingExchangeRateEffect that should add to -76,390 are comprised of the following:

+  	NetCashProvidedByUsedInFinancingActivities                                                                                                     297,815 
+  	NetCashProvidedByUsedInOperatingActivities                                                                                                     374,205 


The addends are calculated based on the calculation linkbase defined for 000005 - Statement - CONSOLIDATED STATEMENTS OF CASH FLOWS. If addends are missing then the calculation tree should be amended. The rule will not add dimension components as the financial statement does not include a table. If dimensions are used on the statement then add a table to ensure that the dimensions are defined correctly. 


Total Element : us-gaap:CashCashEquivalentsRestrictedCashAndRestrictedCashEquivalentsPeriodIncreaseDecreaseExcludingExchangeRateEffect
Total Value : -76,390 
Total period : 2021-01-01 to 2021-12-31 
Dimensions : 
Decimals of Total: 0
Unit of Total: USD
Rule Element Id:9590
Rule version: 17.0.2 - scy_10k.htm 1",2022-03-11,ERROR,DQC,126,1408146,SCANDIUM INTERNATIONAL MINING CORP.,2022-03-11 17:16:00,0001654954-22-003025,US GAAP 2021,Document Created by XBRLMaster,10-K,http://www.sec.gov/Archives/edgar/data/1408146/000165495422003025/scy_10k.htm,2022-03-11,2022,452005,https://www.sec.gov/Archives/edgar/data/1408146/000165495422003025/0001654954-22-003025-index.htm,1000,10k-scy-20211231
DQC.US.0126.9590,"2022-03-11 18:02:47,504 [DQC.US.0126.9590] The statement 000005 - Statement - CONSOLIDATED STATEMENTS OF CASH FLOWS includes an inconsistent calculation. The value of the concept us-gaap:NetCashProvidedByUsedInOperatingActivities of 374,205  should be equal to the sum of its child components defined in the calculation linkbase. The sum of these child components is 2,745,083. The values of the addends is determined by adding the values of the child concepts.  The values reported in the financial statement in the current reporting period of 2021-01-01 to 2021-12-31 should be complete if the financial statement is to be mathematically accurate and complete. The components of us-gaap:NetCashProvidedByUsedInOperatingActivities that should add to 374,205 are comprised of the following:

+  	AdjustmentForAmortization                                                                                                                        1,728 
+  	IncreaseDecreaseInAccountsPayableRelatedParties                                                                                                573,326 
-  	IncreaseDecreaseInPrepaidDeferredExpenseAndOtherAssets                                                                                           7,388 
-  	NetIncomeLoss                                                                                                                               -1,567,032 
+  	ShareBasedCompensation                                                                                                                         610,385 


The addends are calculated based on the calculation linkbase defined for 000005 - Statement - CONSOLIDATED STATEMENTS OF CASH FLOWS. If addends are missing then the calculation tree should be amended. The rule will not add dimension components as the financial statement does not include a table. If dimensions are used on the statement then add a table to ensure that the dimensions are defined correctly. 


Total Element : us-gaap:NetCashProvidedByUsedInOperatingActivities
Total Value : 374,205 
Total period : 2021-01-01 to 2021-12-31 
Dimensions : 
Decimals of Total: 0
Unit of Total: USD
Rule Element Id:9590
Rule version: 17.0.2 - scy_10k.htm 1",2022-03-11,ERROR,DQC,126,1408146,SCANDIUM INTERNATIONAL MINING CORP.,2022-03-11 17:16:00,0001654954-22-003025,US GAAP 2021,Document Created by XBRLMaster,10-K,http://www.sec.gov/Archives/edgar/data/1408146/000165495422003025/scy_10k.htm,2022-03-11,2022,452005,https://www.sec.gov/Archives/edgar/data/1408146/000165495422003025/0001654954-22-003025-index.htm,1000,10k-scy-20211231
DQC.US.0126.9590,"2022-12-20 09:46:01,245 [DQC.US.0126.9590] The statement 000004 - Statement - Consolidated Statements of Income (unaudited) includes an inconsistent calculation. The value of the concept us-gaap:NetIncomeLoss of -5,386,000  should be equal to the sum of its child components defined in the calculation linkbase. The sum of these child components is -8,584,000. The values of the addends is determined by adding the values of the child concepts.  The values reported in the financial statement in the current reporting period of 2022-02-01 to 2022-10-31 should be complete if the financial statement is to be mathematically accurate and complete. The components of us-gaap:NetIncomeLoss that should add to -5,386,000 are comprised of the following:

+  	IncomeLossFromContinuingOperationsBeforeIncomeTaxesDomestic                                                                                 -6,985,000 
-  	IncomeTaxExpenseBenefit                                                                                                                      1,599,000 


The addends are calculated based on the calculation linkbase defined for 000004 - Statement - Consolidated Statements of Income (unaudited). If addends are missing then the calculation tree should be amended. The rule will not add dimension components as the financial statement does not include a table. If dimensions are used on the statement then add a table to ensure that the dimensions are defined correctly. 


Total Element : us-gaap:NetIncomeLoss
Total Value : -5,386,000 
Total period : 2022-02-01 to 2022-10-31 
Dimensions : 
Decimals of Total: -3
Unit of Total: USD
Rule Element Id:9590
Rule version: 19.0.6 - ebi_10q.htm 1",2022-12-20,ERROR,DQC,126,1730869,"Everything Blockchain, Inc.",2022-12-20 09:10:00,0001477932-22-009419,US GAAP 2022,XBRL Document Created with XBRLMaster,10-Q,http://www.sec.gov/Archives/edgar/data/1730869/000147793222009419/ebi_10q.htm,2022-12-20,2022,536460,https://www.sec.gov/Archives/edgar/data/1730869/000147793222009419/0001477932-22-009419-index.htm,7372,10q-ebi-20221031
DQC.US.0126.9590,"2022-12-20 09:46:01,245 [DQC.US.0126.9590] The statement 000006 - Statement - Consolidated Statements of Cash Flows (unaudited) includes an inconsistent calculation. The value of the concept us-gaap:NetCashProvidedByUsedInOperatingActivities of -1,523,000  should be equal to the sum of its child components defined in the calculation linkbase. The sum of these child components is 9,647,000. The values of the addends is determined by adding the values of the child concepts.  The values reported in the financial statement in the current reporting period of 2022-02-01 to 2022-10-31 should be complete if the financial statement is to be mathematically accurate and complete. The components of us-gaap:NetCashProvidedByUsedInOperatingActivities that should add to -1,523,000 are comprised of the following:

-  	NetLossOnExchanges                                                                                                                               4,000 
-  	RealizedNetGainLossOnInvestmentInCryptocurrency                                                                                                186,000 
-  	ReverseOfBadDebt                                                                                                                                     0 
+  	AssetsFairValueAdjustment                                                                                                                    2,206,000 
+  	DeferredIncomeTaxExpenseBenefit                                                                                                             -1,601,000 
+  	DepreciationAndAmortization                                                                                                                    140,000 
+  	EmployeeBenefitsAndShareBasedCompensation                                                                                                    2,197,000 
+  	ImpairmentOfIntangibleAssetsFinitelived                                                                                                              0 
+  	IncreaseDecreaseInAccountsPayableAndAccruedLiabilities                                                                                         977,000 
+  	IncreaseDecreaseInAccountsPayableRelatedParties                                                                                                -30,000 
-  	IncreaseDecreaseInAccountsReceivable                                                                                                          -211,000 
+  	IncreaseDecreaseInDeferredRevenue                                                                                                              173,000 
-  	IncreaseDecreaseInInventories                                                                                                                   -5,000 
-  	IncreaseDecreaseInOtherOperatingAssets                                                                                                         -69,000 
-  	IncreaseDecreaseInPrepaidExpense                                                                                                              -104,000 
-  	InterestIncomePurchasedReceivables                                                                                                                   0 
-  	ProfitLoss                                                                                                                                  -5,386,000 


The addends are calculated based on the calculation linkbase defined for 000006 - Statement - Consolidated Statements of Cash Flows (unaudited). If addends are missing then the calculation tree should be amended. The rule will not add dimension components as the financial statement does not include a table. If dimensions are used on the statement then add a table to ensure that the dimensions are defined correctly. 


Total Element : us-gaap:NetCashProvidedByUsedInOperatingActivities
Total Value : -1,523,000 
Total period : 2022-02-01 to 2022-10-31 
Dimensions : 
Decimals of Total: -3
Unit of Total: USD
Rule Element Id:9590
Rule version: 19.0.6 - ebi_10q.htm 1",2022-12-20,ERROR,DQC,126,1730869,"Everything Blockchain, Inc.",2022-12-20 09:10:00,0001477932-22-009419,US GAAP 2022,XBRL Document Created with XBRLMaster,10-Q,http://www.sec.gov/Archives/edgar/data/1730869/000147793222009419/ebi_10q.htm,2022-12-20,2022,536460,https://www.sec.gov/Archives/edgar/data/1730869/000147793222009419/0001477932-22-009419-index.htm,7372,10q-ebi-20221031
DQC.US.0126.9590,"2022-12-19 13:47:07,103 [DQC.US.0126.9590] The statement 00000005 - Statement - Condensed Interim Consolidated Statements of Cash Flows includes an inconsistent calculation. The value of the concept us-gaap:NetCashProvidedByUsedInOperatingActivities of -555,137  should be equal to the sum of its child components defined in the calculation linkbase. The sum of these child components is -607,711. The values of the addends is determined by adding the values of the child concepts.  The values reported in the financial statement in the current reporting period of 2022-05-01 to 2022-10-31 should be complete if the financial statement is to be mathematically accurate and complete. The components of us-gaap:NetCashProvidedByUsedInOperatingActivities that should add to -555,137 are comprised of the following:

+  	DepreciationDepletionAndAmortization                                                                                                               997 
+  	IncreaseDecreaseInAccountsPayableAndAccruedLiabilities                                                                                         230,781 
-  	IncreaseDecreaseInAccountsReceivable                                                                                                             5,812 
-  	IncreaseDecreaseInPrepaidExpense                                                                                                                20,475 
+  	NetIncomeLoss                                                                                                                                 -813,202 


The addends are calculated based on the calculation linkbase defined for 00000005 - Statement - Condensed Interim Consolidated Statements of Cash Flows. If addends are missing then the calculation tree should be amended. The rule will not add dimension components as the financial statement does not include a table. If dimensions are used on the statement then add a table to ensure that the dimensions are defined correctly. 


Total Element : us-gaap:NetCashProvidedByUsedInOperatingActivities
Total Value : -555,137 
Total period : 2022-05-01 to 2022-10-31 
Dimensions : 
Decimals of Total: 0
Unit of Total: USD
Rule Element Id:9590
Rule version: 19.0.6 - ixform10q.htm 2120",2022-12-19,ERROR,DQC,126,1405663,I-MINERALS INC.,2022-12-15 17:17:00,0001472375-22-000141,US GAAP 2022,GoXBRL,10-Q,http://www.sec.gov/Archives/edgar/data/1405663/000147237522000141/ixform10q.htm,2022-12-15,2022,535730,https://www.sec.gov/Archives/edgar/data/1405663/000147237522000141/0001472375-22-000141-index.htm,1000,10q-ima-20221031
DQC.US.0126.9590,"2022-12-19 13:47:07,104 [DQC.US.0126.9590] The statement 00000004 - Statement - Condensed Interim Consolidated Statements of Loss includes an inconsistent calculation. The value of the concept us-gaap:IncomeLossFromContinuingOperationsIncludingPortionAttributableToNoncontrollingInterest of -443,578  should be equal to the sum of its child components defined in the calculation linkbase. The sum of these child components is -200,488. The values of the addends is determined by adding the values of the child concepts.  The values reported in the financial statement in the current reporting period of 2022-05-01 to 2022-10-31 should be complete if the financial statement is to be mathematically accurate and complete. The components of us-gaap:IncomeLossFromContinuingOperationsIncludingPortionAttributableToNoncontrollingInterest that should add to -443,578 are comprised of the following:

+  	ForeignCurrencyTransactionGainLossBeforeTax                                                                                                      3,523 
-  	InterestExpense                                                                                                                                204,011 


The addends are calculated based on the calculation linkbase defined for 00000004 - Statement - Condensed Interim Consolidated Statements of Loss. If addends are missing then the calculation tree should be amended. The rule will not add dimension components as the financial statement does not include a table. If dimensions are used on the statement then add a table to ensure that the dimensions are defined correctly. 


Total Element : us-gaap:IncomeLossFromContinuingOperationsIncludingPortionAttributableToNoncontrollingInterest
Total Value : -443,578 
Total period : 2022-05-01 to 2022-10-31 
Dimensions : 
Decimals of Total: 0
Unit of Total: USD
Rule Element Id:9590
Rule version: 19.0.6 - ixform10q.htm 1958",2022-12-19,ERROR,DQC,126,1405663,I-MINERALS INC.,2022-12-15 17:17:00,0001472375-22-000141,US GAAP 2022,GoXBRL,10-Q,http://www.sec.gov/Archives/edgar/data/1405663/000147237522000141/ixform10q.htm,2022-12-15,2022,535730,https://www.sec.gov/Archives/edgar/data/1405663/000147237522000141/0001472375-22-000141-index.htm,1000,10q-ima-20221031
DQC.US.0126.9590,"2022-12-19 13:47:07,104 [DQC.US.0126.9590] The statement 00000005 - Statement - Condensed Interim Consolidated Statements of Cash Flows includes an inconsistent calculation. The value of the concept us-gaap:CashCashEquivalentsRestrictedCashAndRestrictedCashEquivalentsPeriodIncreaseDecreaseIncludingExchangeRateEffect of 14,738  should be equal to the sum of its child components defined in the calculation linkbase. The sum of these child components is -555,137. The values of the addends is determined by adding the values of the child concepts.  The values reported in the financial statement in the current reporting period of 2022-05-01 to 2022-10-31 should be complete if the financial statement is to be mathematically accurate and complete. The components of us-gaap:CashCashEquivalentsRestrictedCashAndRestrictedCashEquivalentsPeriodIncreaseDecreaseIncludingExchangeRateEffect that should add to 14,738 are comprised of the following:

+  	NetCashProvidedByUsedInOperatingActivities                                                                                                    -555,137 


The addends are calculated based on the calculation linkbase defined for 00000005 - Statement - Condensed Interim Consolidated Statements of Cash Flows. If addends are missing then the calculation tree should be amended. The rule will not add dimension components as the financial statement does not include a table. If dimensions are used on the statement then add a table to ensure that the dimensions are defined correctly. 


Total Element : us-gaap:CashCashEquivalentsRestrictedCashAndRestrictedCashEquivalentsPeriodIncreaseDecreaseIncludingExchangeRateEffect
Total Value : 14,738 
Total period : 2022-05-01 to 2022-10-31 
Dimensions : 
Decimals of Total: 0
Unit of Total: USD
Rule Element Id:9590
Rule version: 19.0.6 - ixform10q.htm 2175",2022-12-19,ERROR,DQC,126,1405663,I-MINERALS INC.,2022-12-15 17:17:00,0001472375-22-000141,US GAAP 2022,GoXBRL,10-Q,http://www.sec.gov/Archives/edgar/data/1405663/000147237522000141/ixform10q.htm,2022-12-15,2022,535730,https://www.sec.gov/Archives/edgar/data/1405663/000147237522000141/0001472375-22-000141-index.htm,1000,10q-ima-20221031
DQC.US.0126.9590,"2022-12-19 13:47:07,105 [DQC.US.0126.9590] The statement 00000004 - Statement - Condensed Interim Consolidated Statements of Loss includes an inconsistent calculation. The value of the concept us-gaap:ProfitLoss of -813,202  should be equal to the sum of its child components defined in the calculation linkbase. The sum of these child components is -200,488. The values of the addends is determined by adding the values of the child concepts.  The values reported in the financial statement in the current reporting period of 2022-05-01 to 2022-10-31 should be complete if the financial statement is to be mathematically accurate and complete. The components of us-gaap:ProfitLoss that should add to -813,202 are comprised of the following:

+  	ForeignCurrencyTransactionGainLossBeforeTax                                                                                                      3,523 
-  	InterestExpense                                                                                                                                204,011 


The addends are calculated based on the calculation linkbase defined for 00000004 - Statement - Condensed Interim Consolidated Statements of Loss. If addends are missing then the calculation tree should be amended. The rule will not add dimension components as the financial statement does not include a table. If dimensions are used on the statement then add a table to ensure that the dimensions are defined correctly. 


Total Element : us-gaap:ProfitLoss
Total Value : -813,202 
Total period : 2022-05-01 to 2022-10-31 
Dimensions : 
Decimals of Total: 0
Unit of Total: USD
Rule Element Id:9590
Rule version: 19.0.6 - ixform10q.htm 1982",2022-12-19,ERROR,DQC,126,1405663,I-MINERALS INC.,2022-12-15 17:17:00,0001472375-22-000141,US GAAP 2022,GoXBRL,10-Q,http://www.sec.gov/Archives/edgar/data/1405663/000147237522000141/ixform10q.htm,2022-12-15,2022,535730,https://www.sec.gov/Archives/edgar/data/1405663/000147237522000141/0001472375-22-000141-index.htm,1000,10q-ima-20221031
DQC.US.0126.9590,"2022-12-19 13:18:17,661 [DQC.US.0126.9590] The statement 00000007 - Statement - Consolidated Statements of Cash Flows (Unaudited) includes an inconsistent calculation. The value of the concept us-gaap:NetCashProvidedByUsedInFinancingActivities of -928,826  should be equal to the sum of its child components defined in the calculation linkbase. The sum of these child components is -942,230. The values of the addends is determined by adding the values of the child concepts.  The values reported in the financial statement in the current reporting period of 2022-05-01 to 2022-10-31 should be complete if the financial statement is to be mathematically accurate and complete. The components of us-gaap:NetCashProvidedByUsedInFinancingActivities that should add to -928,826 are comprised of the following:

-  	PaymentsForOtherTaxes                                                                                                                          561,407 
-  	RepaymentsOfDebt                                                                                                                               340,766 
-  	RepaymentsOfRelatedPartyDebt                                                                                                                    40,057 


The addends are calculated based on the calculation linkbase defined for 00000007 - Statement - Consolidated Statements of Cash Flows (Unaudited). If addends are missing then the calculation tree should be amended. The rule will not add dimension components as the financial statement does not include a table. If dimensions are used on the statement then add a table to ensure that the dimensions are defined correctly. 


Total Element : us-gaap:NetCashProvidedByUsedInFinancingActivities
Total Value : -928,826 
Total period : 2022-05-01 to 2022-10-31 
Dimensions : 
Decimals of Total: 0
Unit of Total: USD
Rule Element Id:9590
Rule version: 19.0.6 - rcat1215form10q.htm 4490",2022-12-19,ERROR,DQC,126,748268,"Red Cat Holdings, Inc.",2022-12-15 16:28:00,0001554795-22-000405,US GAAP 2022,Novaworks,10-Q,http://www.sec.gov/Archives/edgar/data/748268/000155479522000405/rcat1215form10q.htm,2022-12-15,2022,535639,https://www.sec.gov/Archives/edgar/data/748268/000155479522000405/0001554795-22-000405-index.htm,7372,10q-rcat-20221031
DQC.US.0126.9590,"2022-12-19 13:18:17,662 [DQC.US.0126.9590] The statement 00000002 - Statement - Consolidated Balance Sheets (Unaudited) includes an inconsistent calculation. The value of the concept us-gaap:LiabilitiesCurrent of 4,521,287  should be equal to the sum of its child components defined in the calculation linkbase. The sum of these child components is 5,122,530. The values of the addends is determined by adding the values of the child concepts.  The values reported in the financial statement in the current reporting period of 2022-10-31 should be complete if the financial statement is to be mathematically accurate and complete. The components of us-gaap:LiabilitiesCurrent that should add to 4,521,287 are comprised of the following:

+  	AccountsPayableCurrent                                                                                                                       1,649,341 
+  	AccruedLiabilitiesCurrent                                                                                                                      541,097 
+  	ContractWithCustomerLiabilityCurrent                                                                                                           123,308 
+  	DerivativeLiabilitiesCurrent                                                                                                                 1,013,675 
+  	OperatingLeaseLiabilityCurrent                                                                                                                 298,609 
+  	OperatingLeaseLiabilityNoncurrent                                                                                                              601,243 
+  	ShortTermBorrowings                                                                                                                            895,257 


The addends are calculated based on the calculation linkbase defined for 00000002 - Statement - Consolidated Balance Sheets (Unaudited). If addends are missing then the calculation tree should be amended. The rule will not add dimension components as the financial statement does not include a table. If dimensions are used on the statement then add a table to ensure that the dimensions are defined correctly. 


Total Element : us-gaap:LiabilitiesCurrent
Total Value : 4,521,287 
Total period : 2022-10-31 
Dimensions : 
Decimals of Total: 0
Unit of Total: USD
Rule Element Id:9590
Rule version: 19.0.6 - rcat1215form10q.htm 3166",2022-12-19,ERROR,DQC,126,748268,"Red Cat Holdings, Inc.",2022-12-15 16:28:00,0001554795-22-000405,US GAAP 2022,Novaworks,10-Q,http://www.sec.gov/Archives/edgar/data/748268/000155479522000405/rcat1215form10q.htm,2022-12-15,2022,535639,https://www.sec.gov/Archives/edgar/data/748268/000155479522000405/0001554795-22-000405-index.htm,7372,10q-rcat-20221031
DQC.US.0126.9590,"2022-12-19 13:18:17,662 [DQC.US.0126.9590] The statement 00000002 - Statement - Consolidated Balance Sheets (Unaudited) includes an inconsistent calculation. The value of the concept us-gaap:LiabilitiesNoncurrent of 1,295,824  should be equal to the sum of its child components defined in the calculation linkbase. The sum of these child components is 694,581. The values of the addends is determined by adding the values of the child concepts.  The values reported in the financial statement in the current reporting period of 2022-10-31 should be complete if the financial statement is to be mathematically accurate and complete. The components of us-gaap:LiabilitiesNoncurrent that should add to 1,295,824 are comprised of the following:

+  	LongTermDebtNoncurrent                                                                                                                         694,581 


The addends are calculated based on the calculation linkbase defined for 00000002 - Statement - Consolidated Balance Sheets (Unaudited). If addends are missing then the calculation tree should be amended. The rule will not add dimension components as the financial statement does not include a table. If dimensions are used on the statement then add a table to ensure that the dimensions are defined correctly. 


Total Element : us-gaap:LiabilitiesNoncurrent
Total Value : 1,295,824 
Total period : 2022-10-31 
Dimensions : 
Decimals of Total: 0
Unit of Total: USD
Rule Element Id:9590
Rule version: 19.0.6 - rcat1215form10q.htm 3182",2022-12-19,ERROR,DQC,126,748268,"Red Cat Holdings, Inc.",2022-12-15 16:28:00,0001554795-22-000405,US GAAP 2022,Novaworks,10-Q,http://www.sec.gov/Archives/edgar/data/748268/000155479522000405/rcat1215form10q.htm,2022-12-15,2022,535639,https://www.sec.gov/Archives/edgar/data/748268/000155479522000405/0001554795-22-000405-index.htm,7372,10q-rcat-20221031
DQC.US.0126.9590,"2022-12-19 13:18:17,662 [DQC.US.0126.9590] The statement 00000004 - Statement - Consolidated Statements Of Operations (Unaudited) includes an inconsistent calculation. The value of the concept us-gaap:NetIncomeLoss of -10,056,076  should be equal to the sum of its child components defined in the calculation linkbase. The sum of these child components is -10,470,830. The values of the addends is determined by adding the values of the child concepts.  The values reported in the financial statement in the current reporting period of 2022-05-01 to 2022-10-31 should be complete if the financial statement is to be mathematically accurate and complete. The components of us-gaap:NetIncomeLoss that should add to -10,056,076 are comprised of the following:

+  	IncomeLossFromContinuingOperationsBeforeIncomeTaxesDomestic                                                                                -10,470,830 


The addends are calculated based on the calculation linkbase defined for 00000004 - Statement - Consolidated Statements Of Operations (Unaudited). If addends are missing then the calculation tree should be amended. The rule will not add dimension components as the financial statement does not include a table. If dimensions are used on the statement then add a table to ensure that the dimensions are defined correctly. 


Total Element : us-gaap:NetIncomeLoss
Total Value : -10,056,076 
Total period : 2022-05-01 to 2022-10-31 
Dimensions : 
Decimals of Total: 0
Unit of Total: USD
Rule Element Id:9590
Rule version: 19.0.6 - rcat1215form10q.htm 4362",2022-12-19,ERROR,DQC,126,748268,"Red Cat Holdings, Inc.",2022-12-15 16:28:00,0001554795-22-000405,US GAAP 2022,Novaworks,10-Q,http://www.sec.gov/Archives/edgar/data/748268/000155479522000405/rcat1215form10q.htm,2022-12-15,2022,535639,https://www.sec.gov/Archives/edgar/data/748268/000155479522000405/0001554795-22-000405-index.htm,7372,10q-rcat-20221031
DQC.US.0126.9590,"2022-12-19 13:18:17,663 [DQC.US.0126.9590] The statement 00000002 - Statement - Consolidated Balance Sheets (Unaudited) includes an inconsistent calculation. The value of the concept us-gaap:AssetsCurrent of 44,816,972  should be equal to the sum of its child components defined in the calculation linkbase. The sum of these child components is 44,874,005. The values of the addends is determined by adding the values of the child concepts.  The values reported in the financial statement in the current reporting period of 2022-10-31 should be complete if the financial statement is to be mathematically accurate and complete. The components of us-gaap:AssetsCurrent that should add to 44,816,972 are comprised of the following:

+  	AccountsReceivableNetCurrent                                                                                                                   917,802 
+  	Cash                                                                                                                                         1,582,751 
+  	InventoryNet                                                                                                                                 6,560,092 
+  	Investments                                                                                                                                 31,302,888 
+  	OtherAssetsCurrent                                                                                                                           4,453,439 
+  	OtherAssetsNoncurrent                                                                                                                           57,033 


The addends are calculated based on the calculation linkbase defined for 00000002 - Statement - Consolidated Balance Sheets (Unaudited). If addends are missing then the calculation tree should be amended. The rule will not add dimension components as the financial statement does not include a table. If dimensions are used on the statement then add a table to ensure that the dimensions are defined correctly. 


Total Element : us-gaap:AssetsCurrent
Total Value : 44,816,972 
Total period : 2022-10-31 
Dimensions : 
Decimals of Total: 0
Unit of Total: USD
Rule Element Id:9590
Rule version: 19.0.6 - rcat1215form10q.htm 3086",2022-12-19,ERROR,DQC,126,748268,"Red Cat Holdings, Inc.",2022-12-15 16:28:00,0001554795-22-000405,US GAAP 2022,Novaworks,10-Q,http://www.sec.gov/Archives/edgar/data/748268/000155479522000405/rcat1215form10q.htm,2022-12-15,2022,535639,https://www.sec.gov/Archives/edgar/data/748268/000155479522000405/0001554795-22-000405-index.htm,7372,10q-rcat-20221031
DQC.US.0126.9590,"2022-12-19 13:18:17,663 [DQC.US.0126.9590] The statement 00000002 - Statement - Consolidated Balance Sheets (Unaudited) includes an inconsistent calculation. The value of the concept us-gaap:AssetsNoncurrent of 30,227,410  should be equal to the sum of its child components defined in the calculation linkbase. The sum of these child components is 30,170,377. The values of the addends is determined by adding the values of the child concepts.  The values reported in the financial statement in the current reporting period of 2022-10-31 should be complete if the financial statement is to be mathematically accurate and complete. The components of us-gaap:AssetsNoncurrent that should add to 30,227,410 are comprised of the following:

+  	Goodwill                                                                                                                                    19,839,750 
+  	IntangibleAssetsNetExcludingGoodwill                                                                                                         7,777,741 
+  	OperatingLeaseRightOfUseAsset                                                                                                                  852,065 
+  	PropertyPlantAndEquipmentNet                                                                                                                 1,700,821 


The addends are calculated based on the calculation linkbase defined for 00000002 - Statement - Consolidated Balance Sheets (Unaudited). If addends are missing then the calculation tree should be amended. The rule will not add dimension components as the financial statement does not include a table. If dimensions are used on the statement then add a table to ensure that the dimensions are defined correctly. 


Total Element : us-gaap:AssetsNoncurrent
Total Value : 30,227,410 
Total period : 2022-10-31 
Dimensions : 
Decimals of Total: 0
Unit of Total: USD
Rule Element Id:9590
Rule version: 19.0.6 - rcat1215form10q.htm 3114",2022-12-19,ERROR,DQC,126,748268,"Red Cat Holdings, Inc.",2022-12-15 16:28:00,0001554795-22-000405,US GAAP 2022,Novaworks,10-Q,http://www.sec.gov/Archives/edgar/data/748268/000155479522000405/rcat1215form10q.htm,2022-12-15,2022,535639,https://www.sec.gov/Archives/edgar/data/748268/000155479522000405/0001554795-22-000405-index.htm,7372,10q-rcat-20221031
DQC.US.0126.9590,"2022-11-23 14:03:13,911 [DQC.US.0126.9590] The statement 00000006 - Statement - STATEMENTS OF CASH FLOWS includes an inconsistent calculation. The value of the concept us-gaap:NetCashProvidedByUsedInOperatingActivities of 12,286  should be equal to the sum of its child components defined in the calculation linkbase. The sum of these child components is 7,162. The values of the addends is determined by adding the values of the child concepts.  The values reported in the financial statement in the current reporting period of 2022-02-01 to 2022-10-31 should be complete if the financial statement is to be mathematically accurate and complete. The components of us-gaap:NetCashProvidedByUsedInOperatingActivities that should add to 12,286 are comprised of the following:

+  	Depreciation                                                                                                                                     2,816 
+  	IncreaseDecreaseInAccountsPayable                                                                                                                4,346 


The addends are calculated based on the calculation linkbase defined for 00000006 - Statement - STATEMENTS OF CASH FLOWS. If addends are missing then the calculation tree should be amended. The rule will not add dimension components as the financial statement does not include a table. If dimensions are used on the statement then add a table to ensure that the dimensions are defined correctly. 


Total Element : us-gaap:NetCashProvidedByUsedInOperatingActivities
Total Value : 12,286 
Total period : 2022-02-01 to 2022-10-31 
Dimensions : 
Decimals of Total: 0
Unit of Total: USD
Rule Element Id:9590
Rule version: 19.0.5 - minaro_10q3110222.htm 1643",2022-11-23,ERROR,DQC,126,1710495,PINEAPPLE EXPRESS CANNABIS COMPANY,2022-11-23 06:16:00,0001710495-22-000011,US GAAP 2022,Novaworks,10-Q,http://www.sec.gov/Archives/edgar/data/1710495/000171049522000011/minaro_10q3110222.htm,2022-11-23,2022,531648,https://www.sec.gov/Archives/edgar/data/1710495/000171049522000011/0001710495-22-000011-index.htm,7372,10q-mnao-20221031
DQC.US.0126.9590,"2022-11-22 06:34:48,167 [DQC.US.0126.9590] The statement 00000002 - Statement - Condensed Consolidated Balance Sheets (Unaudited) includes an inconsistent calculation. The value of the concept us-gaap:LiabilitiesCurrent of 27,126,000  should be equal to the sum of its child components defined in the calculation linkbase. The sum of these child components is 24,599,000. The values of the addends is determined by adding the values of the child concepts.  The values reported in the financial statement in the current reporting period of 2022-09-30 should be complete if the financial statement is to be mathematically accurate and complete. The components of us-gaap:LiabilitiesCurrent that should add to 27,126,000 are comprised of the following:

+  	AccountPayableOtherCurrent                                                                                                                   1,862,000 
+  	CurrentMaturitiesOfLongtermLoan                                                                                                              1,500,000 
+  	AccountsPayableCurrent                                                                                                                      16,144,000 
+  	OperatingLeaseLiabilityCurrent                                                                                                                  93,000 
+  	ShortTermBorrowings                                                                                                                          5,000,000 


The addends are calculated based on the calculation linkbase defined for 00000002 - Statement - Condensed Consolidated Balance Sheets (Unaudited). If addends are missing then the calculation tree should be amended. The rule will not add dimension components as the financial statement does not include a table. If dimensions are used on the statement then add a table to ensure that the dimensions are defined correctly. 


Total Element : us-gaap:LiabilitiesCurrent
Total Value : 27,126,000 
Total period : 2022-09-30 
Dimensions : 
Decimals of Total: -3
Unit of Total: USD
Rule Element Id:9590
Rule version: 19.0.5 - form10-q.htm 3219",2022-11-22,ERROR,DQC,126,797542,VIEWBIX INC.,2022-11-21 17:29:00,0001493152-22-033177,US GAAP 2022,Novaworks,10-Q,http://www.sec.gov/Archives/edgar/data/797542/000149315222033177/form10-q.htm,2022-11-21,2022,531186,https://www.sec.gov/Archives/edgar/data/797542/000149315222033177/0001493152-22-033177-index.htm,7372,10q-vbix-20220930
DQC.US.0126.9590,"2022-11-22 10:31:57,256 [DQC.US.0126.9590] The statement 000004 - Statement - STATEMENTS OF OPERATIONS (UNAUDITED) includes an inconsistent calculation. The value of the concept us-gaap:OtherOperatingIncomeExpenseNet of 65,879  should be equal to the sum of its child components defined in the calculation linkbase. The sum of these child components is 107,057. The values of the addends is determined by adding the values of the child concepts.  The values reported in the financial statement in the current reporting period of 2022-01-01 to 2022-09-30 should be complete if the financial statement is to be mathematically accurate and complete. The components of us-gaap:OtherOperatingIncomeExpenseNet that should add to 65,879 are comprised of the following:

-  	DebtInstrumentDecreaseForgiveness                                                                                                               21,279 
-  	InterestExpense                                                                                                                                136,027 
+  	PaymentsOfFinancingCosts                                                                                                                        41,868 
+  	UnrealizedGainLossOnDerivatives                                                                                                                222,495 


The addends are calculated based on the calculation linkbase defined for 000004 - Statement - STATEMENTS OF OPERATIONS (UNAUDITED). If addends are missing then the calculation tree should be amended. The rule will not add dimension components as the financial statement does not include a table. If dimensions are used on the statement then add a table to ensure that the dimensions are defined correctly. 


Total Element : us-gaap:OtherOperatingIncomeExpenseNet
Total Value : 65,879 
Total period : 2022-01-01 to 2022-09-30 
Dimensions : 
Decimals of Total: 0
Unit of Total: USD
Rule Element Id:9590
Rule version: 19.0.5 - asck_10q.htm 1",2022-11-22,ERROR,DQC,126,1492091,AUSCRETE CORPORATION,2022-11-21 17:13:00,0001477932-22-008819,US GAAP 2022,XBRL Document Created with XBRLMaster,10-Q,http://www.sec.gov/Archives/edgar/data/1492091/000147793222008819/asck_10q.htm,2022-11-21,2022,531276,https://www.sec.gov/Archives/edgar/data/1492091/000147793222008819/0001477932-22-008819-index.htm,3272,10q-asck-20220930
DQC.US.0126.9590,"2022-11-22 10:31:57,256 [DQC.US.0126.9590] The statement 000006 - Statement - STATEMENT OF CASH FLOWS (unaudited) includes an inconsistent calculation. The value of the concept us-gaap:NetCashProvidedByUsedInOperatingActivities of -164,595  should be equal to the sum of its child components defined in the calculation linkbase. The sum of these child components is 166,303. The values of the addends is determined by adding the values of the child concepts.  The values reported in the financial statement in the current reporting period of 2022-01-01 to 2022-09-30 should be complete if the financial statement is to be mathematically accurate and complete. The components of us-gaap:NetCashProvidedByUsedInOperatingActivities that should add to -164,595 are comprised of the following:

+  	FinanceCosts                                                                                                                                    41,868 
+  	DebtInstrumentDecreaseForgiveness                                                                                                               21,279 
+  	DepreciationAndAmortization                                                                                                                      5,970 
-  	IncreaseDecreaseInAccountsAndNotesReceivable                                                                                                     3,251 
+  	IncreaseDecreaseInAccountsPayableAndAccruedLiabilities                                                                                          87,165 
+  	IncreaseDecreaseInDeferredRevenue                                                                                                               11,250 
+  	IncreaseDecreaseInDerivativeLiabilities                                                                                                       -142,148 
-  	IncreaseDecreaseInInventories                                                                                                                        0 
-  	IncreaseDecreaseInOtherCurrentAssets                                                                                                             4,659 
-  	ProfitLoss                                                                                                                                    -148,829 


The addends are calculated based on the calculation linkbase defined for 000006 - Statement - STATEMENT OF CASH FLOWS (unaudited). If addends are missing then the calculation tree should be amended. The rule will not add dimension components as the financial statement does not include a table. If dimensions are used on the statement then add a table to ensure that the dimensions are defined correctly. 


Total Element : us-gaap:NetCashProvidedByUsedInOperatingActivities
Total Value : -164,595 
Total period : 2022-01-01 to 2022-09-30 
Dimensions : 
Decimals of Total: 0
Unit of Total: USD
Rule Element Id:9590
Rule version: 19.0.5 - asck_10q.htm 1",2022-11-22,ERROR,DQC,126,1492091,AUSCRETE CORPORATION,2022-11-21 17:13:00,0001477932-22-008819,US GAAP 2022,XBRL Document Created with XBRLMaster,10-Q,http://www.sec.gov/Archives/edgar/data/1492091/000147793222008819/asck_10q.htm,2022-11-21,2022,531276,https://www.sec.gov/Archives/edgar/data/1492091/000147793222008819/0001477932-22-008819-index.htm,3272,10q-asck-20220930
DQC.US.0126.9590,"2022-11-21 15:33:25,577 [DQC.US.0126.9590] The statement 000006 - Statement - Statements of Cash Flow (Unaudited) includes an inconsistent calculation. The value of the concept us-gaap:NetCashProvidedByUsedInOperatingActivities of -10,072  should be equal to the sum of its child components defined in the calculation linkbase. The sum of these child components is 31,752. The values of the addends is determined by adding the values of the child concepts.  The values reported in the financial statement in the current reporting period of 2022-07-01 to 2022-09-30 should be complete if the financial statement is to be mathematically accurate and complete. The components of us-gaap:NetCashProvidedByUsedInOperatingActivities that should add to -10,072 are comprised of the following:

+  	FairValueAdjustmentForSharesIssuedFromSettlementAgreement                                                                                          -15 
+  	AdjustmentForAmortization                                                                                                                          750 
+  	IncreaseDecreaseInAccountsPayable                                                                                                                9,507 
-  	IncreaseDecreaseInAccountsReceivable                                                                                                               508 
-  	IncreaseDecreaseInInventories                                                                                                                     -301 
-  	ProfitLoss                                                                                                                                     -20,912 
+  	ShareBasedCompensation                                                                                                                             805 


The addends are calculated based on the calculation linkbase defined for 000006 - Statement - Statements of Cash Flow (Unaudited). If addends are missing then the calculation tree should be amended. The rule will not add dimension components as the financial statement does not include a table. If dimensions are used on the statement then add a table to ensure that the dimensions are defined correctly. 


Total Element : us-gaap:NetCashProvidedByUsedInOperatingActivities
Total Value : -10,072 
Total period : 2022-07-01 to 2022-09-30 
Dimensions : 
Decimals of Total: 0
Unit of Total: USD
Rule Element Id:9590
Rule version: 19.0.5 - arrt_10q.htm 1",2022-11-21,ERROR,DQC,126,1530425,"ARTISAN CONSUMER GOODS, INC.",2022-11-21 15:08:00,0001477932-22-008790,US GAAP 2022,XBRL Document Created with XBRLMaster,10-Q,http://www.sec.gov/Archives/edgar/data/1530425/000147793222008790/arrt_10q.htm,2022-11-21,2022,530991,https://www.sec.gov/Archives/edgar/data/1530425/000147793222008790/0001477932-22-008790-index.htm,1000,10q-arrt-20220930
DQC.US.0126.9590,"2022-11-21 08:45:40,150 [DQC.US.0126.9590] The statement 000006 - Statement - CONSOLIDATED STATEMENTS OF CASH FLOWS (Unaudited) includes an inconsistent calculation. The value of the concept us-gaap:NetCashProvidedByUsedInOperatingActivities of -517,099  should be equal to the sum of its child components defined in the calculation linkbase. The sum of these child components is 776,417. The values of the addends is determined by adding the values of the child concepts.  The values reported in the financial statement in the current reporting period of 2022-01-01 to 2022-09-30 should be complete if the financial statement is to be mathematically accurate and complete. The components of us-gaap:NetCashProvidedByUsedInOperatingActivities that should add to -517,099 are comprised of the following:

+  	AmortizationOfDebtDiscountPremium                                                                                                              511,603 
+  	DepreciationDepletionAndAmortization                                                                                                            10,863 
-  	DerivativeGainLossOnDerivativeNet                                                                                                              577,282 
+  	IncreaseDecreaseInAccountsPayableAndAccruedLiabilities                                                                                          17,850 
+  	IncreaseDecreaseInAccountsPayableRelatedParties                                                                                                178,000 
-  	IncreaseDecreaseInAccountsReceivable                                                                                                                 0 
-  	ProfitLoss                                                                                                                                    -646,758 
+  	ShareBasedCompensation                                                                                                                          89,875 
+  	BadDebtExpense                                                                                                                                       0 
+  	GainLossFromImputedInterest                                                                                                                      6,837 
-  	GainOnDebtSettlements                                                                                                                          108,087 


The addends are calculated based on the calculation linkbase defined for 000006 - Statement - CONSOLIDATED STATEMENTS OF CASH FLOWS (Unaudited). If addends are missing then the calculation tree should be amended. The rule will not add dimension components as the financial statement does not include a table. If dimensions are used on the statement then add a table to ensure that the dimensions are defined correctly. 


Total Element : us-gaap:NetCashProvidedByUsedInOperatingActivities
Total Value : -517,099 
Total period : 2022-01-01 to 2022-09-30 
Dimensions : 
Decimals of Total: 0
Unit of Total: USD
Rule Element Id:9590
Rule version: 19.0.4 - ttcm_10q.htm 1",2022-11-21,ERROR,DQC,126,1389067,"ARtelligence Holdings, Inc.",2022-11-21 08:12:00,0001477932-22-008734,US GAAP 2022,XBRL Document Created with XBRLMaster,10-Q,http://www.sec.gov/Archives/edgar/data/1389067/000147793222008734/ttcm_10q.htm,2022-11-21,2022,530903,https://www.sec.gov/Archives/edgar/data/1389067/000147793222008734/0001477932-22-008734-index.htm,7372,10q-ttcm-20220930
DQC.US.0126.9590,"2022-11-21 08:45:40,151 [DQC.US.0126.9590] The statement 000004 - Statement - CONSOLIDATED STATEMENTS OF OPERATIONS (Unaudited) includes an inconsistent calculation. The value of the concept us-gaap:OtherOperatingIncomeExpenseNet of -32,002  should be equal to the sum of its child components defined in the calculation linkbase. The sum of these child components is 32,002. The values of the addends is determined by adding the values of the child concepts.  The values reported in the financial statement in the current reporting period of 2022-01-01 to 2022-09-30 should be complete if the financial statement is to be mathematically accurate and complete. The components of us-gaap:OtherOperatingIncomeExpenseNet that should add to -32,002 are comprised of the following:

+  	GainLossOnSaleOfDerivatives                                                                                                                    577,282 
+  	GainsLossesOnExtinguishmentOfDebt                                                                                                              108,087 
-  	InterestExpense                                                                                                                                653,367 


The addends are calculated based on the calculation linkbase defined for 000004 - Statement - CONSOLIDATED STATEMENTS OF OPERATIONS (Unaudited). If addends are missing then the calculation tree should be amended. The rule will not add dimension components as the financial statement does not include a table. If dimensions are used on the statement then add a table to ensure that the dimensions are defined correctly. 


Total Element : us-gaap:OtherOperatingIncomeExpenseNet
Total Value : -32,002 
Total period : 2022-01-01 to 2022-09-30 
Dimensions : 
Decimals of Total: 0
Unit of Total: USD
Rule Element Id:9590
Rule version: 19.0.4 - ttcm_10q.htm 1",2022-11-21,ERROR,DQC,126,1389067,"ARtelligence Holdings, Inc.",2022-11-21 08:12:00,0001477932-22-008734,US GAAP 2022,XBRL Document Created with XBRLMaster,10-Q,http://www.sec.gov/Archives/edgar/data/1389067/000147793222008734/ttcm_10q.htm,2022-11-21,2022,530903,https://www.sec.gov/Archives/edgar/data/1389067/000147793222008734/0001477932-22-008734-index.htm,7372,10q-ttcm-20220930
DQC.US.0126.9590,"2022-11-21 08:45:40,151 [DQC.US.0126.9590] The statement 000006 - Statement - CONSOLIDATED STATEMENTS OF CASH FLOWS (Unaudited) includes an inconsistent calculation. The value of the concept us-gaap:CashCashEquivalentsRestrictedCashAndRestrictedCashEquivalentsPeriodIncreaseDecreaseIncludingExchangeRateEffect of -115,117  should be equal to the sum of its child components defined in the calculation linkbase. The sum of these child components is -115,417. The values of the addends is determined by adding the values of the child concepts.  The values reported in the financial statement in the current reporting period of 2022-01-01 to 2022-09-30 should be complete if the financial statement is to be mathematically accurate and complete. The components of us-gaap:CashCashEquivalentsRestrictedCashAndRestrictedCashEquivalentsPeriodIncreaseDecreaseIncludingExchangeRateEffect that should add to -115,117 are comprised of the following:

+  	EffectOfExchangeRateOnCashCashEquivalentsRestrictedCashAndRestrictedCashEquivalentsIncludingDisposalGroupAndDiscontinuedOperations             178,282 
+  	NetCashProvidedByUsedInFinancingActivities                                                                                                     223,400 
+  	NetCashProvidedByUsedInInvestingActivities                                                                                                           0 
+  	NetCashProvidedByUsedInOperatingActivities                                                                                                    -517,099 


The addends are calculated based on the calculation linkbase defined for 000006 - Statement - CONSOLIDATED STATEMENTS OF CASH FLOWS (Unaudited). If addends are missing then the calculation tree should be amended. The rule will not add dimension components as the financial statement does not include a table. If dimensions are used on the statement then add a table to ensure that the dimensions are defined correctly. 


Total Element : us-gaap:CashCashEquivalentsRestrictedCashAndRestrictedCashEquivalentsPeriodIncreaseDecreaseIncludingExchangeRateEffect
Total Value : -115,117 
Total period : 2022-01-01 to 2022-09-30 
Dimensions : 
Decimals of Total: 0
Unit of Total: USD
Rule Element Id:9590
Rule version: 19.0.4 - ttcm_10q.htm 1",2022-11-21,ERROR,DQC,126,1389067,"ARtelligence Holdings, Inc.",2022-11-21 08:12:00,0001477932-22-008734,US GAAP 2022,XBRL Document Created with XBRLMaster,10-Q,http://www.sec.gov/Archives/edgar/data/1389067/000147793222008734/ttcm_10q.htm,2022-11-21,2022,530903,https://www.sec.gov/Archives/edgar/data/1389067/000147793222008734/0001477932-22-008734-index.htm,7372,10q-ttcm-20220930
DQC.US.0126.9590,"2022-11-21 08:45:40,152 [DQC.US.0126.9590] The statement 000004 - Statement - CONSOLIDATED STATEMENTS OF OPERATIONS (Unaudited) includes an inconsistent calculation. The value of the concept us-gaap:NetIncomeLoss of -646,758  should be equal to the sum of its child components defined in the calculation linkbase. The sum of these child components is -710,762. The values of the addends is determined by adding the values of the child concepts.  The values reported in the financial statement in the current reporting period of 2022-01-01 to 2022-09-30 should be complete if the financial statement is to be mathematically accurate and complete. The components of us-gaap:NetIncomeLoss that should add to -646,758 are comprised of the following:

+  	OperatingIncomeLoss                                                                                                                           -678,760 
+  	OtherOperatingIncomeExpenseNet                                                                                                                 -32,002 


The addends are calculated based on the calculation linkbase defined for 000004 - Statement - CONSOLIDATED STATEMENTS OF OPERATIONS (Unaudited). If addends are missing then the calculation tree should be amended. The rule will not add dimension components as the financial statement does not include a table. If dimensions are used on the statement then add a table to ensure that the dimensions are defined correctly. 


Total Element : us-gaap:NetIncomeLoss
Total Value : -646,758 
Total period : 2022-01-01 to 2022-09-30 
Dimensions : 
Decimals of Total: 0
Unit of Total: USD
Rule Element Id:9590
Rule version: 19.0.4 - ttcm_10q.htm 1",2022-11-21,ERROR,DQC,126,1389067,"ARtelligence Holdings, Inc.",2022-11-21 08:12:00,0001477932-22-008734,US GAAP 2022,XBRL Document Created with XBRLMaster,10-Q,http://www.sec.gov/Archives/edgar/data/1389067/000147793222008734/ttcm_10q.htm,2022-11-21,2022,530903,https://www.sec.gov/Archives/edgar/data/1389067/000147793222008734/0001477932-22-008734-index.htm,7372,10q-ttcm-20220930
DQC.US.0126.9590,"2022-11-21 06:31:20,448 [DQC.US.0126.9590] The statement 000006 - Statement - CONDENSED CONSOLIDATED STATEMENTS OF CASH FLOWS (Unaudited) includes an inconsistent calculation. The value of the concept us-gaap:NetCashProvidedByUsedInOperatingActivities of -3,175,000  should be equal to the sum of its child components defined in the calculation linkbase. The sum of these child components is 10,785,000. The values of the addends is determined by adding the values of the child concepts.  The values reported in the financial statement in the current reporting period of 2022-01-01 to 2022-09-30 should be complete if the financial statement is to be mathematically accurate and complete. The components of us-gaap:NetCashProvidedByUsedInOperatingActivities that should add to -3,175,000 are comprised of the following:

+  	DepreciationAndAmortization                                                                                                                      2,000 
+  	FairValueAdjustmentOfWarrants                                                                                                                3,022,000 
-  	GainLossOnDerivativeInstrumentsNetPretax                                                                                                             0 
-  	GainsLossesOnExtinguishmentOfDebt                                                                                                                    0 
+  	IncreaseDecreaseInAccountsPayableAndAccruedLiabilities                                                                                          92,000 
-  	IncreaseDecreaseInAccountsReceivable                                                                                                           -10,000 
+  	IncreaseDecreaseInOperatingLeaseLiability                                                                                                      -41,000 
-  	IncreaseDecreaseInPrepaidExpensesOther                                                                                                         -10,000 
-  	ProfitLoss                                                                                                                                  -6,980,000 
+  	AmortizationOfDiscount                                                                                                                               0 
+  	AmortizationOfRightOfUseAsset                                                                                                                   40,000 
+  	FairValueOfCommonStockDuringPeriodValueIssuedForServices                                                                                       360,000 
+  	FairValueOfCommonStockDuringPeriodValueIssuedForfinancingServices                                                                                    0 
+  	IncreaseDecreaseInAccruedInterest                                                                                                              310,000 


The addends are calculated based on the calculation linkbase defined for 000006 - Statement - CONDENSED CONSOLIDATED STATEMENTS OF CASH FLOWS (Unaudited). If addends are missing then the calculation tree should be amended. The rule will not add dimension components as the financial statement does not include a table. If dimensions are used on the statement then add a table to ensure that the dimensions are defined correctly. 


Total Element : us-gaap:NetCashProvidedByUsedInOperatingActivities
Total Value : -3,175,000 
Total period : 2022-01-01 to 2022-09-30 
Dimensions : 
Decimals of Total: 0
Unit of Total: USD
Rule Element Id:9590
Rule version: 19.0.4 - zrfy_10q.htm 1",2022-11-21,ERROR,DQC,126,1285543,"ZERIFY, INC.",2022-11-21 06:05:00,0001477932-22-008727,US GAAP 2022,XBRL Document Created with XBRLMaster,10-Q,http://www.sec.gov/Archives/edgar/data/1285543/000147793222008727/zrfy_10q.htm,2022-11-21,2022,530844,https://www.sec.gov/Archives/edgar/data/1285543/000147793222008727/0001477932-22-008727-index.htm,7372,10q-sfor-20220930
DQC.US.0126.9590,"2022-11-21 06:30:45,317 [DQC.US.0126.9590] The statement 00000004 - Statement - CONDENSED CONSOLIDATED STATEMENTS OF OPERATIONS (UNAUDITED) includes an inconsistent calculation. The value of the concept us-gaap:NetIncomeLossAvailableToCommonStockholdersBasic of -17,808,000  should be equal to the sum of its child components defined in the calculation linkbase. The sum of these child components is -212,064,000. The values of the addends is determined by adding the values of the child concepts.  The values reported in the financial statement in the current reporting period of 2022-01-01 to 2022-09-30 should be complete if the financial statement is to be mathematically accurate and complete. The components of us-gaap:NetIncomeLossAvailableToCommonStockholdersBasic that should add to -17,808,000 are comprised of the following:

-  	NetIncomeLossAttributableToNoncontrollingInterest                                                                                          -16,933,000 
+  	NetLossAttributableToHoldingsLlcUnitholdersPriorToMergers                                                                                 -228,997,000 


The addends are calculated based on the calculation linkbase defined for 00000004 - Statement - CONDENSED CONSOLIDATED STATEMENTS OF OPERATIONS (UNAUDITED). If addends are missing then the calculation tree should be amended. The rule will not add dimension components as the financial statement does not include a table. If dimensions are used on the statement then add a table to ensure that the dimensions are defined correctly. 


Total Element : us-gaap:NetIncomeLossAvailableToCommonStockholdersBasic
Total Value : -17,808,000 
Total period : 2022-01-01 to 2022-09-30 
Dimensions : 
Decimals of Total: -3
Unit of Total: USD
Rule Element Id:9590
Rule version: 19.0.4 - rubicontechnologies_10q.htm 3734",2022-11-21,ERROR,DQC,126,1862068,"Rubicon Technologies, Inc.",2022-11-18 21:57:00,0001829126-22-019405,US GAAP 2022,Novaworks,10-Q,http://www.sec.gov/Archives/edgar/data/1862068/000182912622019405/rubicontechnologies_10q.htm,2022-11-21,2022,530848,https://www.sec.gov/Archives/edgar/data/1862068/000182912622019405/0001829126-22-019405-index.htm,7372,10q-rbt-20220930
DQC.US.0126.9590,"2022-11-21 06:30:45,317 [DQC.US.0126.9590] The statement 00000004 - Statement - CONDENSED CONSOLIDATED STATEMENTS OF OPERATIONS (UNAUDITED) includes an inconsistent calculation. The value of the concept us-gaap:NonoperatingIncomeExpense of -25,312,000  should be equal to the sum of its child components defined in the calculation linkbase. The sum of these child components is -23,712,000. The values of the addends is determined by adding the values of the child concepts.  The values reported in the financial statement in the current reporting period of 2022-01-01 to 2022-09-30 should be complete if the financial statement is to be mathematically accurate and complete. The components of us-gaap:NonoperatingIncomeExpense that should add to -25,312,000 are comprised of the following:

-  	InterestExpense                                                                                                                             12,264,000 
+  	InterestIncomeOther                                                                                                                              1,000 
+  	OtherNonoperatingIncomeExpense                                                                                                              -1,994,000 
-  	ExcessFairValueOverConsiderationReceivedForSafeValue                                                                                          -800,000 
-  	GainLossOnChangeInFairValueOfWarrantLiabilities                                                                                                436,000 
+  	GainOnChangeInFairValueOfEarnoutLiabilities                                                                                                 67,100,000 
-  	LossOnChangeInFairValueOfForwardPurchaseOptionDerivative                                                                                    76,919,000 


The addends are calculated based on the calculation linkbase defined for 00000004 - Statement - CONDENSED CONSOLIDATED STATEMENTS OF OPERATIONS (UNAUDITED). If addends are missing then the calculation tree should be amended. The rule will not add dimension components as the financial statement does not include a table. If dimensions are used on the statement then add a table to ensure that the dimensions are defined correctly. 


Total Element : us-gaap:NonoperatingIncomeExpense
Total Value : -25,312,000 
Total period : 2022-01-01 to 2022-09-30 
Dimensions : 
Decimals of Total: -3
Unit of Total: USD
Rule Element Id:9590
Rule version: 19.0.4 - rubicontechnologies_10q.htm 3692",2022-11-21,ERROR,DQC,126,1862068,"Rubicon Technologies, Inc.",2022-11-18 21:57:00,0001829126-22-019405,US GAAP 2022,Novaworks,10-Q,http://www.sec.gov/Archives/edgar/data/1862068/000182912622019405/rubicontechnologies_10q.htm,2022-11-21,2022,530848,https://www.sec.gov/Archives/edgar/data/1862068/000182912622019405/0001829126-22-019405-index.htm,7372,10q-rbt-20220930
DQC.US.0126.9590,"2022-11-21 06:30:45,317 [DQC.US.0126.9590] The statement 00000006 - Statement - CONDENSED CONSOLIDATED STATEMENTS OF CASH FLOWS (UNAUDITED) includes an inconsistent calculation. The value of the concept us-gaap:NetCashProvidedByUsedInOperatingActivities of -112,918,000  should be equal to the sum of its child components defined in the calculation linkbase. The sum of these child components is -63,658,000. The values of the addends is determined by adding the values of the child concepts.  The values reported in the financial statement in the current reporting period of 2022-01-01 to 2022-09-30 should be complete if the financial statement is to be mathematically accurate and complete. The components of us-gaap:NetCashProvidedByUsedInOperatingActivities that should add to -112,918,000 are comprised of the following:

+  	AccumulatedDepreciationDepletionAndAmortizationSaleOfPropertyPlantAndEquipment1                                                              4,026,000 
+  	AmortizationOfFinancingCostsAndDiscounts                                                                                                     2,378,000 
+  	DeferredForeignIncomeTaxExpenseBenefit                                                                                                          41,000 
-  	GainLossOnDispositionOfAssets                                                                                                                  -23,000 
+  	IncreaseDecreaseInAccountsPayable                                                                                                           10,967,000 
-  	IncreaseDecreaseInAccountsReceivable                                                                                                       -13,636,000 
+  	IncreaseDecreaseInAccruedLiabilities                                                                                                        52,450,000 
-  	IncreaseDecreaseInContractWithCustomerAsset                                                                                                 -5,821,000 
+  	IncreaseDecreaseInContractWithCustomerLiability                                                                                               -142,000 
+  	IncreaseDecreaseInOperatingLeaseLiability                                                                                                   -1,273,000 
-  	IncreaseDecreaseInOtherCurrentAssets                                                                                                           131,000 
-  	IncreaseDecreaseInOtherNoncurrentAssets                                                                                                        355,000 
+  	IncreaseDecreaseInOtherNoncurrentLiabilities                                                                                                   150,000 
-  	IncreaseDecreaseInPrepaidExpense                                                                                                            -5,528,000 
+  	NetIncomeLoss                                                                                                                             -263,738,000 
+  	BadDebtReserve                                                                                                                              -2,366,000 
+  	DeferredCompensationExpense                                                                                                                  1,250,000 
-  	EquitybasedCompensation                                                                                                                    -88,546,000 
+  	ExcessFairValueOverConsiderationReceivedForSafe                                                                                                800,000 
-  	GainOnChangesInFairValueOfEarnoutLiabilities                                                                                                67,100,000 
+  	IncreaseDecreaseInOperatingLeasesAssets                                                                                                        801,000 
+  	LossOnChangeInFairValueOfForwardPurchaseOptionsDerivative                                                                                   76,919,000 
+  	LossOnChangeInFairValueOfWarrants                                                                                                              436,000 
+  	PhantomUnitExpense                                                                                                                           6,783,000 
+  	SepaCommitmentFeeSettledInClassCommonStock                                                                                                     892,000 


The addends are calculated based on the calculation linkbase defined for 00000006 - Statement - CONDENSED CONSOLIDATED STATEMENTS OF CASH FLOWS (UNAUDITED). If addends are missing then the calculation tree should be amended. The rule will not add dimension components as the financial statement does not include a table. If dimensions are used on the statement then add a table to ensure that the dimensions are defined correctly. 


Total Element : us-gaap:NetCashProvidedByUsedInOperatingActivities
Total Value : -112,918,000 
Total period : 2022-01-01 to 2022-09-30 
Dimensions : 
Decimals of Total: -3
Unit of Total: USD
Rule Element Id:9590
Rule version: 19.0.4 - rubicontechnologies_10q.htm 4966",2022-11-21,ERROR,DQC,126,1862068,"Rubicon Technologies, Inc.",2022-11-18 21:57:00,0001829126-22-019405,US GAAP 2022,Novaworks,10-Q,http://www.sec.gov/Archives/edgar/data/1862068/000182912622019405/rubicontechnologies_10q.htm,2022-11-21,2022,530848,https://www.sec.gov/Archives/edgar/data/1862068/000182912622019405/0001829126-22-019405-index.htm,7372,10q-rbt-20220930
DQC.US.0126.9590,"2022-11-17 19:31:53,877 [DQC.US.0126.9590] The statement 000006 - Statement - STATEMENTS OF CASH FLOWS (Unaudited) includes an inconsistent calculation. The value of the concept us-gaap:NetCashProvidedByUsedInInvestingActivities of -166,405  should be equal to the sum of its child components defined in the calculation linkbase. The sum of these child components is 164,467. The values of the addends is determined by adding the values of the child concepts.  The values reported in the financial statement in the current reporting period of 2022-01-01 to 2022-09-30 should be complete if the financial statement is to be mathematically accurate and complete. The components of us-gaap:NetCashProvidedByUsedInInvestingActivities that should add to -166,405 are comprised of the following:

+  	CapitalizedComputerSoftwareAdditions                                                                                                           165,436 
-  	PaymentsToAcquirePropertyPlantAndEquipment                                                                                                         969 


The addends are calculated based on the calculation linkbase defined for 000006 - Statement - STATEMENTS OF CASH FLOWS (Unaudited). If addends are missing then the calculation tree should be amended. The rule will not add dimension components as the financial statement does not include a table. If dimensions are used on the statement then add a table to ensure that the dimensions are defined correctly. 


Total Element : us-gaap:NetCashProvidedByUsedInInvestingActivities
Total Value : -166,405 
Total period : 2022-01-01 to 2022-09-30 
Dimensions : 
Decimals of Total: 0
Unit of Total: USD
Rule Element Id:9590
Rule version: 19.0.4 - imci_10q.htm 2",2022-11-18,ERROR,DQC,126,884650,"Infinite Group, Inc.",2022-11-17 16:30:00,0001654954-22-015502,US GAAP 2022,XBRL Document Created with XBRLMaster,10-Q,http://www.sec.gov/Archives/edgar/data/884650/000165495422015502/imci_10q.htm,2022-11-17,2022,530462,https://www.sec.gov/Archives/edgar/data/884650/000165495422015502/0001654954-22-015502-index.htm,7372,10q-imci-20220930
DQC.US.0126.9590,"2022-11-17 19:31:53,878 [DQC.US.0126.9590] The statement 000006 - Statement - STATEMENTS OF CASH FLOWS (Unaudited) includes an inconsistent calculation. The value of the concept us-gaap:NetCashProvidedByUsedInOperatingActivities of -699,104  should be equal to the sum of its child components defined in the calculation linkbase. The sum of these child components is 4,519,124. The values of the addends is determined by adding the values of the child concepts.  The values reported in the financial statement in the current reporting period of 2022-01-01 to 2022-09-30 should be complete if the financial statement is to be mathematically accurate and complete. The components of us-gaap:NetCashProvidedByUsedInOperatingActivities that should add to -699,104 are comprised of the following:

+  	AmortizationOfDebtDiscountPremium                                                                                                              453,892 
+  	DebtInstrumentDecreaseForgiveness                                                                                                                    0 
+  	DepreciationAndAmortization                                                                                                                    178,471 
-  	IncreaseDecreaseInAccountsAndOtherReceivables                                                                                                    5,000 
+  	IncreaseDecreaseInAccountsPayable                                                                                                              757,007 
-  	IncreaseDecreaseInAccountsReceivable                                                                                                           136,472 
+  	IncreaseDecreaseInAccruedLiabilities                                                                                                           352,521 
+  	IncreaseDecreaseInDeferredRevenue                                                                                                               16,593 
+  	IncreaseDecreaseInPensionAndPostretirementObligations                                                                                            8,345 
-  	IncreaseDecreaseInPrepaidExpensesOther                                                                                                          38,139 
-  	ProfitLoss                                                                                                                                  -2,788,725 
+  	ShareBasedCompensation                                                                                                                         143,181 


The addends are calculated based on the calculation linkbase defined for 000006 - Statement - STATEMENTS OF CASH FLOWS (Unaudited). If addends are missing then the calculation tree should be amended. The rule will not add dimension components as the financial statement does not include a table. If dimensions are used on the statement then add a table to ensure that the dimensions are defined correctly. 


Total Element : us-gaap:NetCashProvidedByUsedInOperatingActivities
Total Value : -699,104 
Total period : 2022-01-01 to 2022-09-30 
Dimensions : 
Decimals of Total: 0
Unit of Total: USD
Rule Element Id:9590
Rule version: 19.0.4 - imci_10q.htm 2",2022-11-18,ERROR,DQC,126,884650,"Infinite Group, Inc.",2022-11-17 16:30:00,0001654954-22-015502,US GAAP 2022,XBRL Document Created with XBRLMaster,10-Q,http://www.sec.gov/Archives/edgar/data/884650/000165495422015502/imci_10q.htm,2022-11-17,2022,530462,https://www.sec.gov/Archives/edgar/data/884650/000165495422015502/0001654954-22-015502-index.htm,7372,10q-imci-20220930
DQC.US.0126.9590,"2022-11-17 07:26:15,311 [DQC.US.0126.9590] The statement 000006 - Statement - Condensed Consolidated Statements of Cash Flows (Unaudited) includes an inconsistent calculation. The value of the concept us-gaap:NetCashProvidedByUsedInOperatingActivities of -1,787,632  should be equal to the sum of its child components defined in the calculation linkbase. The sum of these child components is -1,763,227. The values of the addends is determined by adding the values of the child concepts.  The values reported in the financial statement in the current reporting period of 2022-07-01 to 2022-09-30 should be complete if the financial statement is to be mathematically accurate and complete. The components of us-gaap:NetCashProvidedByUsedInOperatingActivities that should add to -1,787,632 are comprised of the following:

+  	IncreaseDecreaseInAccountsPayableAndAccruedLiabilities                                                                                         108,145 
+  	IncreaseDecreaseInOtherAccountsPayableAndAccruedLiabilities                                                                                     29,255 
+  	IncreaseDecreaseInOtherCurrentLiabilities                                                                                                          -33 
-  	IncreaseDecreaseInPrepaidExpense                                                                                                               101,038 
+  	ShareBasedCompensation                                                                                                                       1,828,424 
-  	StockAndWarrantsIssuedDuringPeriodValuePreferredStockAndWarrants                                                                             3,627,980 


The addends are calculated based on the calculation linkbase defined for 000006 - Statement - Condensed Consolidated Statements of Cash Flows (Unaudited). If addends are missing then the calculation tree should be amended. The rule will not add dimension components as the financial statement does not include a table. If dimensions are used on the statement then add a table to ensure that the dimensions are defined correctly. 


Total Element : us-gaap:NetCashProvidedByUsedInOperatingActivities
Total Value : -1,787,632 
Total period : 2022-07-01 to 2022-09-30 
Dimensions : 
Decimals of Total: 0
Unit of Total: USD
Rule Element Id:9590
Rule version: 19.0.2 - hlco_10q.htm 1",2022-11-17,ERROR,DQC,126,1441082,THE HEALING COMPANY INC.,2022-11-15 11:41:00,0001477932-22-008607,US GAAP 2022,Document Created by XBRLMaster,10-Q,http://www.sec.gov/Archives/edgar/data/1441082/000147793222008607/hlco_10q.htm,2022-11-15,2022,529494,https://www.sec.gov/Archives/edgar/data/1441082/000147793222008607/0001477932-22-008607-index.htm,1000,10q-hlco-20220930
DQC.US.0126.9590,"2022-11-17 07:26:15,312 [DQC.US.0126.9590] The statement 000002 - Statement - Condensed Consolidated Balance Sheets includes an inconsistent calculation. The value of the concept us-gaap:AssetsCurrent of 4,893,017  should be equal to the sum of its child components defined in the calculation linkbase. The sum of these child components is 2,186,576. The values of the addends is determined by adding the values of the child concepts.  The values reported in the financial statement in the current reporting period of 2022-09-30 should be complete if the financial statement is to be mathematically accurate and complete. The components of us-gaap:AssetsCurrent that should add to 4,893,017 are comprised of the following:

+  	OtherAssetsCurrent                                                                                                                           2,000,000 
+  	PrepaidExpenseCurrent                                                                                                                          186,576 


The addends are calculated based on the calculation linkbase defined for 000002 - Statement - Condensed Consolidated Balance Sheets. If addends are missing then the calculation tree should be amended. The rule will not add dimension components as the financial statement does not include a table. If dimensions are used on the statement then add a table to ensure that the dimensions are defined correctly. 


Total Element : us-gaap:AssetsCurrent
Total Value : 4,893,017 
Total period : 2022-09-30 
Dimensions : 
Decimals of Total: 0
Unit of Total: USD
Rule Element Id:9590
Rule version: 19.0.2 - hlco_10q.htm 1",2022-11-17,ERROR,DQC,126,1441082,THE HEALING COMPANY INC.,2022-11-15 11:41:00,0001477932-22-008607,US GAAP 2022,Document Created by XBRLMaster,10-Q,http://www.sec.gov/Archives/edgar/data/1441082/000147793222008607/hlco_10q.htm,2022-11-15,2022,529494,https://www.sec.gov/Archives/edgar/data/1441082/000147793222008607/0001477932-22-008607-index.htm,1000,10q-hlco-20220930
DQC.US.0126.9590,"2022-11-17 07:26:15,312 [DQC.US.0126.9590] The statement 000002 - Statement - Condensed Consolidated Balance Sheets includes an inconsistent calculation. The value of the concept us-gaap:StockholdersEquity of 4,305,657  should be equal to the sum of its child components defined in the calculation linkbase. The sum of these child components is 26,218,087. The values of the addends is determined by adding the values of the child concepts.  The values reported in the financial statement in the current reporting period of 2022-09-30 should be complete if the financial statement is to be mathematically accurate and complete. The components of us-gaap:StockholdersEquity that should add to 4,305,657 are comprised of the following:

+  	AdditionalPaidInCapital                                                                                                                     31,062,322 
+  	CommonStockValue                                                                                                                                47,705 
+  	DeferredCompensationLiabilityCurrentAndNoncurrent                                                                                           10,956,215 
+  	DeferredTaxLiabilitiesOtherComprehensiveIncome                                                                                                  18,475 
+  	PreferredStockValue                                                                                                                              4,660 
+  	RetainedEarningsAccumulatedDeficit                                                                                                         -15,871,290 


The addends are calculated based on the calculation linkbase defined for 000002 - Statement - Condensed Consolidated Balance Sheets. If addends are missing then the calculation tree should be amended. The rule will not add dimension components as the financial statement does not include a table. If dimensions are used on the statement then add a table to ensure that the dimensions are defined correctly. 


Total Element : us-gaap:StockholdersEquity
Total Value : 4,305,657 
Total period : 2022-09-30 
Dimensions : 
Decimals of Total: 0
Unit of Total: USD
Rule Element Id:9590
Rule version: 19.0.2 - hlco_10q.htm 1",2022-11-17,ERROR,DQC,126,1441082,THE HEALING COMPANY INC.,2022-11-15 11:41:00,0001477932-22-008607,US GAAP 2022,Document Created by XBRLMaster,10-Q,http://www.sec.gov/Archives/edgar/data/1441082/000147793222008607/hlco_10q.htm,2022-11-15,2022,529494,https://www.sec.gov/Archives/edgar/data/1441082/000147793222008607/0001477932-22-008607-index.htm,1000,10q-hlco-20220930
DQC.US.0126.9590,"2022-11-17 06:31:54,862 [DQC.US.0126.9590] The statement 000006 - Statement - CONDENSED CONSOLIDATED STATEMENTS OF CASH FLOWS (Unaudited) includes an inconsistent calculation. The value of the concept us-gaap:NetCashProvidedByUsedInOperatingActivities of 110,375  should be equal to the sum of its child components defined in the calculation linkbase. The sum of these child components is 463,257. The values of the addends is determined by adding the values of the child concepts.  The values reported in the financial statement in the current reporting period of 2022-01-01 to 2022-09-30 should be complete if the financial statement is to be mathematically accurate and complete. The components of us-gaap:NetCashProvidedByUsedInOperatingActivities that should add to 110,375 are comprised of the following:

+  	DebtInstrumentDecreaseForgiveness                                                                                                              176,441 
+  	DepreciationDepletionAndAmortization                                                                                                            75,481 
-  	IncreaseDecreaseInAccountsAndOtherReceivables                                                                                                    2,263 
+  	IncreaseDecreaseInAccountsPayable                                                                                                               21,230 
+  	IncreaseDecreaseInAccruedLiabilities                                                                                                             8,520 
-  	IncreaseDecreaseInOtherOperatingCapitalNet                                                                                                         766 
-  	IncreaseDecreaseInPrepaidDeferredExpenseAndOtherAssets                                                                                             764 
-  	ProfitLoss                                                                                                                                    -156,968 
+  	ShareBasedCompensation                                                                                                                               0 
+  	ImputedInterestExpense                                                                                                                          28,410 


The addends are calculated based on the calculation linkbase defined for 000006 - Statement - CONDENSED CONSOLIDATED STATEMENTS OF CASH FLOWS (Unaudited). If addends are missing then the calculation tree should be amended. The rule will not add dimension components as the financial statement does not include a table. If dimensions are used on the statement then add a table to ensure that the dimensions are defined correctly. 


Total Element : us-gaap:NetCashProvidedByUsedInOperatingActivities
Total Value : 110,375 
Total period : 2022-01-01 to 2022-09-30 
Dimensions : 
Decimals of Total: 0
Unit of Total: USD
Rule Element Id:9590
Rule version: 19.0.2 - frzt_10q.htm 1",2022-11-17,ERROR,DQC,126,1485074,"FREEZE TAG, Inc.",2022-11-14 17:00:00,0001477932-22-008541,US GAAP 2022,Document Created by XBRLMaster,10-Q,http://www.sec.gov/Archives/edgar/data/1485074/000147793222008541/frzt_10q.htm,2022-11-14,2022,529993,https://www.sec.gov/Archives/edgar/data/1485074/000147793222008541/0001477932-22-008541-index.htm,7372,10q-frzt-20220930
DQC.US.0126.9590,"2022-11-17 06:17:09,887 [DQC.US.0126.9590] The statement 00000002 - Statement - Consolidated Balance Sheets includes an inconsistent calculation. The value of the concept us-gaap:Assets of 6,038,257  should be equal to the sum of its child components defined in the calculation linkbase. The sum of these child components is 5,706,632. The values of the addends is determined by adding the values of the child concepts.  The values reported in the financial statement in the current reporting period of 2022-09-30 should be complete if the financial statement is to be mathematically accurate and complete. The components of us-gaap:Assets that should add to 6,038,257 are comprised of the following:

+  	AssetsCurrent                                                                                                                                3,156,660 
+  	FiniteLivedIntangibleAssetsNet                                                                                                                  17,350 
+  	OtherAssetsNoncurrent                                                                                                                            8,193 
+  	PropertyPlantAndEquipmentNet                                                                                                                 2,524,429 


The addends are calculated based on the calculation linkbase defined for 00000002 - Statement - Consolidated Balance Sheets. If addends are missing then the calculation tree should be amended. The rule will not add dimension components as the financial statement does not include a table. If dimensions are used on the statement then add a table to ensure that the dimensions are defined correctly. 


Total Element : us-gaap:Assets
Total Value : 6,038,257 
Total period : 2022-09-30 
Dimensions : 
Decimals of Total: 0
Unit of Total: USD
Rule Element Id:9590
Rule version: 19.0.2 - lgtg-20220930.xml 439",2022-11-17,ERROR,DQC,126,1392545,"Lightning Gaming, Inc.",2022-11-14 16:47:00,0000890163-22-000052,US GAAP 2021,Field: Doc-Info; Name: Generator; Value: GoFiler Complete; Version: 5.12b,10-Q,http://www.sec.gov/Archives/edgar/data/1392545/000089016322000052/lgtg-20220930.xml,2022-11-14,2022,529792,https://www.sec.gov/Archives/edgar/data/1392545/000089016322000052/0000890163-22-000052-index.htm,7372,10q-lgtg-20220930
DQC.US.0126.9590,"2022-11-17 06:17:09,887 [DQC.US.0126.9590] The statement 00000002 - Statement - Consolidated Balance Sheets includes an inconsistent calculation. The value of the concept us-gaap:LiabilitiesCurrent of 1,168,319  should be equal to the sum of its child components defined in the calculation linkbase. The sum of these child components is 1,071,370. The values of the addends is determined by adding the values of the child concepts.  The values reported in the financial statement in the current reporting period of 2022-09-30 should be complete if the financial statement is to be mathematically accurate and complete. The components of us-gaap:LiabilitiesCurrent that should add to 1,168,319 are comprised of the following:

+  	AccountsPayableCurrent                                                                                                                          73,500 
+  	AccruedLiabilitiesCurrent                                                                                                                      235,836 
+  	InterestPayableCurrent                                                                                                                              92 
+  	LoansPayableCurrent                                                                                                                            761,942 


The addends are calculated based on the calculation linkbase defined for 00000002 - Statement - Consolidated Balance Sheets. If addends are missing then the calculation tree should be amended. The rule will not add dimension components as the financial statement does not include a table. If dimensions are used on the statement then add a table to ensure that the dimensions are defined correctly. 


Total Element : us-gaap:LiabilitiesCurrent
Total Value : 1,168,319 
Total period : 2022-09-30 
Dimensions : 
Decimals of Total: 0
Unit of Total: USD
Rule Element Id:9590
Rule version: 19.0.2 - lgtg-20220930.xml 445",2022-11-17,ERROR,DQC,126,1392545,"Lightning Gaming, Inc.",2022-11-14 16:47:00,0000890163-22-000052,US GAAP 2021,Field: Doc-Info; Name: Generator; Value: GoFiler Complete; Version: 5.12b,10-Q,http://www.sec.gov/Archives/edgar/data/1392545/000089016322000052/lgtg-20220930.xml,2022-11-14,2022,529792,https://www.sec.gov/Archives/edgar/data/1392545/000089016322000052/0000890163-22-000052-index.htm,7372,10q-lgtg-20220930
DQC.US.0126.9590,"2022-11-17 06:17:09,887 [DQC.US.0126.9590] The statement 00000002 - Statement - Consolidated Balance Sheets includes an inconsistent calculation. The value of the concept us-gaap:StockholdersEquity of 624,250  should be equal to the sum of its child components defined in the calculation linkbase. The sum of these child components is 590,950. The values of the addends is determined by adding the values of the child concepts.  The values reported in the financial statement in the current reporting period of 2022-09-30 should be complete if the financial statement is to be mathematically accurate and complete. The components of us-gaap:StockholdersEquity that should add to 624,250 are comprised of the following:

+  	AdditionalPaidInCapital                                                                                                                     30,656,277 
+  	CommonStockValue                                                                                                                                 4,917 
+  	RetainedEarningsAccumulatedDeficit                                                                                                         -30,049,433 
-  	TreasuryStockValue                                                                                                                              20,811 


The addends are calculated based on the calculation linkbase defined for 00000002 - Statement - Consolidated Balance Sheets. If addends are missing then the calculation tree should be amended. The rule will not add dimension components as the financial statement does not include a table. If dimensions are used on the statement then add a table to ensure that the dimensions are defined correctly. 


Total Element : us-gaap:StockholdersEquity
Total Value : 624,250 
Total period : 2022-09-30 
Dimensions : 
Decimals of Total: 0
Unit of Total: USD
Rule Element Id:9590
Rule version: 19.0.2 - lgtg-20220930.xml 463",2022-11-17,ERROR,DQC,126,1392545,"Lightning Gaming, Inc.",2022-11-14 16:47:00,0000890163-22-000052,US GAAP 2021,Field: Doc-Info; Name: Generator; Value: GoFiler Complete; Version: 5.12b,10-Q,http://www.sec.gov/Archives/edgar/data/1392545/000089016322000052/lgtg-20220930.xml,2022-11-14,2022,529792,https://www.sec.gov/Archives/edgar/data/1392545/000089016322000052/0000890163-22-000052-index.htm,7372,10q-lgtg-20220930
DQC.US.0126.9590,"2022-11-17 06:17:09,888 [DQC.US.0126.9590] The statement 00000005 - Statement - Consolidated Statements of Cash Flows (Unaudited) includes an inconsistent calculation. The value of the concept us-gaap:NetCashProvidedByUsedInFinancingActivities of -553,131  should be equal to the sum of its child components defined in the calculation linkbase. The sum of these child components is -187,440. The values of the addends is determined by adding the values of the child concepts.  The values reported in the financial statement in the current reporting period of 2022-07-01 to 2022-09-30 should be complete if the financial statement is to be mathematically accurate and complete. The components of us-gaap:NetCashProvidedByUsedInFinancingActivities that should add to -553,131 are comprised of the following:

+  	ProceedsFromIssuanceOfUnsecuredDebt                                                                                                           -176,518 
-  	PaymentOnCapitalLease                                                                                                                           10,922 


The addends are calculated based on the calculation linkbase defined for 00000005 - Statement - Consolidated Statements of Cash Flows (Unaudited). If addends are missing then the calculation tree should be amended. The rule will not add dimension components as the financial statement does not include a table. If dimensions are used on the statement then add a table to ensure that the dimensions are defined correctly. 


Total Element : us-gaap:NetCashProvidedByUsedInFinancingActivities
Total Value : -553,131 
Total period : 2022-07-01 to 2022-09-30 
Dimensions : 
Decimals of Total: 0
Unit of Total: USD
Rule Element Id:9590
Rule version: 19.0.2 - lgtg-20220930.xml 529",2022-11-17,ERROR,DQC,126,1392545,"Lightning Gaming, Inc.",2022-11-14 16:47:00,0000890163-22-000052,US GAAP 2021,Field: Doc-Info; Name: Generator; Value: GoFiler Complete; Version: 5.12b,10-Q,http://www.sec.gov/Archives/edgar/data/1392545/000089016322000052/lgtg-20220930.xml,2022-11-14,2022,529792,https://www.sec.gov/Archives/edgar/data/1392545/000089016322000052/0000890163-22-000052-index.htm,7372,10q-lgtg-20220930
DQC.US.0126.9590,"2022-11-15 13:18:58,980 [DQC.US.0126.9590] The statement 000006 - Statement - CONDENSED STATEMENTS OF CASH FLOWS (UNAUDITED) includes an inconsistent calculation. The value of the concept us-gaap:NetCashProvidedByUsedInOperatingActivities of -1,675,691  should be equal to the sum of its child components defined in the calculation linkbase. The sum of these child components is 6,385,209. The values of the addends is determined by adding the values of the child concepts.  The values reported in the financial statement in the current reporting period of 2022-01-01 to 2022-09-30 should be complete if the financial statement is to be mathematically accurate and complete. The components of us-gaap:NetCashProvidedByUsedInOperatingActivities that should add to -1,675,691 are comprised of the following:

+  	AllowanceForDoubtfulAccountsReceivableWriteOffs                                                                                                137,676 
+  	DeferredSalesInducementsAmortizationExpense                                                                                                    983,934 
+  	Depreciation                                                                                                                                    16,788 
+  	DividendsSharebasedCompensationStock                                                                                                           783,514 
+  	IncreaseDecreaseInAccountsPayableAndAccruedLiabilities                                                                                         238,841 
-  	IncreaseDecreaseInAccountsReceivable                                                                                                            13,759 
+  	IncreaseDecreaseInDeferredRevenue                                                                                                               -5,096 
+  	IncreaseDecreaseInOperatingLeaseLiability                                                                                                       26,533 
-  	IncreaseDecreaseInPrepaidDeferredExpenseAndOtherAssets                                                                                          56,064 
+  	LegalFees                                                                                                                                       24,958 
-  	ProfitLoss                                                                                                                                  -4,431,338 
-  	GainOnCancellationOfLiabilities                                                                                                                      0 
+  	NonCashInterestExpense                                                                                                                         217,434 
-  	OriginationFee                                                                                                                                 400,888 


The addends are calculated based on the calculation linkbase defined for 000006 - Statement - CONDENSED STATEMENTS OF CASH FLOWS (UNAUDITED). If addends are missing then the calculation tree should be amended. The rule will not add dimension components as the financial statement does not include a table. If dimensions are used on the statement then add a table to ensure that the dimensions are defined correctly. 


Total Element : us-gaap:NetCashProvidedByUsedInOperatingActivities
Total Value : -1,675,691 
Total period : 2022-01-01 to 2022-09-30 
Dimensions : 
Decimals of Total: 0
Unit of Total: USD
Rule Element Id:9590
Rule version: 19.0.2 - icct_10q.htm 1",2022-11-15,ERROR,DQC,126,1408057,iCoreConnect Inc.,2022-11-14 16:22:00,0001477932-22-008519,US GAAP 2022,Document Created by XBRLMaster,10-Q,http://www.sec.gov/Archives/edgar/data/1408057/000147793222008519/icct_10q.htm,2022-11-14,2022,528804,https://www.sec.gov/Archives/edgar/data/1408057/000147793222008519/0001477932-22-008519-index.htm,7372,10q-icct-20220930
DQC.US.0126.9590,"2022-11-15 13:18:58,981 [DQC.US.0126.9590] The statement 000004 - Statement - CONDENSED STATEMENTS OF OPERATIONS (UNAUDITED) includes an inconsistent calculation. The value of the concept us-gaap:OtherNonoperatingIncomeExpense of -1,155,676  should be equal to the sum of its child components defined in the calculation linkbase. The sum of these child components is -353,900. The values of the addends is determined by adding the values of the child concepts.  The values reported in the financial statement in the current reporting period of 2022-01-01 to 2022-09-30 should be complete if the financial statement is to be mathematically accurate and complete. The components of us-gaap:OtherNonoperatingIncomeExpense that should add to -1,155,676 are comprised of the following:

-  	InterestExpense                                                                                                                                561,395 
+  	OtherNoncashIncomeExpense                                                                                                                     -193,393 
-  	RestructuringCharges                                                                                                                          -400,888 


The addends are calculated based on the calculation linkbase defined for 000004 - Statement - CONDENSED STATEMENTS OF OPERATIONS (UNAUDITED). If addends are missing then the calculation tree should be amended. The rule will not add dimension components as the financial statement does not include a table. If dimensions are used on the statement then add a table to ensure that the dimensions are defined correctly. 


Total Element : us-gaap:OtherNonoperatingIncomeExpense
Total Value : -1,155,676 
Total period : 2022-01-01 to 2022-09-30 
Dimensions : 
Decimals of Total: 0
Unit of Total: USD
Rule Element Id:9590
Rule version: 19.0.2 - icct_10q.htm 1",2022-11-15,ERROR,DQC,126,1408057,iCoreConnect Inc.,2022-11-14 16:22:00,0001477932-22-008519,US GAAP 2022,Document Created by XBRLMaster,10-Q,http://www.sec.gov/Archives/edgar/data/1408057/000147793222008519/icct_10q.htm,2022-11-14,2022,528804,https://www.sec.gov/Archives/edgar/data/1408057/000147793222008519/0001477932-22-008519-index.htm,7372,10q-icct-20220930
DQC.US.0126.9590,"2022-11-15 06:20:08,369 [DQC.US.0126.9590] The statement 000060 - Statement - Consolidated Statements of Cash Flows includes an inconsistent calculation. The value of the concept us-gaap:NetCashProvidedByUsedInOperatingActivities of -155,189  should be equal to the sum of its child components defined in the calculation linkbase. The sum of these child components is 922,311. The values of the addends is determined by adding the values of the child concepts.  The values reported in the financial statement in the current reporting period of 2022-07-01 to 2022-09-30 should be complete if the financial statement is to be mathematically accurate and complete. The components of us-gaap:NetCashProvidedByUsedInOperatingActivities that should add to -155,189 are comprised of the following:

+  	Depreciation                                                                                                                                    11,422 
+  	IncreaseDecreaseInAccountsPayableAndAccruedLiabilities                                                                                         278,118 
-  	IncreaseDecreaseInOtherOperatingCapitalNet                                                                                                       4,276 
+  	NetIncomeLoss                                                                                                                                   60,598 
+  	OtherNoncashExpense                                                                                                                            538,750 
+  	NonCashInterestExpense                                                                                                                               0 
+  	NonCashLossRecoveryAssociatedWithMisappropriatedFunds                                                                                                0 
+  	WarrantOptionExpenseFromDerivativeLiability                                                                                                     37,699 


The addends are calculated based on the calculation linkbase defined for 000060 - Statement - Consolidated Statements of Cash Flows. If addends are missing then the calculation tree should be amended. The rule will not add dimension components as the financial statement does not include a table. If dimensions are used on the statement then add a table to ensure that the dimensions are defined correctly. 


Total Element : us-gaap:NetCashProvidedByUsedInOperatingActivities
Total Value : -155,189 
Total period : 2022-07-01 to 2022-09-30 
Dimensions : 
Decimals of Total: inf
Unit of Total: USD
Rule Element Id:9590
Rule version: 19.0.2 - sfgc-20220930.htm 2277",2022-11-15,ERROR,DQC,126,851726,SANTA FE GOLD CORPORATION,2022-11-14 12:31:00,0001096906-22-002743,US GAAP 2022,"Produced by EDGARsuite software, Advanced Computer Innovations, Inc., Copyright (C) 2008-2022 [PPXK5GW761L0VGS139PY]. www.edgarsuite.com",10-Q,http://www.sec.gov/Archives/edgar/data/851726/000109690622002743/sfgc-20220930.htm,2022-11-14,2022,528175,https://www.sec.gov/Archives/edgar/data/851726/000109690622002743/0001096906-22-002743-index.htm,1000,10q-sfgc-20220930
DQC.US.0126.9590,"2022-11-13 00:53:24,375 [DQC.US.0126.9590] The statement 000004 - Statement - CONDENSED CONSOLIDATED STATEMENTS OF OPERATIONS AND COMPREHENSIVE INCOME (LOSS) (Unaudited) includes an inconsistent calculation. The value of the concept us-gaap:NetIncomeLoss of 622,225  should be equal to the sum of its child components defined in the calculation linkbase. The sum of these child components is 1,850,247. The values of the addends is determined by adding the values of the child concepts.  The values reported in the financial statement in the current reporting period of 2022-01-01 to 2022-09-30 should be complete if the financial statement is to be mathematically accurate and complete. The components of us-gaap:NetIncomeLoss that should add to 622,225 are comprised of the following:

+  	ForeignCurrencyTransactionGainLossBeforeTax                                                                                                     43,139 
-  	OperatingExpenses                                                                                                                             -614,011 
+  	UnrealizedGainLossOnInvestments                                                                                                                161,053 
+  	AccrualsReversal                                                                                                                             1,032,044 


The addends are calculated based on the calculation linkbase defined for 000004 - Statement - CONDENSED CONSOLIDATED STATEMENTS OF OPERATIONS AND COMPREHENSIVE INCOME (LOSS) (Unaudited). If addends are missing then the calculation tree should be amended. The rule will not add dimension components as the financial statement does not include a table. If dimensions are used on the statement then add a table to ensure that the dimensions are defined correctly. 


Total Element : us-gaap:NetIncomeLoss
Total Value : 622,225 
Total period : 2022-01-01 to 2022-09-30 
Dimensions : 
Decimals of Total: 0
Unit of Total: USD
Rule Element Id:9590
Rule version: 19.0.2 - scy_10q.htm 1",2022-11-13,ERROR,DQC,126,1408146,SCANDIUM INTERNATIONAL MINING CORP.,2022-11-10 15:51:00,0001654954-22-015016,US GAAP 2022,Document Created by XBRLMaster,10-Q,http://www.sec.gov/Archives/edgar/data/1408146/000165495422015016/scy_10q.htm,2022-11-10,2022,526750,https://www.sec.gov/Archives/edgar/data/1408146/000165495422015016/0001654954-22-015016-index.htm,1000,10q-scy-20220930
DQC.US.0126.9590,"2022-11-13 00:53:24,375 [DQC.US.0126.9590] The statement 000004 - Statement - CONDENSED CONSOLIDATED STATEMENTS OF OPERATIONS AND COMPREHENSIVE INCOME (LOSS) (Unaudited) includes an inconsistent calculation. The value of the concept us-gaap:OperatingExpenses of -614,011  should be equal to the sum of its child components defined in the calculation linkbase. The sum of these child components is 614,011. The values of the addends is determined by adding the values of the child concepts.  The values reported in the financial statement in the current reporting period of 2022-01-01 to 2022-09-30 should be complete if the financial statement is to be mathematically accurate and complete. The components of us-gaap:OperatingExpenses that should add to -614,011 are comprised of the following:

+  	DepreciationAndAmortization                                                                                                                      2,932 
+  	GeneralInsuranceExpense                                                                                                                         23,052 
+  	LaborAndRelatedExpense                                                                                                                         180,256 
+  	LegalFees                                                                                                                                       18,363 
+  	ProfessionalFees                                                                                                                                87,261 
+  	ShareBasedCompensation                                                                                                                         149,669 
+  	ExplorationRecovery                                                                                                                             -8,455 
+  	GeneralAndAdministrativeExpenses                                                                                                               160,933 


The addends are calculated based on the calculation linkbase defined for 000004 - Statement - CONDENSED CONSOLIDATED STATEMENTS OF OPERATIONS AND COMPREHENSIVE INCOME (LOSS) (Unaudited). If addends are missing then the calculation tree should be amended. The rule will not add dimension components as the financial statement does not include a table. If dimensions are used on the statement then add a table to ensure that the dimensions are defined correctly. 


Total Element : us-gaap:OperatingExpenses
Total Value : -614,011 
Total period : 2022-01-01 to 2022-09-30 
Dimensions : 
Decimals of Total: 0
Unit of Total: USD
Rule Element Id:9590
Rule version: 19.0.2 - scy_10q.htm 1",2022-11-13,ERROR,DQC,126,1408146,SCANDIUM INTERNATIONAL MINING CORP.,2022-11-10 15:51:00,0001654954-22-015016,US GAAP 2022,Document Created by XBRLMaster,10-Q,http://www.sec.gov/Archives/edgar/data/1408146/000165495422015016/scy_10q.htm,2022-11-10,2022,526750,https://www.sec.gov/Archives/edgar/data/1408146/000165495422015016/0001654954-22-015016-index.htm,1000,10q-scy-20220930
DQC.US.0126.9590,"2023-02-02 19:16:17,348 [DQC.US.0126.9590] The statement 0000006 - Statement - Condensed Consolidated Statements of Cash Flows includes an inconsistent calculation. The value of the concept us-gaap:NetCashProvidedByUsedInOperatingActivities of 1,593,200,000  should be equal to the sum of its child components defined in the calculation linkbase. The sum of these child components is 1,987,000,000. The values of the addends is determined by adding the values of the child concepts.  The values reported in the financial statement in the current reporting period of 2022-10-03 to 2023-01-01 should be complete if the financial statement is to be mathematically accurate and complete. The components of us-gaap:NetCashProvidedByUsedInOperatingActivities that should add to 1,593,200,000 are comprised of the following:

+  	DeferredIncomeTaxExpenseBenefit                                                                                                             15,800,000 
+  	DepreciationDepletionAndAmortization                                                                                                       342,500,000 
+  	EquityMethodInvestmentDividendsOrDistributions                                                                                              45,700,000 
+  	IncreaseDecreaseInAccountsPayable                                                                                                         -117,300,000 
-  	IncreaseDecreaseInAccountsReceivable                                                                                                       -42,000,000 
+  	IncreaseDecreaseInDeferredRevenue                                                                                                          461,000,000 
-  	IncreaseDecreaseInInventories                                                                                                             -108,500,000 
-  	IncreaseDecreaseInOtherOperatingCapitalNet                                                                                                -198,600,000 
-  	OtherNoncashIncomeExpense                                                                                                                   -6,700,000 
+  	ProfitLoss                                                                                                                                 855,200,000 
+  	ShareBasedCompensation                                                                                                                      85,200,000 
-  	IncomeLossfromEquityMethodInvestments1                                                                                                      56,900,000 


The addends are calculated based on the calculation linkbase defined for 0000006 - Statement - Condensed Consolidated Statements of Cash Flows. If addends are missing then the calculation tree should be amended. The rule will not add dimension components as the financial statement does not include a table. If dimensions are used on the statement then add a table to ensure that the dimensions are defined correctly. 


Total Element : us-gaap:NetCashProvidedByUsedInOperatingActivities
Total Value : 1,593,200,000 
Total period : 2022-10-03 to 2023-01-01 
Dimensions : 
Decimals of Total: -5
Unit of Total: USD
Rule Element Id:9590
Rule version: 19.0.10 - sbux-20230101.htm 4",2023-02-03,ERROR,DQC,126,829224,Starbucks Corporation,2023-02-02 16:31:00,0000829224-23-000017,US GAAP 2022,XBRL Document Created with Wdesk from Workiva,10-Q,http://www.sec.gov/Archives/edgar/data/829224/000082922423000017/sbux-20230101.htm,2023-02-02,2023,545341,https://www.sec.gov/Archives/edgar/data/829224/000082922423000017/0000829224-23-000017-index.htm,5810,10q-sbux-20230101
DQC.US.0126.9590,"2023-02-14 15:32:06,985 [DQC.US.0126.9590] The statement 00000005 - Statement - CONSOLIDATED STATEMENTS OF CASH FLOWS includes an inconsistent calculation. The value of the concept us-gaap:NetCashProvidedByUsedInFinancingActivities of 117,000  should be equal to the sum of its child components defined in the calculation linkbase. The sum of these child components is 127,000. The values of the addends is determined by adding the values of the child concepts.  The values reported in the financial statement in the current reporting period of 2022-10-01 to 2022-12-31 should be complete if the financial statement is to be mathematically accurate and complete. The components of us-gaap:NetCashProvidedByUsedInFinancingActivities that should add to 117,000 are comprised of the following:

-  	PaymentsOfDividends                                                                                                                                 -0 
+  	ProceedsFromIssuanceOfSharesUnderIncentiveAndShareBasedCompensationPlansIncludingStockOptions                                                  127,000 


The addends are calculated based on the calculation linkbase defined for 00000005 - Statement - CONSOLIDATED STATEMENTS OF CASH FLOWS. If addends are missing then the calculation tree should be amended. The rule will not add dimension components as the financial statement does not include a table. If dimensions are used on the statement then add a table to ensure that the dimensions are defined correctly. 


Total Element : us-gaap:NetCashProvidedByUsedInFinancingActivities
Total Value : 117,000 
Total period : 2022-10-01 to 2022-12-31 
Dimensions : 
Decimals of Total: -3
Unit of Total: USD
Rule Element Id:9590
Rule version: 20.0.1 - patrdecq23.htm 2393",2023-02-14,ERROR,DQC,126,1616741,"PATRIOT
TRANSPORTATION HOLDING, INC.",2023-02-14 15:08:00,0001616741-23-000019,US GAAP 2022,Novaworks,10-Q,http://www.sec.gov/Archives/edgar/data/1616741/000161674123000019/patrdecq23.htm,2023-02-14,2023,548259,https://www.sec.gov/Archives/edgar/data/1616741/000161674123000019/0001616741-23-000019-index.htm,4210,10q-pati-20221231
DQC.US.0126.9590,"2023-12-12 22:04:07,574 [DQC.US.0126.9590] The statement 00000009 - Statement - CONSOLIDATED STATEMENTS OF CASH FLOWS includes an inconsistent calculation. The value of the concept us-gaap:NetCashProvidedByUsedInFinancingActivities of 117,000  should be equal to the sum of its child components defined in the calculation linkbase. The sum of these child components is 137,000. The values of the addends is determined by adding the values of the child concepts.  The values reported in the financial statement in the current reporting period of 2022-10-01 to 2023-09-30 should be complete if the financial statement is to be mathematically accurate and complete. The components of us-gaap:NetCashProvidedByUsedInFinancingActivities that should add to 117,000 are comprised of the following:

-  	PaymentsOfDividends                                                                                                                                 -0 
+  	ProceedsFromIssuanceOfSharesUnderIncentiveAndShareBasedCompensationPlansIncludingStockOptions                                                  127,000 
+  	StockExpiredDuringPeriodValue                                                                                                                   10,000 


The addends are calculated based on the calculation linkbase defined for 00000009 - Statement - CONSOLIDATED STATEMENTS OF CASH FLOWS. If addends are missing then the calculation tree should be amended. The rule will not add dimension components as the financial statement does not include a table. If dimensions are used on the statement then add a table to ensure that the dimensions are defined correctly. 


Total Element : us-gaap:NetCashProvidedByUsedInFinancingActivities
Total Value : 117,000 
Total period : 2022-10-01 to 2023-09-30 
Dimensions : 
Decimals of Total: -3
Unit of Total: USD
Rule Element Id:9590
Rule version: 22.0.2 - pati10k23.htm 7195",2023-12-13,ERROR,DQC,126,1616741,"PATRIOT
TRANSPORTATION HOLDING, INC.",2023-12-12 15:49:00,0001616741-23-000042,US GAAP 2023,Novaworks,10-K,http://www.sec.gov/Archives/edgar/data/1616741/000161674123000042/pati10k23.htm,2023-12-12,2023,661477,https://www.sec.gov/Archives/edgar/data/1616741/000161674123000042/0001616741-23-000042-index.htm,4210,10k-pati-20230930
DQC.US.0126.9590,"2023-11-20 16:47:43,801 [DQC.US.0126.9590] The statement 000006 - Statement - CONDENSED CONSOLIDATED STATEMENTS OF CASH FLOWS (Unaudited) includes an inconsistent calculation. The value of the concept us-gaap:NetCashProvidedByUsedInInvestingActivities of -10,399,264  should be equal to the sum of its child components defined in the calculation linkbase. The sum of these child components is -10,062,326. The values of the addends is determined by adding the values of the child concepts.  The values reported in the financial statement in the current reporting period of 2023-01-01 to 2023-09-30 should be complete if the financial statement is to be mathematically accurate and complete. The components of us-gaap:NetCashProvidedByUsedInInvestingActivities that should add to -10,399,264 are comprised of the following:

+  	AdvancesForBuildingsAcquisitions                                                                                                            -1,665,000 
+  	CashPaidForTheAcquisitionOfCana                                                                                                             -5,230,593 
-  	ProceedsFromLoanReceivableRelatedParty                                                                                                        -168,469 
+  	SaleOfFixedAssets                                                                                                                                    0 
-  	PaymentsToAcquireIntangibleAssets                                                                                                            2,678,167 
-  	PaymentsToAcquirePropertyPlantAndEquipment                                                                                                   1,266,490 
+  	ProceedsFromSaleOfLoansReceivable                                                                                                              609,455 


The addends are calculated based on the calculation linkbase defined for 000006 - Statement - CONDENSED CONSOLIDATED STATEMENTS OF CASH FLOWS (Unaudited). If addends are missing then the calculation tree should be amended. The rule will not add dimension components as the financial statement does not include a table. If dimensions are used on the statement then add a table to ensure that the dimensions are defined correctly. 


Total Element : us-gaap:NetCashProvidedByUsedInInvestingActivities
Total Value : -10,399,264 
Total period : 2023-01-01 to 2023-09-30 
Dimensions : 
Decimals of Total: 0
Unit of Total: USD
Rule Element Id:9590
Rule version: 22.0.1 - cosm_10q.htm 1",2023-11-20,ERROR,DQC,126,1474167,COSMOS HEALTH INC.,2023-11-20 16:05:00,0001477932-23-008689,US GAAP 2023,XBRL Document Created with XBRLMaster,10-Q,http://www.sec.gov/Archives/edgar/data/1474167/000147793223008689/cosm_10q.htm,2023-11-20,2023,656703,https://www.sec.gov/Archives/edgar/data/1474167/000147793223008689/0001477932-23-008689-index.htm,5122,10q-cosm-20230930
DQC.US.0126.9590,"2023-11-20 16:47:43,801 [DQC.US.0126.9590] The statement 000006 - Statement - CONDENSED CONSOLIDATED STATEMENTS OF CASH FLOWS (Unaudited) includes an inconsistent calculation. The value of the concept us-gaap:NetCashProvidedByUsedInOperatingActivities of -16,587,726  should be equal to the sum of its child components defined in the calculation linkbase. The sum of these child components is 16,435,764. The values of the addends is determined by adding the values of the child concepts.  The values reported in the financial statement in the current reporting period of 2023-01-01 to 2023-09-30 should be complete if the financial statement is to be mathematically accurate and complete. The components of us-gaap:NetCashProvidedByUsedInOperatingActivities that should add to -16,587,726 are comprised of the following:

-  	ChangeInFairValueOfTheDerivativeLiability                                                                                                       -3,384 
-  	GainLossOnBargainPurchase                                                                                                                   -1,633,842 
+  	IncreaseDecreaseInAccruedInterest                                                                                                             -194,361 
+  	IncreaseDecreaseInOtherLiabilities                                                                                                          -1,047,178 
-  	IncreaseDecreaseInPrepaidExpensesAndOtherCurrentAssetsRelatedParty                                                                          -2,312,324 
-  	ProvisionsForExtraordinaryTaxCharges                                                                                                           579,387 
-  	SharesIssuedInLieuOfCash                                                                                                                        96,888 
+  	AmortizationOfDebtDiscountPremium                                                                                                                    0 
+  	DeferredIncomeTaxesAndTaxCredits                                                                                                                -1,923 
+  	FinanceLeaseInterestExpense                                                                                                                     20,629 
-  	GainLossOnInvestments                                                                                                                           -2,876 
-  	GainsLossesOnExtinguishmentOfDebt                                                                                                           -1,911,476 
+  	IncreaseDecreaseInAccountsPayableAndAccruedLiabilities                                                                                         206,746 
+  	IncreaseDecreaseInAccountsPayableRelatedParties                                                                                               -112,233 
-  	IncreaseDecreaseInAccountsReceivable                                                                                                        -1,960,236 
-  	IncreaseDecreaseInAccountsReceivableRelatedParties                                                                                            -416,814 
+  	IncreaseDecreaseInAccruedTaxesPayable                                                                                                          307,357 
-  	IncreaseDecreaseInInventories                                                                                                               -2,299,829 
+  	IncreaseDecreaseInOperatingLeaseLiability                                                                                                     -179,081 
+  	IncreaseDecreaseInOtherCurrentLiabilities                                                                                                     -783,174 
-  	IncreaseDecreaseInPrepaidExpensesOther                                                                                                      -1,856,642 
+  	LeaseAndRentalExpense                                                                                                                          178,893 
+  	OperatingLeaseRightOfUseAssetAmortizationExpense                                                                                               102,549 
+  	OtherDepreciationAndAmortization                                                                                                               375,918 
-  	OtherIncome                                                                                                                                        928 
-  	ProfitLoss                                                                                                                                  -4,790,597 
+  	ProvisionForDoubtfulAccounts                                                                                                                   836,300 
+  	ShareBasedCompensation                                                                                                                         214,505 


The addends are calculated based on the calculation linkbase defined for 000006 - Statement - CONDENSED CONSOLIDATED STATEMENTS OF CASH FLOWS (Unaudited). If addends are missing then the calculation tree should be amended. The rule will not add dimension components as the financial statement does not include a table. If dimensions are used on the statement then add a table to ensure that the dimensions are defined correctly. 


Total Element : us-gaap:NetCashProvidedByUsedInOperatingActivities
Total Value : -16,587,726 
Total period : 2023-01-01 to 2023-09-30 
Dimensions : 
Decimals of Total: 0
Unit of Total: USD
Rule Element Id:9590
Rule version: 22.0.1 - cosm_10q.htm 1",2023-11-20,ERROR,DQC,126,1474167,COSMOS HEALTH INC.,2023-11-20 16:05:00,0001477932-23-008689,US GAAP 2023,XBRL Document Created with XBRLMaster,10-Q,http://www.sec.gov/Archives/edgar/data/1474167/000147793223008689/cosm_10q.htm,2023-11-20,2023,656703,https://www.sec.gov/Archives/edgar/data/1474167/000147793223008689/0001477932-23-008689-index.htm,5122,10q-cosm-20230930
DQC.US.0126.9590,"2023-11-20 15:35:40,554 [DQC.US.0126.9590] The statement 000006 - Statement - Condensed Consolidated Statements of Cash Flows (Unaudited) includes an inconsistent calculation. The value of the concept us-gaap:NetCashProvidedByUsedInOperatingActivities of -213,667  should be equal to the sum of its child components defined in the calculation linkbase. The sum of these child components is 990,375. The values of the addends is determined by adding the values of the child concepts.  The values reported in the financial statement in the current reporting period of 2023-01-01 to 2023-09-30 should be complete if the financial statement is to be mathematically accurate and complete. The components of us-gaap:NetCashProvidedByUsedInOperatingActivities that should add to -213,667 are comprised of the following:

+  	AmortizationOfDebtDiscountPremium                                                                                                                4,545 
+  	AssetImpairmentCharges                                                                                                                               0 
+  	DepreciationAndAmortization                                                                                                                          0 
+  	EmployeeBenefitsAndShareBasedCompensation                                                                                                       13,458 
+  	IncreaseDecreaseInAccountsPayableAndAccruedLiabilities                                                                                         111,923 
+  	IncreaseDecreaseInAccountsPayableRelatedParties                                                                                                317,363 
+  	IncreaseDecreaseInDeferredRevenue                                                                                                                  375 
-  	IncreaseDecreaseInInventories                                                                                                                       63 
+  	IncreaseDecreaseInOperatingLeaseLiability                                                                                                      -59,310 
-  	IncreaseDecreaseInPrepaidDeferredExpenseAndOtherAssets                                                                                           3,930 
-  	NetIncomeLoss                                                                                                                                 -606,014 
+  	OtherNoncashExpense                                                                                                                                  0 
-  	AccumulativeCatchUpAdjustment                                                                                                                        0 
+  	ChangeInMerchantAllowance                                                                                                                            0 
-  	IncreaseDecreaseInMerchantCashAdvances                                                                                                               0 
+  	InventoryReserveExpense                                                                                                                              0 


The addends are calculated based on the calculation linkbase defined for 000006 - Statement - Condensed Consolidated Statements of Cash Flows (Unaudited). If addends are missing then the calculation tree should be amended. The rule will not add dimension components as the financial statement does not include a table. If dimensions are used on the statement then add a table to ensure that the dimensions are defined correctly. 


Total Element : us-gaap:NetCashProvidedByUsedInOperatingActivities
Total Value : -213,667 
Total period : 2023-01-01 to 2023-09-30 
Dimensions : 
Decimals of Total: 0
Unit of Total: USD
Rule Element Id:9590
Rule version: 22.0.1 - fifg_10q.htm 1",2023-11-20,ERROR,DQC,126,1648903,"FIRST FOODS GROUP, INC.",2023-11-20 15:07:00,0001477932-23-008680,US GAAP 2023,XBRL Document Created with XBRLMaster,10-Q,http://www.sec.gov/Archives/edgar/data/1648903/000147793223008680/fifg_10q.htm,2023-11-20,2023,656670,https://www.sec.gov/Archives/edgar/data/1648903/000147793223008680/0001477932-23-008680-index.htm,7812,10q-fifg-20230930
DQC.US.0126.9590,"2023-11-20 15:35:40,555 [DQC.US.0126.9590] The statement 000004 - Statement - Condensed Consolidated Statements of Operations (Unaudited) includes an inconsistent calculation. The value of the concept us-gaap:NetIncomeLossFromContinuingOperationsAvailableToCommonShareholdersBasic of -609,959  should be equal to the sum of its child components defined in the calculation linkbase. The sum of these child components is -602,069. The values of the addends is determined by adding the values of the child concepts.  The values reported in the financial statement in the current reporting period of 2023-01-01 to 2023-09-30 should be complete if the financial statement is to be mathematically accurate and complete. The components of us-gaap:NetIncomeLossFromContinuingOperationsAvailableToCommonShareholdersBasic that should add to -609,959 are comprised of the following:

-  	Dividends                                                                                                                                            0 
+  	NetIncomeLoss                                                                                                                                 -606,014 
-  	NetIncomeLossAttributableToNoncontrollingInterest                                                                                               -3,945 


The addends are calculated based on the calculation linkbase defined for 000004 - Statement - Condensed Consolidated Statements of Operations (Unaudited). If addends are missing then the calculation tree should be amended. The rule will not add dimension components as the financial statement does not include a table. If dimensions are used on the statement then add a table to ensure that the dimensions are defined correctly. 


Total Element : us-gaap:NetIncomeLossFromContinuingOperationsAvailableToCommonShareholdersBasic
Total Value : -609,959 
Total period : 2023-01-01 to 2023-09-30 
Dimensions : 
Decimals of Total: 0
Unit of Total: USD
Rule Element Id:9590
Rule version: 22.0.1 - fifg_10q.htm 1",2023-11-20,ERROR,DQC,126,1648903,"FIRST FOODS GROUP, INC.",2023-11-20 15:07:00,0001477932-23-008680,US GAAP 2023,XBRL Document Created with XBRLMaster,10-Q,http://www.sec.gov/Archives/edgar/data/1648903/000147793223008680/fifg_10q.htm,2023-11-20,2023,656670,https://www.sec.gov/Archives/edgar/data/1648903/000147793223008680/0001477932-23-008680-index.htm,7812,10q-fifg-20230930
DQC.US.0126.9590,"2023-11-17 17:47:29,475 [DQC.US.0126.9590] The statement 000006 - Statement - CONDENSED STATEMENTS OF CASH FLOWS (UNAUDITED) includes an inconsistent calculation. The value of the concept us-gaap:NetCashProvidedByUsedInOperatingActivities of -550,781  should be equal to the sum of its child components defined in the calculation linkbase. The sum of these child components is 23,321,779. The values of the addends is determined by adding the values of the child concepts.  The values reported in the financial statement in the current reporting period of 2023-01-01 to 2023-09-30 should be complete if the financial statement is to be mathematically accurate and complete. The components of us-gaap:NetCashProvidedByUsedInOperatingActivities that should add to -550,781 are comprised of the following:

+  	DeferredIncomeTaxesAndTaxCredits                                                                                                              -196,000 
+  	IncreaseDecreaseInAccountsPayable                                                                                                                    0 
+  	IncreaseDecreaseInAccountsPayableAndOtherOperatingLiabilities                                                                                 -654,278 
-  	IncreaseDecreaseInInterestAndDividendsReceivable                                                                                                31,674 
-  	IncreaseDecreaseInPrepaidDeferredExpenseAndOtherAssets                                                                                           2,700 
+  	ProceedsFromSaleOfShortTermInvestments                                                                                                      11,124,193 
-  	RealizedInvestmentGainsLosses                                                                                                                 -558,629 
+  	CommonSharesIssuedForExpensePayment                                                                                                                  0 
-  	IncreaseDecreaseInDeferredInterestIncome                                                                                                       -70,154 
-  	IncreaseDecreaseInIncomeTaxesPayable                                                                                                                 0 
+  	IssuanceOfStockOptions                                                                                                                       1,460,209 
-  	NetChangeInUnrealizedAppreciationDepreciationOnInvestments                                                                                     629,491 
+  	NetIncreaseDecreaseInNetAssetsResultingFromOperations                                                                                         -277,763 
-  	PurchasesOfInvestments                                                                                                                     -11,900,500 


The addends are calculated based on the calculation linkbase defined for 000006 - Statement - CONDENSED STATEMENTS OF CASH FLOWS (UNAUDITED). If addends are missing then the calculation tree should be amended. The rule will not add dimension components as the financial statement does not include a table. If dimensions are used on the statement then add a table to ensure that the dimensions are defined correctly. 


Total Element : us-gaap:NetCashProvidedByUsedInOperatingActivities
Total Value : -550,781 
Total period : 2023-01-01 to 2023-09-30 
Dimensions : 
Decimals of Total: 0
Unit of Total: USD
Rule Element Id:9590
Rule version: 22.0.1 - mcvt_10q.htm 1",2023-11-17,ERROR,DQC,126,1425355,"MILL CITY VENTURES III, LTD.",2023-11-17 16:40:00,0001654954-23-014555,US GAAP 2023,XBRL Document Created with XBRLMaster,10-Q,http://www.sec.gov/Archives/edgar/data/1425355/000165495423014555/mcvt_10q.htm,2023-11-17,2023,656427,https://www.sec.gov/Archives/edgar/data/1425355/000165495423014555/0001654954-23-014555-index.htm,6153,10q-mcvt-20230930
DQC.US.0126.9590,"2023-11-14 23:06:23,227 [DQC.US.0126.9590] The statement 00000004 - Statement - Condensed Consolidated Statements of Operations and Comprehensive Loss (Unaudited) includes an inconsistent calculation. The value of the concept us-gaap:NonoperatingIncomeExpense of -1,082,484  should be equal to the sum of its child components defined in the calculation linkbase. The sum of these child components is -1,006,066. The values of the addends is determined by adding the values of the child concepts.  The values reported in the financial statement in the current reporting period of 2023-04-01 to 2023-09-30 should be complete if the financial statement is to be mathematically accurate and complete. The components of us-gaap:NonoperatingIncomeExpense that should add to -1,082,484 are comprised of the following:

-  	InterestExpense                                                                                                                              2,869,077 
+  	OtherIncome                                                                                                                                  1,800,000 
+  	OtherNonoperatingIncomeExpense                                                                                                                 103,434 
+  	UnrealizedGainLossOnInvestments                                                                                                                -78,632 
-  	LossesOnExtinguishmentOfDebt                                                                                                                   -38,209 


The addends are calculated based on the calculation linkbase defined for 00000004 - Statement - Condensed Consolidated Statements of Operations and Comprehensive Loss (Unaudited). If addends are missing then the calculation tree should be amended. The rule will not add dimension components as the financial statement does not include a table. If dimensions are used on the statement then add a table to ensure that the dimensions are defined correctly. 


Total Element : us-gaap:NonoperatingIncomeExpense
Total Value : -1,082,484 
Total period : 2023-04-01 to 2023-09-30 
Dimensions : 
Decimals of Total: 0
Unit of Total: USD
Rule Element Id:9590
Rule version: 22.0.1 - form10-q.htm 4097",2023-11-15,ERROR,DQC,126,1644488,SHARING SERVICES GLOBAL CORPORATION,2023-11-14 16:44:00,0001493152-23-041207,US GAAP 2023,Novaworks,10-Q,http://www.sec.gov/Archives/edgar/data/1644488/000149315223041207/form10-q.htm,2023-11-14,2023,654871,https://www.sec.gov/Archives/edgar/data/1644488/000149315223041207/0001493152-23-041207-index.htm,5122,10q-shrg-20230930
DQC.US.0126.9590,"2024-01-16 16:16:54,492 [DQC.US.0126.9590] The statement 000006 - Statement - Condensed Consolidated Interim Statements of Cash Flows (Unaudited) includes an inconsistent calculation. The value of the concept us-gaap:NetCashProvidedByUsedInOperatingActivities of -466,379  should be equal to the sum of its child components defined in the calculation linkbase. The sum of these child components is 1,202,637. The values of the addends is determined by adding the values of the child concepts.  The values reported in the financial statement in the current reporting period of 2023-09-01 to 2023-11-30 should be complete if the financial statement is to be mathematically accurate and complete. The components of us-gaap:NetCashProvidedByUsedInOperatingActivities that should add to -466,379 are comprised of the following:

+  	DepreciationDepletionAndAmortization                                                                                                            35,419 
-  	GainsLossesOnExtinguishmentOfDebt                                                                                                                    0 
+  	IncreaseDecreaseInAccountsPayableAndAccruedLiabilities                                                                                         -37,695 
+  	IncreaseDecreaseInCustomerAdvancesAndDeposits                                                                                                    2,437 
+  	IncreaseDecreaseInDueToRelatedParties                                                                                                          118,920 
-  	IncreaseDecreaseInInventories                                                                                                                  -82,277 
-  	IncreaseDecreaseInOtherReceivables                                                                                                             -20,277 
-  	IncreaseDecreaseInPrepaidExpense                                                                                                                  -676 
-  	NetIncomeLoss                                                                                                                                 -836,673 
+  	StockOptionPlanExpense                                                                                                                         143,653 


The addends are calculated based on the calculation linkbase defined for 000006 - Statement - Condensed Consolidated Interim Statements of Cash Flows (Unaudited). If addends are missing then the calculation tree should be amended. The rule will not add dimension components as the financial statement does not include a table. If dimensions are used on the statement then add a table to ensure that the dimensions are defined correctly. 


Total Element : us-gaap:NetCashProvidedByUsedInOperatingActivities
Total Value : -466,379 
Total period : 2023-09-01 to 2023-11-30 
Dimensions : 
Decimals of Total: 0
Unit of Total: USD
Rule Element Id:9590
Rule version: 22.0.3 - alid_10q.htm 1",2024-01-16,ERROR,DQC,126,1575295,Allied Corp.,2024-01-16 15:41:00,0001477932-24-000188,US GAAP 2023,XBRL Document Created with XBRLMaster,10-Q,http://www.sec.gov/Archives/edgar/data/1575295/000147793224000188/alid_10q.htm,2024-01-16,2024,667604,https://www.sec.gov/Archives/edgar/data/1575295/000147793224000188/0001477932-24-000188-index.htm,5961,10q-alid-20231130
DQC.US.0126.9590,"2024-01-23 14:46:40,646 [DQC.US.0126.9590] The statement 000006 - Statement - STATEMENT OF CASH FLOWS (Unaudited) includes an inconsistent calculation. The value of the concept us-gaap:NetCashProvidedByUsedInOperatingActivities of -35,967  should be equal to the sum of its child components defined in the calculation linkbase. The sum of these child components is 87,423. The values of the addends is determined by adding the values of the child concepts.  The values reported in the financial statement in the current reporting period of 2023-04-01 to 2023-12-31 should be complete if the financial statement is to be mathematically accurate and complete. The components of us-gaap:NetCashProvidedByUsedInOperatingActivities that should add to -35,967 are comprised of the following:

+  	IncreaseDecreaseInAccountsPayableAndAccruedLiabilities                                                                                         -14,376 
+  	IncreaseDecreaseInInterestPayableNet                                                                                                            40,104 
-  	ProfitLoss                                                                                                                                     -61,695 


The addends are calculated based on the calculation linkbase defined for 000006 - Statement - STATEMENT OF CASH FLOWS (Unaudited). If addends are missing then the calculation tree should be amended. The rule will not add dimension components as the financial statement does not include a table. If dimensions are used on the statement then add a table to ensure that the dimensions are defined correctly. 


Total Element : us-gaap:NetCashProvidedByUsedInOperatingActivities
Total Value : -35,967 
Total period : 2023-04-01 to 2023-12-31 
Dimensions : 
Decimals of Total: 0
Unit of Total: USD
Rule Element Id:9590
Rule version: 23.0.0 - ptco_10q.htm 1",2024-01-23,ERROR,DQC,126,1609258,PETROGAS COMPANY,2024-01-23 14:15:00,0001640334-24-000128,US GAAP 2023,XBRL Document Created with XBRLMaster,10-Q,http://www.sec.gov/Archives/edgar/data/1609258/000164033424000128/ptco_10q.htm,2024-01-23,2024,668878,https://www.sec.gov/Archives/edgar/data/1609258/000164033424000128/0001640334-24-000128-index.htm,1311,10q-ptco-20231231
DQC.US.0126.9590,"2024-01-24 06:46:46,708 [DQC.US.0126.9590] The statement 00000006 - Statement - Statements of Cash Flows includes an inconsistent calculation. The value of the concept us-gaap:NetCashProvidedByUsedInOperatingActivities of -315,117  should be equal to the sum of its child components defined in the calculation linkbase. The sum of these child components is -589,925. The values of the addends is determined by adding the values of the child concepts.  The values reported in the financial statement in the current reporting period of 2022-03-01 to 2023-02-28 should be complete if the financial statement is to be mathematically accurate and complete. The components of us-gaap:NetCashProvidedByUsedInOperatingActivities that should add to -315,117 are comprised of the following:

+  	ImpairmentOfOilAndGasPropertiesProved                                                                                                          711,873 
+  	AmortizationOfDebtDiscountPremium                                                                                                               56,885 
+  	DepreciationDepletionAndAmortization                                                                                                           504,088 
-  	IncreaseDecreaseInAccountsAndOtherReceivables                                                                                                  267,670 
+  	IncreaseDecreaseInAccountsPayableAndAccruedLiabilities                                                                                         784,819 
+  	IncreaseDecreaseInAccountsPayableRelatedParties                                                                                                -27,291 
-  	IncreaseDecreaseInAccountsReceivable                                                                                                          -235,034 
+  	IncreaseDecreaseInInterestPayableNet                                                                                                            -9,279 
-  	IncreaseDecreaseInPrepaidDeferredExpenseAndOtherAssets                                                                                          21,022 
+  	NetIncomeLoss                                                                                                                               -2,429,237 
-  	StockIssuedDuringPeriodValueOther                                                                                                              128,125 


The addends are calculated based on the calculation linkbase defined for 00000006 - Statement - Statements of Cash Flows. If addends are missing then the calculation tree should be amended. The rule will not add dimension components as the financial statement does not include a table. If dimensions are used on the statement then add a table to ensure that the dimensions are defined correctly. 


Total Element : us-gaap:NetCashProvidedByUsedInOperatingActivities
Total Value : -315,117 
Total period : 2022-03-01 to 2023-02-28 
Dimensions : 
Decimals of Total: 0
Unit of Total: USD
Rule Element Id:9590
Rule version: 23.0.0 - dbrm10k022823.htm 9852",2024-01-24,ERROR,DQC,126,1164256,"DAYBREAK OIL AND GAS, INC.",2024-01-23 17:44:00,0001515971-24-000014,US GAAP 2022,Novaworks,10-K,http://www.sec.gov/Archives/edgar/data/1164256/000151597124000014/dbrm10k022823.htm,2024-01-24,2024,669051,https://www.sec.gov/Archives/edgar/data/1164256/000151597124000014/0001515971-24-000014-index.htm,1311,10k-dbrm-20230228
DQC.US.0126.9590,"2024-01-24 06:46:46,709 [DQC.US.0126.9590] The statement 00000006 - Statement - Statements of Cash Flows includes an inconsistent calculation. The value of the concept us-gaap:NetCashProvidedByUsedInInvestingActivities of -386,160  should be equal to the sum of its child components defined in the calculation linkbase. The sum of these child components is -448,336. The values of the addends is determined by adding the values of the child concepts.  The values reported in the financial statement in the current reporting period of 2022-03-01 to 2023-02-28 should be complete if the financial statement is to be mathematically accurate and complete. The components of us-gaap:NetCashProvidedByUsedInInvestingActivities that should add to -386,160 are comprised of the following:

-  	PaymentsToAcquireOilAndGasProperty                                                                                                             417,248 
-  	PaymentsToAcquireOilAndGasPropertyAndEquipment                                                                                                  31,088 


The addends are calculated based on the calculation linkbase defined for 00000006 - Statement - Statements of Cash Flows. If addends are missing then the calculation tree should be amended. The rule will not add dimension components as the financial statement does not include a table. If dimensions are used on the statement then add a table to ensure that the dimensions are defined correctly. 


Total Element : us-gaap:NetCashProvidedByUsedInInvestingActivities
Total Value : -386,160 
Total period : 2022-03-01 to 2023-02-28 
Dimensions : 
Decimals of Total: 0
Unit of Total: USD
Rule Element Id:9590
Rule version: 23.0.0 - dbrm10k022823.htm 9876",2024-01-24,ERROR,DQC,126,1164256,"DAYBREAK OIL AND GAS, INC.",2024-01-23 17:44:00,0001515971-24-000014,US GAAP 2022,Novaworks,10-K,http://www.sec.gov/Archives/edgar/data/1164256/000151597124000014/dbrm10k022823.htm,2024-01-24,2024,669051,https://www.sec.gov/Archives/edgar/data/1164256/000151597124000014/0001515971-24-000014-index.htm,1311,10k-dbrm-20230228
DQC.US.0126.9590,"2024-01-30 15:31:07,380 [DQC.US.0126.9590] The statement 000006 - Statement - Statements of Cash Flows includes an inconsistent calculation. The value of the concept us-gaap:NetCashProvidedByUsedInOperatingActivities of -17,507  should be equal to the sum of its child components defined in the calculation linkbase. The sum of these child components is 17,819. The values of the addends is determined by adding the values of the child concepts.  The values reported in the financial statement in the current reporting period of 2022-11-01 to 2023-10-31 should be complete if the financial statement is to be mathematically accurate and complete. The components of us-gaap:NetCashProvidedByUsedInOperatingActivities that should add to -17,507 are comprised of the following:

+  	IncreaseDecreaseInAccountsPayable                                                                                                                  156 
-  	NetIncomeLoss                                                                                                                                  -17,663 


The addends are calculated based on the calculation linkbase defined for 000006 - Statement - Statements of Cash Flows. If addends are missing then the calculation tree should be amended. The rule will not add dimension components as the financial statement does not include a table. If dimensions are used on the statement then add a table to ensure that the dimensions are defined correctly. 


Total Element : us-gaap:NetCashProvidedByUsedInOperatingActivities
Total Value : -17,507 
Total period : 2022-11-01 to 2023-10-31 
Dimensions : 
Decimals of Total: 0
Unit of Total: USD
Rule Element Id:9590
Rule version: 23.0.0 - aoix_10k.htm 2",2024-01-30,ERROR,DQC,126,1544400,NFiniTi inc.,2024-01-30 15:05:00,0001477932-24-000456,US GAAP 2023,XBRL Document Created with XBRLMaster,10-K,http://www.sec.gov/Archives/edgar/data/1544400/000147793224000456/aoix_10k.htm,2024-01-30,2024,670665,https://www.sec.gov/Archives/edgar/data/1544400/000147793224000456/0001477932-24-000456-index.htm,1382,10k-aoix-20231031
DQC.US.0126.9590,"2024-02-14 15:46:57,508 [DQC.US.0126.9590] The statement 000006 - Statement - STATEMENT OF CASH FLOWS (UNAUDITED) includes an inconsistent calculation. The value of the concept us-gaap:NetCashProvidedByUsedInOperatingActivities of -21,820  should be equal to the sum of its child components defined in the calculation linkbase. The sum of these child components is 28,444. The values of the addends is determined by adding the values of the child concepts.  The values reported in the financial statement in the current reporting period of 2023-07-01 to 2023-12-31 should be complete if the financial statement is to be mathematically accurate and complete. The components of us-gaap:NetCashProvidedByUsedInOperatingActivities that should add to -21,820 are comprised of the following:

+  	IncreaseDecreaseInAccountsPayable                                                                                                                3,312 
-  	IncreaseDecreaseInAccountsReceivable                                                                                                                 0 
-  	ProfitLoss                                                                                                                                     -25,132 


The addends are calculated based on the calculation linkbase defined for 000006 - Statement - STATEMENT OF CASH FLOWS (UNAUDITED). If addends are missing then the calculation tree should be amended. The rule will not add dimension components as the financial statement does not include a table. If dimensions are used on the statement then add a table to ensure that the dimensions are defined correctly. 


Total Element : us-gaap:NetCashProvidedByUsedInOperatingActivities
Total Value : -21,820 
Total period : 2023-07-01 to 2023-12-31 
Dimensions : 
Decimals of Total: 0
Unit of Total: USD
Rule Element Id:9590
Rule version: 23.0.3 - fstj_10q.htm 2",2024-02-14,ERROR,DQC,126,1525306,First America Resources Corporation,2024-02-14 15:16:00,0001477932-24-000725,US GAAP 2023,XBRL Document Created with XBRLMaster,10-Q,http://www.sec.gov/Archives/edgar/data/1525306/000147793224000725/fstj_10q.htm,2024-02-14,2024,674780,https://www.sec.gov/Archives/edgar/data/1525306/000147793224000725/0001477932-24-000725-index.htm,5065,10q-fstj-20231231
DQC.US.0126.9590,"2024-02-14 19:52:15,155 [DQC.US.0126.9590] The statement 000006 - Statement - STATEMENTS OF CASH FLOWS (UNAUDITED) includes an inconsistent calculation. The value of the concept us-gaap:NetCashProvidedByUsedInOperatingActivities of -51,805  should be equal to the sum of its child components defined in the calculation linkbase. The sum of these child components is 61,155. The values of the addends is determined by adding the values of the child concepts.  The values reported in the financial statement in the current reporting period of 2023-10-01 to 2023-12-31 should be complete if the financial statement is to be mathematically accurate and complete. The components of us-gaap:NetCashProvidedByUsedInOperatingActivities that should add to -51,805 are comprised of the following:

+  	IncreaseDecreaseInAccountsPayable                                                                                                                    0 
+  	IncreaseDecreaseInAccruedLiabilities                                                                                                             4,675 
-  	NetIncomeLoss                                                                                                                                  -56,480 


The addends are calculated based on the calculation linkbase defined for 000006 - Statement - STATEMENTS OF CASH FLOWS (UNAUDITED). If addends are missing then the calculation tree should be amended. The rule will not add dimension components as the financial statement does not include a table. If dimensions are used on the statement then add a table to ensure that the dimensions are defined correctly. 


Total Element : us-gaap:NetCashProvidedByUsedInOperatingActivities
Total Value : -51,805 
Total period : 2023-10-01 to 2023-12-31 
Dimensions : 
Decimals of Total: 0
Unit of Total: USD
Rule Element Id:9590
Rule version: 23.0.3 - king_10q.htm 2",2024-02-15,ERROR,DQC,126,1374881,Kingfish Holding Corporation,2024-02-14 17:13:00,0001477932-24-000736,US GAAP 2023,XBRL Document Created with XBRLMaster,10-Q,http://www.sec.gov/Archives/edgar/data/1374881/000147793224000736/king_10q.htm,2024-02-14,2024,675073,https://www.sec.gov/Archives/edgar/data/1374881/000147793224000736/0001477932-24-000736-index.htm,1540,10q-king-20231231
DQC.US.0126.9590,"2024-02-14 19:52:15,156 [DQC.US.0126.9590] The statement 000004 - Statement - STATEMENTS OF OPERATIONS (UNAUDIED) includes an inconsistent calculation. The value of the concept us-gaap:OtherNonoperatingIncomeExpense of 4,675  should be equal to the sum of its child components defined in the calculation linkbase. The sum of these child components is -4,675. The values of the addends is determined by adding the values of the child concepts.  The values reported in the financial statement in the current reporting period of 2023-10-01 to 2023-12-31 should be complete if the financial statement is to be mathematically accurate and complete. The components of us-gaap:OtherNonoperatingIncomeExpense that should add to 4,675 are comprised of the following:

-  	InterestExpense                                                                                                                                  4,675 


The addends are calculated based on the calculation linkbase defined for 000004 - Statement - STATEMENTS OF OPERATIONS (UNAUDIED). If addends are missing then the calculation tree should be amended. The rule will not add dimension components as the financial statement does not include a table. If dimensions are used on the statement then add a table to ensure that the dimensions are defined correctly. 


Total Element : us-gaap:OtherNonoperatingIncomeExpense
Total Value : 4,675 
Total period : 2023-10-01 to 2023-12-31 
Dimensions : 
Decimals of Total: 0
Unit of Total: USD
Rule Element Id:9590
Rule version: 23.0.3 - king_10q.htm 2",2024-02-15,ERROR,DQC,126,1374881,Kingfish Holding Corporation,2024-02-14 17:13:00,0001477932-24-000736,US GAAP 2023,XBRL Document Created with XBRLMaster,10-Q,http://www.sec.gov/Archives/edgar/data/1374881/000147793224000736/king_10q.htm,2024-02-14,2024,675073,https://www.sec.gov/Archives/edgar/data/1374881/000147793224000736/0001477932-24-000736-index.htm,1540,10q-king-20231231
DQC.US.0126.9590,"2024-02-14 19:52:15,157 [DQC.US.0126.9590] The statement 000004 - Statement - STATEMENTS OF OPERATIONS (UNAUDIED) includes an inconsistent calculation. The value of the concept king:TotalOperatingAndOtherExpenses of 56,480  should be equal to the sum of its child components defined in the calculation linkbase. The sum of these child components is 47,130. The values of the addends is determined by adding the values of the child concepts.  The values reported in the financial statement in the current reporting period of 2023-10-01 to 2023-12-31 should be complete if the financial statement is to be mathematically accurate and complete. The components of king:TotalOperatingAndOtherExpenses that should add to 56,480 are comprised of the following:

+  	OperatingExpenses                                                                                                                               51,805 
-  	OtherNonoperatingIncomeExpense                                                                                                                   4,675 


The addends are calculated based on the calculation linkbase defined for 000004 - Statement - STATEMENTS OF OPERATIONS (UNAUDIED). If addends are missing then the calculation tree should be amended. The rule will not add dimension components as the financial statement does not include a table. If dimensions are used on the statement then add a table to ensure that the dimensions are defined correctly. 


Total Element : king:TotalOperatingAndOtherExpenses
Total Value : 56,480 
Total period : 2023-10-01 to 2023-12-31 
Dimensions : 
Decimals of Total: 0
Unit of Total: USD
Rule Element Id:9590
Rule version: 23.0.3 - king_10q.htm 2",2024-02-15,ERROR,DQC,126,1374881,Kingfish Holding Corporation,2024-02-14 17:13:00,0001477932-24-000736,US GAAP 2023,XBRL Document Created with XBRLMaster,10-Q,http://www.sec.gov/Archives/edgar/data/1374881/000147793224000736/king_10q.htm,2024-02-14,2024,675073,https://www.sec.gov/Archives/edgar/data/1374881/000147793224000736/0001477932-24-000736-index.htm,1540,10q-king-20231231
DQC.US.0126.9590,"2024-02-27 07:05:39,788 [DQC.US.0126.9590] The statement 000006 - Statement - CONDENSED CONSOLIDATED STATEMENTS OF CASH FLOWS (Unaudited) includes an inconsistent calculation. The value of the concept us-gaap:NetCashProvidedByUsedInOperatingActivities of -212,200  should be equal to the sum of its child components defined in the calculation linkbase. The sum of these child components is 337,508. The values of the addends is determined by adding the values of the child concepts.  The values reported in the financial statement in the current reporting period of 2023-04-01 to 2023-12-31 should be complete if the financial statement is to be mathematically accurate and complete. The components of us-gaap:NetCashProvidedByUsedInOperatingActivities that should add to -212,200 are comprised of the following:

-  	GainLossOnConertibleNotes                                                                                                                      170,200 
+  	IncreaseDecreaseManagementSalaryPayable                                                                                                         10,045 
+  	IncreaseDecreaseInAccountsPayableAndAccruedLiabilities                                                                                          30,352 
+  	IncreaseDecreaseInInterestPayableNet                                                                                                            22,257 
-  	IncreaseDecreaseInOtherReceivables                                                                                                                -315 
-  	IncreaseDecreaseInReceivables                                                                                                                   -1,219 
-  	NetIncomeLoss                                                                                                                                 -443,520 


The addends are calculated based on the calculation linkbase defined for 000006 - Statement - CONDENSED CONSOLIDATED STATEMENTS OF CASH FLOWS (Unaudited). If addends are missing then the calculation tree should be amended. The rule will not add dimension components as the financial statement does not include a table. If dimensions are used on the statement then add a table to ensure that the dimensions are defined correctly. 


Total Element : us-gaap:NetCashProvidedByUsedInOperatingActivities
Total Value : -212,200 
Total period : 2023-04-01 to 2023-12-31 
Dimensions : 
Decimals of Total: 0
Unit of Total: USD
Rule Element Id:9590
Rule version: 23.0.5 - caro_10q.htm 2",2024-02-27,ERROR,DQC,126,1678105,CARO HOLDINGS INC.,2024-02-26 19:08:00,0001640334-24-000301,US GAAP 2023,XBRL Document Created with XBRLMaster,10-Q,http://www.sec.gov/Archives/edgar/data/1678105/000164033424000301/caro_10q.htm,2024-02-27,2024,678954,https://www.sec.gov/Archives/edgar/data/1678105/000164033424000301/0001640334-24-000301-index.htm,5961,10q-caro-20231231
DQC.US.0126.9590,"2024-03-13 12:16:15,385 [DQC.US.0126.9590] The statement 000006 - Statement - Statements of Cash Flows (Unaudited) includes an inconsistent calculation. The value of the concept us-gaap:NetCashProvidedByUsedInOperatingActivities of -13,108  should be equal to the sum of its child components defined in the calculation linkbase. The sum of these child components is 10,026. The values of the addends is determined by adding the values of the child concepts.  The values reported in the financial statement in the current reporting period of 2023-11-01 to 2024-01-31 should be complete if the financial statement is to be mathematically accurate and complete. The components of us-gaap:NetCashProvidedByUsedInOperatingActivities that should add to -13,108 are comprised of the following:

+  	IncreaseDecreaseInAccountsPayable                                                                                                               -1,541 
-  	NetIncomeLoss                                                                                                                                  -11,567 


The addends are calculated based on the calculation linkbase defined for 000006 - Statement - Statements of Cash Flows (Unaudited). If addends are missing then the calculation tree should be amended. The rule will not add dimension components as the financial statement does not include a table. If dimensions are used on the statement then add a table to ensure that the dimensions are defined correctly. 


Total Element : us-gaap:NetCashProvidedByUsedInOperatingActivities
Total Value : -13,108 
Total period : 2023-11-01 to 2024-01-31 
Dimensions : 
Decimals of Total: 0
Unit of Total: USD
Rule Element Id:9590
Rule version: 23.0.6 - aoix_10q.htm 2",2024-03-13,ERROR,DQC,126,1544400,NFiniTi inc.,2024-03-13 11:43:00,0001477932-24-001172,US GAAP 2023,XBRL Document Created with XBRLMaster,10-Q,http://www.sec.gov/Archives/edgar/data/1544400/000147793224001172/aoix_10q.htm,2024-03-13,2024,684897,https://www.sec.gov/Archives/edgar/data/1544400/000147793224001172/0001477932-24-001172-index.htm,1382,10q-aoix-20240131
DQC.US.0126.9590,"2024-03-14 13:01:50,309 [DQC.US.0126.9590] The statement 00700 - Statement - Consolidated Statements Of Cash Flows includes an inconsistent calculation. The value of the concept us-gaap:AdjustmentsToReconcileNetIncomeLossToCashProvidedByUsedInOperatingActivities of 158,700,000  should be equal to the sum of its child components defined in the calculation linkbase. The sum of these child components is 160,700,000. The values of the addends is determined by adding the values of the child concepts.  The values reported in the financial statement in the current reporting period of 2023-01-01 to 2023-12-31 should be complete if the financial statement is to be mathematically accurate and complete. The components of us-gaap:AdjustmentsToReconcileNetIncomeLossToCashProvidedByUsedInOperatingActivities that should add to 158,700,000 are comprised of the following:

+  	AssetImpairmentCharges                                                                                                                         400,000 
+  	DeferredIncomeTaxExpenseBenefit                                                                                                             15,400,000 
+  	DepreciationDepletionAndAmortization                                                                                                        66,100,000 
-  	GainLossOnDispositionOfAssets1                                                                                                                 400,000 
+  	IncreaseDecreaseInAccountsPayableTrade                                                                                                     -79,500,000 
-  	IncreaseDecreaseInAccountsReceivable                                                                                                      -115,900,000 
+  	IncreaseDecreaseInEmployeeRelatedLiabilities                                                                                               -32,100,000 
-  	IncreaseDecreaseInInventories                                                                                                             -173,100,000 
-  	IncreaseDecreaseInOtherCurrentAssets                                                                                                        -5,400,000 
+  	IncreaseDecreaseInOtherCurrentLiabilities                                                                                                  -22,300,000 
-  	IncreaseDecreaseInOtherNoncurrentAssets                                                                                                     -1,300,000 
+  	IncreaseDecreaseInOtherNoncurrentLiabilities                                                                                              -133,800,000 
+  	NetIncomeLossAttributableToNoncontrollingInterest                                                                                            1,000,000 
+  	OperatingLeaseRightOfUseAssetAmortizationExpense                                                                                            51,100,000 
-  	EarningsLossOnInvesmentInEmployeeDeferredCompensationTrust                                                                                     900,000 


The addends are calculated based on the calculation linkbase defined for 00700 - Statement - Consolidated Statements Of Cash Flows. If addends are missing then the calculation tree should be amended. The rule will not add dimension components as the financial statement does not include a table. If dimensions are used on the statement then add a table to ensure that the dimensions are defined correctly. 


Total Element : us-gaap:AdjustmentsToReconcileNetIncomeLossToCashProvidedByUsedInOperatingActivities
Total Value : 158,700,000 
Total period : 2023-01-01 to 2023-12-31 
Dimensions : 
Decimals of Total: -5
Unit of Total: USD
Rule Element Id:9590
Rule version: 23.0.6 - c402-20231231x10k.htm 57",2024-03-14,ERROR,DQC,126,205402,"GRAYBAR ELECTRIC COMPANY, INC.",2024-03-14 12:26:00,0000205402-24-000007,US GAAP 2023,XBRL document created by Certent Disclosure Management 23.3.2.2,10-K,http://www.sec.gov/Archives/edgar/data/205402/000020540224000007/c402-20231231x10k.htm,2024-03-14,2024,685334,https://www.sec.gov/Archives/edgar/data/205402/000020540224000007/0000205402-24-000007-index.htm,5063,10k-c402-20231231
DQC.US.0126.9590,"2024-03-14 17:34:25,357 [DQC.US.0126.9590] The statement 000006 - Statement - CONSOLIDATED STATEMENTS OF CASH FLOWS includes an inconsistent calculation. The value of the concept us-gaap:NetCashProvidedByUsedInFinancingActivities of 137,453  should be equal to the sum of its child components defined in the calculation linkbase. The sum of these child components is 0. The values of the addends is determined by adding the values of the child concepts.  The values reported in the financial statement in the current reporting period of 2023-01-01 to 2023-12-31 should be complete if the financial statement is to be mathematically accurate and complete. The components of us-gaap:NetCashProvidedByUsedInFinancingActivities that should add to 137,453 are comprised of the following:

+  	ProceedsFromIssuanceOfCommonStock                                                                                                                    0 


The addends are calculated based on the calculation linkbase defined for 000006 - Statement - CONSOLIDATED STATEMENTS OF CASH FLOWS. If addends are missing then the calculation tree should be amended. The rule will not add dimension components as the financial statement does not include a table. If dimensions are used on the statement then add a table to ensure that the dimensions are defined correctly. 


Total Element : us-gaap:NetCashProvidedByUsedInFinancingActivities
Total Value : 137,453 
Total period : 2023-01-01 to 2023-12-31 
Dimensions : 
Decimals of Total: 0
Unit of Total: USD
Rule Element Id:9590
Rule version: 23.0.6 - kenilworth_10k.htm 2",2024-03-14,ERROR,DQC,126,55234,KENILWORTH SYSTEMS CORPORATION,2024-03-14 14:31:00,0001477932-24-001211,US GAAP 2023,XBRL Document Created with XBRLMaster,10-K,http://www.sec.gov/Archives/edgar/data/55234/000147793224001211/kenilworth_10k.htm,2024-03-14,2024,685353,https://www.sec.gov/Archives/edgar/data/55234/000147793224001211/0001477932-24-001211-index.htm,7990,10k-kens-20231231
DQC.US.0126.9590,"2024-03-14 17:34:25,357 [DQC.US.0126.9590] The statement 000006 - Statement - CONSOLIDATED STATEMENTS OF CASH FLOWS includes an inconsistent calculation. The value of the concept us-gaap:NetCashProvidedByUsedInOperatingActivities of -118,456  should be equal to the sum of its child components defined in the calculation linkbase. The sum of these child components is 250,120. The values of the addends is determined by adding the values of the child concepts.  The values reported in the financial statement in the current reporting period of 2023-01-01 to 2023-12-31 should be complete if the financial statement is to be mathematically accurate and complete. The components of us-gaap:NetCashProvidedByUsedInOperatingActivities that should add to -118,456 are comprised of the following:

-  	AdjustmentsToAdditionalPaidInCapitalOther                                                                                                      -10,000 
-  	IncreaseDecreaseInDueFromRelatedParties                                                                                                        -55,832 
-  	ProfitLoss                                                                                                                                    -184,288 
-  	StockIssuedDuringPeriodValueIssuedForServices                                                                                                        0 


The addends are calculated based on the calculation linkbase defined for 000006 - Statement - CONSOLIDATED STATEMENTS OF CASH FLOWS. If addends are missing then the calculation tree should be amended. The rule will not add dimension components as the financial statement does not include a table. If dimensions are used on the statement then add a table to ensure that the dimensions are defined correctly. 


Total Element : us-gaap:NetCashProvidedByUsedInOperatingActivities
Total Value : -118,456 
Total period : 2023-01-01 to 2023-12-31 
Dimensions : 
Decimals of Total: 0
Unit of Total: USD
Rule Element Id:9590
Rule version: 23.0.6 - kenilworth_10k.htm 2",2024-03-14,ERROR,DQC,126,55234,KENILWORTH SYSTEMS CORPORATION,2024-03-14 14:31:00,0001477932-24-001211,US GAAP 2023,XBRL Document Created with XBRLMaster,10-K,http://www.sec.gov/Archives/edgar/data/55234/000147793224001211/kenilworth_10k.htm,2024-03-14,2024,685353,https://www.sec.gov/Archives/edgar/data/55234/000147793224001211/0001477932-24-001211-index.htm,7990,10k-kens-20231231
DQC.US.0126.9590,"2024-03-18 07:01:47,907 [DQC.US.0126.9590] The statement 000005 - Statement - CONSOLIDATED STATEMENTS OF CASH FLOWS (Unaudited) includes an inconsistent calculation. The value of the concept us-gaap:NetCashProvidedByUsedInOperatingActivities of 23,481,000  should be equal to the sum of its child components defined in the calculation linkbase. The sum of these child components is 22,953,000. The values of the addends is determined by adding the values of the child concepts.  The values reported in the financial statement in the current reporting period of 2023-01-01 to 2023-12-31 should be complete if the financial statement is to be mathematically accurate and complete. The components of us-gaap:NetCashProvidedByUsedInOperatingActivities that should add to 23,481,000 are comprised of the following:

+  	DepreciationDepletionAndAmortization                                                                                                        10,875,000 
-  	GainLossOnSaleOfOilAndGasProperty                                                                                                           -4,268,000 
-  	IncreaseDecreaseInAccountsAndNotesReceivable                                                                                                    19,000 
+  	IncreaseDecreaseInAccountsPayable                                                                                                              -11,000 
-  	IncreaseDecreaseInAccountsReceivable                                                                                                         3,360,000 
+  	IncreaseDecreaseInAccruedLiabilities                                                                                                         6,979,000 
-  	IncreaseDecreaseInPrepaidExpensesOther                                                                                                          11,000 
-  	NetIncomeLoss                                                                                                                                  264,000 
+  	OperatingLeaseRightOfUseAssetAmortizationExpense                                                                                               100,000 
+  	ShareBasedCompensation                                                                                                                       2,043,000 
+  	IncreaseDecreaseInRevenuePayable                                                                                                             2,353,000 


The addends are calculated based on the calculation linkbase defined for 000005 - Statement - CONSOLIDATED STATEMENTS OF CASH FLOWS (Unaudited). If addends are missing then the calculation tree should be amended. The rule will not add dimension components as the financial statement does not include a table. If dimensions are used on the statement then add a table to ensure that the dimensions are defined correctly. 


Total Element : us-gaap:NetCashProvidedByUsedInOperatingActivities
Total Value : 23,481,000 
Total period : 2023-01-01 to 2023-12-31 
Dimensions : 
Decimals of Total: -3
Unit of Total: USD
Rule Element Id:9590
Rule version: 23.0.6 - ped_10k.htm 2",2024-03-18,ERROR,DQC,126,1141197,PEDEVCO CORP.,2024-03-15 18:45:00,0001654954-24-003240,US GAAP 2023,XBRL Document Created with XBRLMaster,10-K,http://www.sec.gov/Archives/edgar/data/1141197/000165495424003240/ped_10k.htm,2024-03-18,2024,686248,https://www.sec.gov/Archives/edgar/data/1141197/000165495424003240/0001654954-24-003240-index.htm,1311,10k-ped-20231231
DQC.US.0126.9590,"2024-03-25 18:25:24,892 [DQC.US.0126.9590] The statement 100070 - Statement - Consolidated Statements of Cash Flows includes an inconsistent calculation. The value of the concept us-gaap:NetCashProvidedByUsedInInvestingActivities of -2,955,681  should be equal to the sum of its child components defined in the calculation linkbase. The sum of these child components is -3,792,702. The values of the addends is determined by adding the values of the child concepts.  The values reported in the financial statement in the current reporting period of 2023-01-01 to 2023-12-31 should be complete if the financial statement is to be mathematically accurate and complete. The components of us-gaap:NetCashProvidedByUsedInInvestingActivities that should add to -2,955,681 are comprised of the following:

-  	PaymentsToAcquirePropertyPlantAndEquipment                                                                                                      15,494 
-  	PaymentsToDevelopSoftware                                                                                                                      697,350 
-  	PaymentsToAcquireAssetsDeployedAtClientLocations                                                                                             3,079,858 


The addends are calculated based on the calculation linkbase defined for 100070 - Statement - Consolidated Statements of Cash Flows. If addends are missing then the calculation tree should be amended. The rule will not add dimension components as the financial statement does not include a table. If dimensions are used on the statement then add a table to ensure that the dimensions are defined correctly. 


Total Element : us-gaap:NetCashProvidedByUsedInInvestingActivities
Total Value : -2,955,681 
Total period : 2023-01-01 to 2023-12-31 
Dimensions : 
Decimals of Total: 0
Unit of Total: USD
Rule Element Id:9590
Rule version: 23.0.7 - glxz-20231231.htm 2444",2024-03-25,ERROR,DQC,126,13156,"GALAXY GAMING, INC.",2024-03-22 17:45:00,0000950170-24-035514,US GAAP 2023,DFIN New ActiveDisclosure (SM) XBRL Schema Document - http://www.dfinsolutions.com/,10-K,http://www.sec.gov/Archives/edgar/data/13156/000095017024035514/glxz-20231231.htm,2024-03-25,2024,692123,https://www.sec.gov/Archives/edgar/data/13156/000095017024035514/0000950170-24-035514-index.htm,7900,10k-glxz-20231231
DQC.US.0126.9590,"2024-03-25 18:03:30,883 [DQC.US.0126.9590] The statement 000007 - Statement - CONSOLIDATED STATEMENTS OF CASH FLOWS includes an inconsistent calculation. The value of the concept us-gaap:NetCashProvidedByUsedInOperatingActivities of -5,342,265  should be equal to the sum of its child components defined in the calculation linkbase. The sum of these child components is -4,038,018. The values of the addends is determined by adding the values of the child concepts.  The values reported in the financial statement in the current reporting period of 2023-01-01 to 2023-12-31 should be complete if the financial statement is to be mathematically accurate and complete. The components of us-gaap:NetCashProvidedByUsedInOperatingActivities that should add to -5,342,265 are comprised of the following:

+  	BadDebtExpense                                                                                                                                 207,582 
-  	IncreaseDecreaseUndistributedEarnings                                                                                                          744,901 
+  	AmortizationOfDebtDiscountPremium                                                                                                            1,711,518 
+  	AssetRetirementObligationAccretionExpense                                                                                                      155,463 
+  	DepreciationAmortizationAndAccretionNet                                                                                                      1,002,562 
-  	GainLossOnDispositionOfAssets1                                                                                                                 854,465 
-  	GainsLossesOnExtinguishmentOfDebt                                                                                                             -605,507 
+  	GoodwillAndIntangibleAssetImpairment                                                                                                           669,710 
+  	GoodwillImpairmentLoss                                                                                                                      14,486,745 
+  	ImpairmentOfOilAndGasProperties                                                                                                                347,050 
+  	IncreaseDecreaseInAccountsPayable                                                                                                            1,225,903 
-  	IncreaseDecreaseInAccountsReceivable                                                                                                         3,476,409 
+  	IncreaseDecreaseInCustomerDeposits                                                                                                          -2,677,539 
+  	IncreaseDecreaseInDerivativeLiabilities                                                                                                      9,150,459 
+  	IncreaseDecreaseInDueToRelatedParties                                                                                                            6,743 
-  	IncreaseDecreaseInInventories                                                                                                                 -480,693 
+  	IncreaseDecreaseInOtherCurrentLiabilities                                                                                                    5,144,360 
-  	IncreaseDecreaseInPrepaidExpensesOther                                                                                                         -47,104 
+  	OperatingLeaseRightOfUseAssetAmortizationExpense                                                                                             1,318,822 
-  	OtherComprehensiveIncomeLossForeignCurrencyTransactionAndTranslationAdjustmentNetOfTax                                                        -176,887 
-  	ProfitLoss                                                                                                                                  33,021,812 
+  	ShareBasedCompensation                                                                                                                               0 


The addends are calculated based on the calculation linkbase defined for 000007 - Statement - CONSOLIDATED STATEMENTS OF CASH FLOWS. If addends are missing then the calculation tree should be amended. The rule will not add dimension components as the financial statement does not include a table. If dimensions are used on the statement then add a table to ensure that the dimensions are defined correctly. 


Total Element : us-gaap:NetCashProvidedByUsedInOperatingActivities
Total Value : -5,342,265 
Total period : 2023-01-01 to 2023-12-31 
Dimensions : 
Decimals of Total: 0
Unit of Total: USD
Rule Element Id:9590
Rule version: 23.0.7 - cei_10k.htm 2",2024-03-25,ERROR,DQC,126,1309082,"Camber Energy, Inc.",2024-03-25 08:55:00,0001477932-24-001445,US GAAP 2023,XBRL Document Created with XBRLMaster,10-K,http://www.sec.gov/Archives/edgar/data/1309082/000147793224001445/cei_10k.htm,2024-03-25,2024,692016,https://www.sec.gov/Archives/edgar/data/1309082/000147793224001445/0001477932-24-001445-index.htm,1311,10k-cei-20231231
DQC.US.0126.9590,"2024-03-29 15:46:37,045 [DQC.US.0126.9590] The statement 00000002 - Statement - CONSOLIDATED BALANCE SHEETS includes an inconsistent calculation. The value of the concept us-gaap:LiabilitiesAndStockholdersEquity of 1,180  should be equal to the sum of its child components defined in the calculation linkbase. The sum of these child components is 1,080. The values of the addends is determined by adding the values of the child concepts.  The values reported in the financial statement in the current reporting period of 2023-12-31 should be complete if the financial statement is to be mathematically accurate and complete. The components of us-gaap:LiabilitiesAndStockholdersEquity that should add to 1,180 are comprised of the following:

+  	Liabilities                                                                                                                                    409,783 
+  	StockholdersEquityIncludingPortionAttributableToNoncontrollingInterest                                                                        -408,703 


The addends are calculated based on the calculation linkbase defined for 00000002 - Statement - CONSOLIDATED BALANCE SHEETS. If addends are missing then the calculation tree should be amended. The rule will not add dimension components as the financial statement does not include a table. If dimensions are used on the statement then add a table to ensure that the dimensions are defined correctly. 


Total Element : us-gaap:LiabilitiesAndStockholdersEquity
Total Value : 1,180 
Total period : 2023-12-31 
Dimensions : 
Decimals of Total: 0
Unit of Total: USD
Rule Element Id:9590
Rule version: 23.0.7 - brvo1231202310k.htm 3392",2024-03-29,ERROR,DQC,126,1444839,BRAVO MULTINATIONAL INCORPORATED,2024-03-29 12:44:00,0001091818-24-000032,US GAAP 2023,Novaworks,10-K,http://www.sec.gov/Archives/edgar/data/1444839/000109181824000032/brvo1231202310k.htm,2024-03-29,2024,694374,https://www.sec.gov/Archives/edgar/data/1444839/000109181824000032/0001091818-24-000032-index.htm,7990,10k-brvo-20231231
DQC.US.0126.9590,"2024-04-13 06:03:35,134 [DQC.US.0126.9590] The statement 000006 - Statement - Consolidated Statements of Cash Flows includes an inconsistent calculation. The value of the concept us-gaap:NetCashProvidedByUsedInOperatingActivities of -11,326,850  should be equal to the sum of its child components defined in the calculation linkbase. The sum of these child components is 1,009,842. The values of the addends is determined by adding the values of the child concepts.  The values reported in the financial statement in the current reporting period of 2023-01-01 to 2023-12-31 should be complete if the financial statement is to be mathematically accurate and complete. The components of us-gaap:NetCashProvidedByUsedInOperatingActivities that should add to -11,326,850 are comprised of the following:

+  	AmortizationOfDebtDiscountPremium                                                                                                              -36,712 
+  	AmortizationOfFinancingCostsAndDiscounts                                                                                                     1,187,678 
+  	DeferredIncomeTaxExpenseBenefit                                                                                                             -1,199,915 
+  	DepreciationAndAmortization                                                                                                                  2,973,440 
-  	GainLossOnSaleOfOtherInvestments                                                                                                             1,125,498 
+  	IncreaseDecreaseInAccountsPayableAndAccruedLiabilities                                                                                      -2,301,177 
-  	IncreaseDecreaseInDeferredPolicyAcquisitionCosts                                                                                            -4,016,889 
+  	IncreaseDecreaseInDeferredRevenue                                                                                                           -1,158,704 
+  	IncreaseDecreaseInFuturePolicyBenefitReserves                                                                                                3,478,349 
-  	IncreaseDecreaseInOtherOperatingAssets                                                                                                         825,737 
-  	IncreaseDecreaseInPremiumsReceivable                                                                                                          -200,481 
+  	IncreaseDecreaseInReinsurancePayables                                                                                                         -224,826 
-  	IncreaseDecreaseInReinsuranceRecoverable                                                                                                     9,128,851 
+  	IncreaseDecreaseInUnearnedPremiums                                                                                                          -1,871,239 
+  	LossOnSaleOfInvestments                                                                                                                         18,811 
-  	ProfitLoss                                                                                                                                  -6,168,346 
+  	ProvisionForDoubtfulAccounts                                                                                                                    75,215 
+  	ShareBasedCompensation                                                                                                                         832,597 
+  	IncreseDecreseInAdvancePremiums                                                                                                                958,562 
-  	NetUnrealizedGainsLossesOnEquityInvestments                                                                                                  1,027,867 


The addends are calculated based on the calculation linkbase defined for 000006 - Statement - Consolidated Statements of Cash Flows. If addends are missing then the calculation tree should be amended. The rule will not add dimension components as the financial statement does not include a table. If dimensions are used on the statement then add a table to ensure that the dimensions are defined correctly. 


Total Element : us-gaap:NetCashProvidedByUsedInOperatingActivities
Total Value : -11,326,850 
Total period : 2023-01-01 to 2023-12-31 
Dimensions : 
Decimals of Total: 0
Unit of Total: USD
Rule Element Id:9590
Rule version: 23.0.9 - kins_10k.htm 2",2024-04-13,ERROR,DQC,126,33992,"KINGSTONE COMPANIES, INC.",2024-04-01 16:50:00,0001654954-24-004054,US GAAP 2023,XBRL Document Created with XBRLMaster,10-K,http://www.sec.gov/Archives/edgar/data/33992/000165495424004054/kins_10k.htm,2024-04-01,2024,698952,https://www.sec.gov/Archives/edgar/data/33992/000165495424004054/0001654954-24-004054-index.htm,6331,10k-kins-20231231
DQC.US.0126.9590,"2025-01-08 09:57:45,842 [DQC.US.0126.9590] The statement 00000006 - Statement - Condensed Consolidated Statements of Cash Flows (Unaudited) includes an inconsistent calculation. The value of the concept us-gaap:CashCashEquivalentsRestrictedCashAndRestrictedCashEquivalentsPeriodIncreaseDecreaseIncludingExchangeRateEffect of -91,799  should be equal to the sum of its child components defined in the calculation linkbase. The sum of these child components is -64,206. The values of the addends is determined by adding the values of the child concepts.  The values reported in the financial statement in the current reporting period of 2024-01-01 to 2024-09-30 should be complete if the financial statement is to be mathematically accurate and complete. The components of us-gaap:CashCashEquivalentsRestrictedCashAndRestrictedCashEquivalentsPeriodIncreaseDecreaseIncludingExchangeRateEffect that should add to -91,799 are comprised of the following:

+  	NetCashProvidedByUsedInFinancingActivities                                                                                                     717,503 
+  	NetCashProvidedByUsedInOperatingActivities                                                                                                    -781,709 


The addends are calculated based on the calculation linkbase defined for 00000006 - Statement - Condensed Consolidated Statements of Cash Flows (Unaudited). If addends are missing then the calculation tree should be amended. The rule will not add dimension components as the financial statement does not include a table. If dimensions are used on the statement then add a table to ensure that the dimensions are defined correctly. 


Total Element : us-gaap:CashCashEquivalentsRestrictedCashAndRestrictedCashEquivalentsPeriodIncreaseDecreaseIncludingExchangeRateEffect
Total Value : -91,799 
Total period : 2024-01-01 to 2024-09-30 
Dimensions : 
Decimals of Total: 0
Unit of Total: USD
Rule Element Id:9590
Rule version: 25.0.6 - form10-q.htm 5413",2025-01-08,ERROR,DQC,126,1803977,Limitless X Holdings Inc.,2024-12-23 17:22:00,0001493152-24-051872,US GAAP 2024,Novaworks,10-Q,http://www.sec.gov/Archives/edgar/data/1803977/000149315224051872/form10-q.htm,2024-12-23,2024,789732,https://www.sec.gov/Archives/edgar/data/1803977/000149315224051872/0001493152-24-051872-index.htm,7990,10q-limx-20240930
DQC.US.0126.9590,"2024-11-20 10:01:32,683 [DQC.US.0126.9590] The statement 00000002 - Statement - CONSOLIDATED BALANCE SHEETS includes an inconsistent calculation. The value of the concept us-gaap:LiabilitiesCurrent of 2,275,823  should be equal to the sum of its child components defined in the calculation linkbase. The sum of these child components is 2,275,793. The values of the addends is determined by adding the values of the child concepts.  The values reported in the financial statement in the current reporting period of 2024-09-30 should be complete if the financial statement is to be mathematically accurate and complete. The components of us-gaap:LiabilitiesCurrent that should add to 2,275,823 are comprised of the following:

+  	AccountsPayableAndAccruedLiabilitiesCurrent                                                                                                    817,055 
+  	ConvertibleNotesPayable                                                                                                                        809,047 
+  	NotesPayableCurrent                                                                                                                            544,691 
+  	SubscriptionsPayable                                                                                                                           105,000 


The addends are calculated based on the calculation linkbase defined for 00000002 - Statement - CONSOLIDATED BALANCE SHEETS. If addends are missing then the calculation tree should be amended. The rule will not add dimension components as the financial statement does not include a table. If dimensions are used on the statement then add a table to ensure that the dimensions are defined correctly. 


Total Element : us-gaap:LiabilitiesCurrent
Total Value : 2,275,823 
Total period : 2024-09-30 
Dimensions : 
Decimals of Total: 0
Unit of Total: USD
Rule Element Id:9590
Rule version: 25.0.5 - e6116_10q.htm 2505",2024-11-20,ERROR,DQC,126,1358633,SENTIENT BRANDS HOLDINGS INC.,2024-11-19 16:31:00,0001731122-24-001835,US GAAP 2024,Novaworks,10-Q,http://www.sec.gov/Archives/edgar/data/1358633/000173112224001835/e6116_10q.htm,2024-11-19,2024,782497,https://www.sec.gov/Archives/edgar/data/1358633/000173112224001835/0001731122-24-001835-index.htm,5734,10q-snbh-20240930
DQC.US.0126.9590,"2024-11-21 06:19:44,529 [DQC.US.0126.9590] The statement 000006 - Statement - CONDENSED CONSOLIDATED STATEMENTS OF CASH FLOWS (Unaudited) includes an inconsistent calculation. The value of the concept us-gaap:NetCashProvidedByUsedInOperatingActivities of -47,666  should be equal to the sum of its child components defined in the calculation linkbase. The sum of these child components is 7,284,710. The values of the addends is determined by adding the values of the child concepts.  The values reported in the financial statement in the current reporting period of 2024-01-01 to 2024-09-30 should be complete if the financial statement is to be mathematically accurate and complete. The components of us-gaap:NetCashProvidedByUsedInOperatingActivities that should add to -47,666 are comprised of the following:

-  	DiscountOnWarrant                                                                                                                                    0 
+  	IncreaseDecreaseInAccountsPayableAndAccruedLiabilitiesRelatedParty                                                                               3,900 
+  	IssuanceOfStockForAccruedExpensesRelatedParty                                                                                                2,311,977 
-  	UnrealizedGainLossSecurities                                                                                                                        81 
-  	DebtConversionOriginalDebtAmount1                                                                                                               34,180 
+  	Depreciation                                                                                                                                         0 
+  	DepreciationDepletionAndAmortization                                                                                                         1,244,525 
+  	IncreaseDecreaseInAccountsPayableAndAccruedLiabilities                                                                                          43,246 
+  	IncreaseDecreaseInDeferredRevenue                                                                                                                  155 
+  	IssuanceOfStockAndWarrantsForServicesOrClaims                                                                                                   14,800 
-  	ProfitLoss                                                                                                                                  -3,700,368 


The addends are calculated based on the calculation linkbase defined for 000006 - Statement - CONDENSED CONSOLIDATED STATEMENTS OF CASH FLOWS (Unaudited). If addends are missing then the calculation tree should be amended. The rule will not add dimension components as the financial statement does not include a table. If dimensions are used on the statement then add a table to ensure that the dimensions are defined correctly. 


Total Element : us-gaap:NetCashProvidedByUsedInOperatingActivities
Total Value : -47,666 
Total period : 2024-01-01 to 2024-09-30 
Dimensions : 
Decimals of Total: 0
Unit of Total: USD
Rule Element Id:9590
Rule version: 25.0.5 - crwe_10q.htm 2",2024-11-21,ERROR,DQC,126,1103833,CROWN EQUITY HOLDINGS INC.,2024-11-19 15:36:00,0001477932-24-007443,US GAAP 2024,XBRL Document Created with XBRLMaster,10-Q,http://www.sec.gov/Archives/edgar/data/1103833/000147793224007443/crwe_10q.htm,2024-11-19,2024,783019,https://www.sec.gov/Archives/edgar/data/1103833/000147793224007443/0001477932-24-007443-index.htm,5734,10q-crwe-20240930
DQC.US.0126.9590,"2024-11-19 15:17:30,532 [DQC.US.0126.9590] The statement 000005 - Statement - CONSOLIDATED STATEMENTS OF CASH FLOWS (Unaudited) includes an inconsistent calculation. The value of the concept us-gaap:NetCashProvidedByUsedInOperatingActivities of 8,547,000  should be equal to the sum of its child components defined in the calculation linkbase. The sum of these child components is -4,191,000. The values of the addends is determined by adding the values of the child concepts.  The values reported in the financial statement in the current reporting period of 2024-01-01 to 2024-09-30 should be complete if the financial statement is to be mathematically accurate and complete. The components of us-gaap:NetCashProvidedByUsedInOperatingActivities that should add to 8,547,000 are comprised of the following:

+  	DepreciationAndAmortization                                                                                                                 10,782,000 
-  	GainLossOnDispositionOfAssets                                                                                                                   12,000 
-  	GainLossOnSaleOfOilAndGasProperty                                                                                                              735,000 
+  	IncreaseDecreaseInAccountsPayable                                                                                                           -1,088,000 
-  	IncreaseDecreaseInAccruedInterestReceivableNet                                                                                                  78,000 
+  	IncreaseDecreaseInAccruedLiabilities                                                                                                        -6,041,000 
-  	IncreaseDecreaseInPrepaidExpensesOther                                                                                                         543,000 
-  	NetIncomeLoss                                                                                                                                6,369,000 
+  	OperatingLeaseRightOfUseAssetAmortizationExpense                                                                                                83,000 
+  	ShareBasedCompensation                                                                                                                       1,401,000 
+  	IncreaseDecreaseInAccountsReceivableOilAndGas                                                                                                  467,000 
+  	IncreaseDecreaseInRevenuePayable                                                                                                            -2,108,000 
+  	UncollectibleAccountExpense                                                                                                                     50,000 


The addends are calculated based on the calculation linkbase defined for 000005 - Statement - CONSOLIDATED STATEMENTS OF CASH FLOWS (Unaudited). If addends are missing then the calculation tree should be amended. The rule will not add dimension components as the financial statement does not include a table. If dimensions are used on the statement then add a table to ensure that the dimensions are defined correctly. 


Total Element : us-gaap:NetCashProvidedByUsedInOperatingActivities
Total Value : 8,547,000 
Total period : 2024-01-01 to 2024-09-30 
Dimensions : 
Decimals of Total: -3
Unit of Total: USD
Rule Element Id:9590
Rule version: 25.0.5 - ped_10q.htm 2",2024-11-19,ERROR,DQC,126,1141197,PEDEVCO CORP.,2024-11-14 16:31:00,0001654954-24-014468,US GAAP 2024,XBRL Document Created with XBRLMaster,10-Q,http://www.sec.gov/Archives/edgar/data/1141197/000165495424014468/ped_10q.htm,2024-11-14,2024,781996,https://www.sec.gov/Archives/edgar/data/1141197/000165495424014468/0001654954-24-014468-index.htm,1311,10q-ped-20240930
DQC.US.0126.9590,"2024-11-19 15:17:30,533 [DQC.US.0126.9590] The statement 000004 - Statement - CONSOLIDATED STATEMENTS OF OPERATIONS (Unaudited) includes an inconsistent calculation. The value of the concept us-gaap:OtherNonoperatingIncomeExpense of 295,000  should be equal to the sum of its child components defined in the calculation linkbase. The sum of these child components is 381,000. The values of the addends is determined by adding the values of the child concepts.  The values reported in the financial statement in the current reporting period of 2024-01-01 to 2024-09-30 should be complete if the financial statement is to be mathematically accurate and complete. The components of us-gaap:OtherNonoperatingIncomeExpense that should add to 295,000 are comprised of the following:

+  	GainLossOnDispositionOfAssets                                                                                                                   12,000 
+  	InterestIncomeOther                                                                                                                            326,000 
+  	OtherOperatingIncomeExpenseNet                                                                                                                  43,000 


The addends are calculated based on the calculation linkbase defined for 000004 - Statement - CONSOLIDATED STATEMENTS OF OPERATIONS (Unaudited). If addends are missing then the calculation tree should be amended. The rule will not add dimension components as the financial statement does not include a table. If dimensions are used on the statement then add a table to ensure that the dimensions are defined correctly. 


Total Element : us-gaap:OtherNonoperatingIncomeExpense
Total Value : 295,000 
Total period : 2024-01-01 to 2024-09-30 
Dimensions : 
Decimals of Total: -3
Unit of Total: USD
Rule Element Id:9590
Rule version: 25.0.5 - ped_10q.htm 2",2024-11-19,ERROR,DQC,126,1141197,PEDEVCO CORP.,2024-11-14 16:31:00,0001654954-24-014468,US GAAP 2024,XBRL Document Created with XBRLMaster,10-Q,http://www.sec.gov/Archives/edgar/data/1141197/000165495424014468/ped_10q.htm,2024-11-14,2024,781996,https://www.sec.gov/Archives/edgar/data/1141197/000165495424014468/0001654954-24-014468-index.htm,1311,10q-ped-20240930
DQC.US.0126.9590,"2024-11-18 06:31:56,664 [DQC.US.0126.9590] The statement 000006 - Statement - CONSOLIDATED STATEMENT OF CASH FLOWS (Unaudited) includes an inconsistent calculation. The value of the concept us-gaap:NetCashProvidedByUsedInFinancingActivities of 266,500  should be equal to the sum of its child components defined in the calculation linkbase. The sum of these child components is 51,600. The values of the addends is determined by adding the values of the child concepts.  The values reported in the financial statement in the current reporting period of 2024-01-01 to 2024-09-30 should be complete if the financial statement is to be mathematically accurate and complete. The components of us-gaap:NetCashProvidedByUsedInFinancingActivities that should add to 266,500 are comprised of the following:

+  	ProceedsFromIssuanceOfCommonStock                                                                                                              159,050 
-  	ProceedandPaymentFromAdditionalInCapital                                                                                                       107,450 


The addends are calculated based on the calculation linkbase defined for 000006 - Statement - CONSOLIDATED STATEMENT OF CASH FLOWS (Unaudited). If addends are missing then the calculation tree should be amended. The rule will not add dimension components as the financial statement does not include a table. If dimensions are used on the statement then add a table to ensure that the dimensions are defined correctly. 


Total Element : us-gaap:NetCashProvidedByUsedInFinancingActivities
Total Value : 266,500 
Total period : 2024-01-01 to 2024-09-30 
Dimensions : 
Decimals of Total: 0
Unit of Total: USD
Rule Element Id:9590
Rule version: 25.0.4 - kens_10q.htm 2",2024-11-18,ERROR,DQC,126,55234,KENILWORTH SYSTEMS CORPORATION,2024-11-14 11:53:00,0001477932-24-007166,US GAAP 2024,XBRL Document Created with XBRLMaster,10-Q,http://www.sec.gov/Archives/edgar/data/55234/000147793224007166/kens_10q.htm,2024-11-14,2024,781151,https://www.sec.gov/Archives/edgar/data/55234/000147793224007166/0001477932-24-007166-index.htm,7990,10q-kenilworth-20240930
DQC.US.0126.9590,"2024-11-18 06:31:56,664 [DQC.US.0126.9590] The statement 000006 - Statement - CONSOLIDATED STATEMENT OF CASH FLOWS (Unaudited) includes an inconsistent calculation. The value of the concept us-gaap:NetCashProvidedByUsedInOperatingActivities of -285,287  should be equal to the sum of its child components defined in the calculation linkbase. The sum of these child components is 299,358. The values of the addends is determined by adding the values of the child concepts.  The values reported in the financial statement in the current reporting period of 2024-01-01 to 2024-09-30 should be complete if the financial statement is to be mathematically accurate and complete. The components of us-gaap:NetCashProvidedByUsedInOperatingActivities that should add to -285,287 are comprised of the following:

-  	AdjustmentsToAdditionalPaidInCapitalMarkToMarket                                                                                                     0 
+  	IncreaseDecreaseInDueToRelatedParties                                                                                                            7,036 
+  	IncreaseDecreaseInExploitationLiabilities                                                                                                            0 
-  	IncreaseDecreaseInPrepaidExpensesOther                                                                                                               0 
-  	ProfitLoss                                                                                                                                    -292,322 


The addends are calculated based on the calculation linkbase defined for 000006 - Statement - CONSOLIDATED STATEMENT OF CASH FLOWS (Unaudited). If addends are missing then the calculation tree should be amended. The rule will not add dimension components as the financial statement does not include a table. If dimensions are used on the statement then add a table to ensure that the dimensions are defined correctly. 


Total Element : us-gaap:NetCashProvidedByUsedInOperatingActivities
Total Value : -285,287 
Total period : 2024-01-01 to 2024-09-30 
Dimensions : 
Decimals of Total: 0
Unit of Total: USD
Rule Element Id:9590
Rule version: 25.0.4 - kens_10q.htm 2",2024-11-18,ERROR,DQC,126,55234,KENILWORTH SYSTEMS CORPORATION,2024-11-14 11:53:00,0001477932-24-007166,US GAAP 2024,XBRL Document Created with XBRLMaster,10-Q,http://www.sec.gov/Archives/edgar/data/55234/000147793224007166/kens_10q.htm,2024-11-14,2024,781151,https://www.sec.gov/Archives/edgar/data/55234/000147793224007166/0001477932-24-007166-index.htm,7990,10q-kenilworth-20240930
DQC.US.0126.9590,"2024-11-18 06:31:56,665 [DQC.US.0126.9590] The statement 000004 - Statement - CONSOLIDATED STATEMENTS OF OPERATIONS (Unaudited) includes an inconsistent calculation. The value of the concept us-gaap:OperatingExpenses of -252,587  should be equal to the sum of its child components defined in the calculation linkbase. The sum of these child components is 252,587. The values of the addends is determined by adding the values of the child concepts.  The values reported in the financial statement in the current reporting period of 2024-01-01 to 2024-09-30 should be complete if the financial statement is to be mathematically accurate and complete. The components of us-gaap:OperatingExpenses that should add to -252,587 are comprised of the following:

+  	ExchangeFees                                                                                                                                     1,427 
+  	GeneralAndAdministrativeExpense                                                                                                                216,410 
+  	ProfessionalFees                                                                                                                                34,750 


The addends are calculated based on the calculation linkbase defined for 000004 - Statement - CONSOLIDATED STATEMENTS OF OPERATIONS (Unaudited). If addends are missing then the calculation tree should be amended. The rule will not add dimension components as the financial statement does not include a table. If dimensions are used on the statement then add a table to ensure that the dimensions are defined correctly. 


Total Element : us-gaap:OperatingExpenses
Total Value : -252,587 
Total period : 2024-01-01 to 2024-09-30 
Dimensions : 
Decimals of Total: 0
Unit of Total: USD
Rule Element Id:9590
Rule version: 25.0.4 - kens_10q.htm 2",2024-11-18,ERROR,DQC,126,55234,KENILWORTH SYSTEMS CORPORATION,2024-11-14 11:53:00,0001477932-24-007166,US GAAP 2024,XBRL Document Created with XBRLMaster,10-Q,http://www.sec.gov/Archives/edgar/data/55234/000147793224007166/kens_10q.htm,2024-11-14,2024,781151,https://www.sec.gov/Archives/edgar/data/55234/000147793224007166/0001477932-24-007166-index.htm,7990,10q-kenilworth-20240930
DQC.US.0126.9590,"2024-11-18 06:31:56,665 [DQC.US.0126.9590] The statement 000004 - Statement - CONSOLIDATED STATEMENTS OF OPERATIONS (Unaudited) includes an inconsistent calculation. The value of the concept us-gaap:OperatingIncomeLoss of -247,587  should be equal to the sum of its child components defined in the calculation linkbase. The sum of these child components is 257,587. The values of the addends is determined by adding the values of the child concepts.  The values reported in the financial statement in the current reporting period of 2024-01-01 to 2024-09-30 should be complete if the financial statement is to be mathematically accurate and complete. The components of us-gaap:OperatingIncomeLoss that should add to -247,587 are comprised of the following:

+  	GrossProfit                                                                                                                                      5,000 
-  	OperatingExpenses                                                                                                                             -252,587 


The addends are calculated based on the calculation linkbase defined for 000004 - Statement - CONSOLIDATED STATEMENTS OF OPERATIONS (Unaudited). If addends are missing then the calculation tree should be amended. The rule will not add dimension components as the financial statement does not include a table. If dimensions are used on the statement then add a table to ensure that the dimensions are defined correctly. 


Total Element : us-gaap:OperatingIncomeLoss
Total Value : -247,587 
Total period : 2024-01-01 to 2024-09-30 
Dimensions : 
Decimals of Total: 0
Unit of Total: USD
Rule Element Id:9590
Rule version: 25.0.4 - kens_10q.htm 2",2024-11-18,ERROR,DQC,126,55234,KENILWORTH SYSTEMS CORPORATION,2024-11-14 11:53:00,0001477932-24-007166,US GAAP 2024,XBRL Document Created with XBRLMaster,10-Q,http://www.sec.gov/Archives/edgar/data/55234/000147793224007166/kens_10q.htm,2024-11-14,2024,781151,https://www.sec.gov/Archives/edgar/data/55234/000147793224007166/0001477932-24-007166-index.htm,7990,10q-kenilworth-20240930
DQC.US.0126.9590,"2024-11-18 01:36:13,415 [DQC.US.0126.9590] The statement 00000004 - Statement - CONDENSED CONSOLIDATED STATEMENTS OF OPERATIONS (Unaudited) includes an inconsistent calculation. The value of the concept us-gaap:NonoperatingIncomeExpense of 998,557  should be equal to the sum of its child components defined in the calculation linkbase. The sum of these child components is 258,451. The values of the addends is determined by adding the values of the child concepts.  The values reported in the financial statement in the current reporting period of 2024-01-01 to 2024-09-30 should be complete if the financial statement is to be mathematically accurate and complete. The components of us-gaap:NonoperatingIncomeExpense that should add to 998,557 are comprised of the following:

+  	GainLossOnSaleOfProperties                                                                                                                     618,504 
+  	OtherOperatingIncome                                                                                                                            10,000 
-  	ProceedsFromLegalSettlements                                                                                                                   370,053 


The addends are calculated based on the calculation linkbase defined for 00000004 - Statement - CONDENSED CONSOLIDATED STATEMENTS OF OPERATIONS (Unaudited). If addends are missing then the calculation tree should be amended. The rule will not add dimension components as the financial statement does not include a table. If dimensions are used on the statement then add a table to ensure that the dimensions are defined correctly. 


Total Element : us-gaap:NonoperatingIncomeExpense
Total Value : 998,557 
Total period : 2024-01-01 to 2024-09-30 
Dimensions : 
Decimals of Total: 0
Unit of Total: USD
Rule Element Id:9590
Rule version: 25.0.4 - nbh-10q.htm 2218",2024-11-18,ERROR,DQC,126,1936756,"NEXT BRIDGE HYDROCARBONS, INC.",2024-11-13 17:06:00,0001199835-24-000499,US GAAP 2024,Novaworks,10-Q,http://www.sec.gov/Archives/edgar/data/1936756/000119983524000499/nbh-10q.htm,2024-11-13,2024,780614,https://www.sec.gov/Archives/edgar/data/1936756/000119983524000499/0001199835-24-000499-index.htm,1311,10q-nbh-20240930
DQC.US.0126.9590,"2024-11-18 01:32:15,561 [DQC.US.0126.9590] The statement 000006 - Statement - Condensed Consolidated Statements of Cash Flows (Unaudited) includes an inconsistent calculation. The value of the concept us-gaap:NetCashProvidedByUsedInOperatingActivities of -1,454,022  should be equal to the sum of its child components defined in the calculation linkbase. The sum of these child components is 126,434,996. The values of the addends is determined by adding the values of the child concepts.  The values reported in the financial statement in the current reporting period of 2024-01-01 to 2024-09-30 should be complete if the financial statement is to be mathematically accurate and complete. The components of us-gaap:NetCashProvidedByUsedInOperatingActivities that should add to -1,454,022 are comprised of the following:

-  	GainLossOnSaleOfOilAndGasPropertyAndFixedAssets                                                                                               -755,506 
+  	IncreaseDecreaseInUndistributedEarnings                                                                                                          3,413 
+  	AmortizationOfDebtDiscountPremium                                                                                                            2,538,362 
+  	AssetRetirementObligationAccretionExpense                                                                                                          536 
+  	DepreciationAmortizationAndAccretionNet                                                                                                        596,427 
-  	ForeignCurrencyTransactionGainLossBeforeTax                                                                                                     44,658 
-  	GainsLossesOnExtinguishmentOfDebt                                                                                                             -811,132 
+  	GoodwillImpairmentLoss                                                                                                                      34,860,411 
+  	IncreaseDecreaseInAccountsPayable                                                                                                            2,697,514 
-  	IncreaseDecreaseInAccountsReceivable                                                                                                        -2,622,842 
+  	IncreaseDecreaseInCustomerDeposits                                                                                                          -1,632,651 
+  	IncreaseDecreaseInDueToRelatedParties                                                                                                          170,276 
-  	IncreaseDecreaseInInventories                                                                                                               -1,474,035 
+  	IncreaseDecreaseInOtherCurrentLiabilities                                                                                                   -1,293,070 
+  	IncreaseDecreaseInOtherOperatingLiabilities                                                                                                 -1,255,595 
-  	IncreaseDecreaseInPrepaidDeferredExpenseAndOtherAssets                                                                                         -26,707 
+  	OperatingLeaseRightOfUseAssetAmortizationExpense                                                                                             1,281,011 
-  	ProfitLoss                                                                                                                                 -63,944,509 
+  	ShareBasedCompensation                                                                                                                         305,000 
-  	UnrealizedGainLossOnDerivatives                                                                                                            -18,573,289 


The addends are calculated based on the calculation linkbase defined for 000006 - Statement - Condensed Consolidated Statements of Cash Flows (Unaudited). If addends are missing then the calculation tree should be amended. The rule will not add dimension components as the financial statement does not include a table. If dimensions are used on the statement then add a table to ensure that the dimensions are defined correctly. 


Total Element : us-gaap:NetCashProvidedByUsedInOperatingActivities
Total Value : -1,454,022 
Total period : 2024-01-01 to 2024-09-30 
Dimensions : 
Decimals of Total: 0
Unit of Total: USD
Rule Element Id:9590
Rule version: 25.0.4 - cei_10q.htm 2",2024-11-18,ERROR,DQC,126,1309082,"Camber Energy, Inc.",2024-11-13 17:00:00,0001477932-24-007116,US GAAP 2024,XBRL Document Created with XBRLMaster,10-Q,http://www.sec.gov/Archives/edgar/data/1309082/000147793224007116/cei_10q.htm,2024-11-13,2024,780573,https://www.sec.gov/Archives/edgar/data/1309082/000147793224007116/0001477932-24-007116-index.htm,1311,10q-cei-20240930
DQC.US.0126.9590,"2024-10-28 16:04:04,616 [DQC.US.0126.9590] The statement 00700 - Statement - Condensed Consolidated Statements Of Cash Flows includes an inconsistent calculation. The value of the concept us-gaap:AdjustmentsToReconcileNetIncomeLossToCashProvidedByUsedInOperatingActivities of -22,400,000  should be equal to the sum of its child components defined in the calculation linkbase. The sum of these child components is -20,800,000. The values of the addends is determined by adding the values of the child concepts.  The values reported in the financial statement in the current reporting period of 2024-01-01 to 2024-09-30 should be complete if the financial statement is to be mathematically accurate and complete. The components of us-gaap:AdjustmentsToReconcileNetIncomeLossToCashProvidedByUsedInOperatingActivities that should add to -22,400,000 are comprised of the following:

+  	DeferredIncomeTaxExpenseBenefit                                                                                                             15,200,000 
+  	DepreciationDepletionAndAmortization                                                                                                        59,900,000 
-  	GainLossOnSaleOfPropertyPlantEquipment                                                                                                       6,200,000 
+  	IncreaseDecreaseInAccountsPayableTrade                                                                                                     112,100,000 
-  	IncreaseDecreaseInAccountsReceivable                                                                                                       133,400,000 
+  	IncreaseDecreaseInEmployeeRelatedLiabilities                                                                                               -19,300,000 
-  	IncreaseDecreaseInInventories                                                                                                              -26,700,000 
-  	IncreaseDecreaseInOtherCurrentAssets                                                                                                        22,600,000 
+  	IncreaseDecreaseInOtherCurrentLiabilities                                                                                                    9,800,000 
-  	IncreaseDecreaseInOtherNoncurrentAssets                                                                                                     44,800,000 
+  	IncreaseDecreaseInOtherNoncurrentLiabilities                                                                                               -62,500,000 
+  	NetIncomeLossAttributableToNoncontrollingInterest                                                                                              800,000 
+  	OperatingLeaseRightOfUseAssetAmortizationExpense                                                                                            44,500,000 
-  	EarningsLossOnInvesmentInEmployeeDeferredCompensationTrust                                                                                   1,000,000 


The addends are calculated based on the calculation linkbase defined for 00700 - Statement - Condensed Consolidated Statements Of Cash Flows. If addends are missing then the calculation tree should be amended. The rule will not add dimension components as the financial statement does not include a table. If dimensions are used on the statement then add a table to ensure that the dimensions are defined correctly. 


Total Element : us-gaap:AdjustmentsToReconcileNetIncomeLossToCashProvidedByUsedInOperatingActivities
Total Value : -22,400,000 
Total period : 2024-01-01 to 2024-09-30 
Dimensions : 
Decimals of Total: -5
Unit of Total: USD
Rule Element Id:9590
Rule version: 25.0.2 - c402-20240930x10q.htm 21",2024-10-28,ERROR,DQC,126,205402,"GRAYBAR ELECTRIC COMPANY, INC.",2024-10-28 15:33:00,0000205402-24-000039,US GAAP 2024,XBRL document created by Certent Disclosure Management 24.2.0.1,10-Q,http://www.sec.gov/Archives/edgar/data/205402/000020540224000039/c402-20240930x10q.htm,2024-10-28,2024,771631,https://www.sec.gov/Archives/edgar/data/205402/000020540224000039/0000205402-24-000039-index.htm,5063,10q-c402-20240930
DQC.US.0126.9590,"2024-10-11 14:46:53,604 [DQC.US.0126.9590] The statement 000006 - Statement - STATEMENTS OF CASH FLOWS (UNAUDITED) includes an inconsistent calculation. The value of the concept us-gaap:NetCashProvidedByUsedInOperatingActivities of -92,346  should be equal to the sum of its child components defined in the calculation linkbase. The sum of these child components is 1,588,524. The values of the addends is determined by adding the values of the child concepts.  The values reported in the financial statement in the current reporting period of 2024-01-01 to 2024-06-30 should be complete if the financial statement is to be mathematically accurate and complete. The components of us-gaap:NetCashProvidedByUsedInOperatingActivities that should add to -92,346 are comprised of the following:

+  	AmortizationOfDebtDiscountPremium                                                                                                               56,097 
-  	GainLossOnSaleOfDerivatives                                                                                                                   -523,926 
+  	IncreaseDecreaseInAccountsPayableAndAccruedLiabilities                                                                                          -9,045 
+  	IncreaseDecreaseInAccountsPayableRelatedParties                                                                                                 55,500 
+  	IncreaseDecreaseInInterestPayableNet                                                                                                           121,611 
-  	ProfitLoss                                                                                                                                    -840,435 


The addends are calculated based on the calculation linkbase defined for 000006 - Statement - STATEMENTS OF CASH FLOWS (UNAUDITED). If addends are missing then the calculation tree should be amended. The rule will not add dimension components as the financial statement does not include a table. If dimensions are used on the statement then add a table to ensure that the dimensions are defined correctly. 


Total Element : us-gaap:NetCashProvidedByUsedInOperatingActivities
Total Value : -92,346 
Total period : 2024-01-01 to 2024-06-30 
Dimensions : 
Decimals of Total: 0
Unit of Total: USD
Rule Element Id:9590
Rule version: 25.0.1 - boty_10q.htm 2",2024-10-11,ERROR,DQC,126,1407704,"LINGERIE FIGHTING CHAMPIONSHIPS, INC.",2024-10-11 13:54:00,0001640334-24-001502,US GAAP 2024,XBRL Document Created with XBRLMaster,10-Q,http://www.sec.gov/Archives/edgar/data/1407704/000164033424001502/boty_10q.htm,2024-10-11,2024,767858,https://www.sec.gov/Archives/edgar/data/1407704/000164033424001502/0001640334-24-001502-index.htm,7900,10q-boty-20240630
DQC.US.0126.9590,"2024-09-30 14:48:06,645 [DQC.US.0126.9590] The statement 000006 - Statement - STATEMENT OF CASH FLOWS includes an inconsistent calculation. The value of the concept us-gaap:NetCashProvidedByUsedInOperatingActivities of -62,419  should be equal to the sum of its child components defined in the calculation linkbase. The sum of these child components is 19,243. The values of the addends is determined by adding the values of the child concepts.  The values reported in the financial statement in the current reporting period of 2023-07-01 to 2024-06-30 should be complete if the financial statement is to be mathematically accurate and complete. The components of us-gaap:NetCashProvidedByUsedInOperatingActivities that should add to -62,419 are comprised of the following:

+  	IncreaseDecreaseInAccountsPayable                                                                                                                3,412 
-  	IncreaseDecreaseInPrepaidDeferredExpenseAndOtherAssets                                                                                          25,000 
-  	ProfitLoss                                                                                                                                     -40,831 


The addends are calculated based on the calculation linkbase defined for 000006 - Statement - STATEMENT OF CASH FLOWS. If addends are missing then the calculation tree should be amended. The rule will not add dimension components as the financial statement does not include a table. If dimensions are used on the statement then add a table to ensure that the dimensions are defined correctly. 


Total Element : us-gaap:NetCashProvidedByUsedInOperatingActivities
Total Value : -62,419 
Total period : 2023-07-01 to 2024-06-30 
Dimensions : 
Decimals of Total: 0
Unit of Total: USD
Rule Element Id:9590
Rule version: 24.0.5 - fstj_10k.htm 2",2024-09-30,ERROR,DQC,126,1525306,First America Resources Corporation,2024-09-30 14:23:00,0001477932-24-006019,US GAAP 2024,XBRL Document Created with XBRLMaster,10-K,http://www.sec.gov/Archives/edgar/data/1525306/000147793224006019/fstj_10k.htm,2024-09-30,2024,765714,https://www.sec.gov/Archives/edgar/data/1525306/000147793224006019/0001477932-24-006019-index.htm,5065,10k-fstj-20240630
