assertion.code,assertion.detail,assertion.run-date,assertion.severity,assertion.source,assertion.type,entity.cik,entity.name,report.accepted-timestamp,report.accession,report.base-taxonomy,report.creation-software,report.document-type,report.entry-url,report.filing-date,report.filing-year,report.id,report.sec-url,report.sic-code,folder_name
DQC.US.0145.9867,"2023-02-08 18:00:58,411 [DQC.US.0145.9867] The company has reported the concept us-gaap:EffectOfExchangeRateOnCashCashEquivalentsRestrictedCashAndRestrictedCashEquivalents as a descendant of the presentation concept NetCashProvidedByUsedInFinancingActivitiesAbstract.  This concept is not a component of financing activities and should be presented outside of this group in the presentation linkbase.

Rule Element Id:9867
Rule version: 20.0.0 - https://xbrl.fasb.org/us-gaap/2022/elts/us-gaap-2022.xsd 6150",2023-02-08,ERROR,DQC,145,913144,RenaissanceRe Holdings Ltd.,2023-02-08 17:28:00,0000913144-23-000011,US GAAP 2022,XBRL Document Created with Wdesk from Workiva,10-K,http://www.sec.gov/Archives/edgar/data/913144/000091314423000011/rnr-20221231.htm,2023-02-08,2023,546806,https://www.sec.gov/Archives/edgar/data/913144/000091314423000011/0000913144-23-000011-index.htm,6331,10k-rnr-20221231
DQC.US.0145.9868,"2023-02-08 18:00:58,411 [DQC.US.0145.9868] The company has reported the concept us-gaap:IncreaseDecreaseInDueToAffiliates as a descendant of the presentation concept NetCashProvidedByUsedInInvestingActivitiesAbstract.  This concept is not a component of investing activities and should be presented outside of this group in the presentation linkbase.

Rule Element Id:9868
Rule version: 20.0.0 - https://xbrl.fasb.org/us-gaap/2022/elts/us-gaap-2022.xsd 8828",2023-02-08,ERROR,DQC,145,913144,RenaissanceRe Holdings Ltd.,2023-02-08 17:28:00,0000913144-23-000011,US GAAP 2022,XBRL Document Created with Wdesk from Workiva,10-K,http://www.sec.gov/Archives/edgar/data/913144/000091314423000011/rnr-20221231.htm,2023-02-08,2023,546806,https://www.sec.gov/Archives/edgar/data/913144/000091314423000011/0000913144-23-000011-index.htm,6331,10k-rnr-20221231
DQC.US.0145.9868,"2023-02-08 18:00:58,412 [DQC.US.0145.9868] The company has reported the concept us-gaap:ProceedsFromContributionsFromAffiliates as a descendant of the presentation concept NetCashProvidedByUsedInInvestingActivitiesAbstract.  This concept is not a component of investing activities and should be presented outside of this group in the presentation linkbase.

Rule Element Id:9868
Rule version: 20.0.0 - https://xbrl.fasb.org/us-gaap/2022/elts/us-gaap-2022.xsd 13892",2023-02-08,ERROR,DQC,145,913144,RenaissanceRe Holdings Ltd.,2023-02-08 17:28:00,0000913144-23-000011,US GAAP 2022,XBRL Document Created with Wdesk from Workiva,10-K,http://www.sec.gov/Archives/edgar/data/913144/000091314423000011/rnr-20221231.htm,2023-02-08,2023,546806,https://www.sec.gov/Archives/edgar/data/913144/000091314423000011/0000913144-23-000011-index.htm,6331,10k-rnr-20221231
DQC.US.0145.9867,"2023-02-14 12:30:29,301 [DQC.US.0145.9867] The company has reported the concept us-gaap:InterestPaidNet as a descendant of the presentation concept NetCashProvidedByUsedInFinancingActivitiesAbstract.  This concept is not a component of financing activities and should be presented outside of this group in the presentation linkbase.

Rule Element Id:9867
Rule version: 20.0.1 - https://xbrl.fasb.org/us-gaap/2022/elts/us-gaap-2022.xsd 9329",2023-02-14,ERROR,DQC,145,1620749,PANAMERA HOLDINGS CORPORATION,2023-02-14 12:03:00,0001640334-23-000211,US GAAP 2022,XBRL Document Created with XBRLMaster,10-Q,http://www.sec.gov/Archives/edgar/data/1620749/000164033423000211/pnht_10q.htm,2023-02-14,2023,548226,https://www.sec.gov/Archives/edgar/data/1620749/000164033423000211/0001640334-23-000211-index.htm,8742,10q-pnht-20221031
DQC.US.0145.9867,"2023-02-14 12:30:29,302 [DQC.US.0145.9867] The company has reported the concept us-gaap:IncomeTaxesPaid as a descendant of the presentation concept NetCashProvidedByUsedInFinancingActivitiesAbstract.  This concept is not a component of financing activities and should be presented outside of this group in the presentation linkbase.

Rule Element Id:9867
Rule version: 20.0.1 - https://xbrl.fasb.org/us-gaap/2022/elts/us-gaap-2022.xsd 8698",2023-02-14,ERROR,DQC,145,1620749,PANAMERA HOLDINGS CORPORATION,2023-02-14 12:03:00,0001640334-23-000211,US GAAP 2022,XBRL Document Created with XBRLMaster,10-Q,http://www.sec.gov/Archives/edgar/data/1620749/000164033423000211/pnht_10q.htm,2023-02-14,2023,548226,https://www.sec.gov/Archives/edgar/data/1620749/000164033423000211/0001640334-23-000211-index.htm,8742,10q-pnht-20221031
DQC.US.0145.9868,"2023-02-14 17:05:28,733 [DQC.US.0145.9868] The company has reported the concept us-gaap:IncreaseDecreaseInBrokerDealerRelatedReceivablesPayablesNet as a descendant of the presentation concept NetCashProvidedByUsedInInvestingActivitiesAbstract.  This concept is not a component of investing activities and should be presented outside of this group in the presentation linkbase.

Rule Element Id:9868
Rule version: 20.0.1 - https://xbrl.fasb.org/us-gaap/2022/elts/us-gaap-2022.xsd 8784",2023-02-14,ERROR,DQC,145,64996,MERCURY GENERAL CORPORATION,2023-02-14 16:13:00,0000064996-23-000004,US GAAP 2022,XBRL Document Created with Wdesk from Workiva,10-K,http://www.sec.gov/Archives/edgar/data/64996/000006499623000004/mcy-20221231.htm,2023-02-14,2023,548331,https://www.sec.gov/Archives/edgar/data/64996/000006499623000004/0000064996-23-000004-index.htm,6331,10k-mcy-20221231
DQC.US.0145.9868,"2023-02-23 17:34:13,602 [DQC.US.0145.9868] The company has reported the concept us-gaap:IncreaseDecreaseInNotesReceivableRelatedParties as a descendant of the presentation concept NetCashProvidedByUsedInInvestingActivitiesAbstract.  This concept is not a component of investing activities and should be presented outside of this group in the presentation linkbase.

Rule Element Id:9868
Rule version: 20.0.2 - https://xbrl.fasb.org/us-gaap/2022/elts/us-gaap-2022.xsd 8893",2023-02-23,ERROR,DQC,145,1393612,DISCOVER FINANCIAL SERVICES,2023-02-23 16:18:00,0001393612-23-000007,US GAAP 2022,XBRL Document Created with Wdesk from Workiva,10-K,http://www.sec.gov/Archives/edgar/data/1393612/000139361223000007/dfs-20221231.htm,2023-02-23,2023,551468,https://www.sec.gov/Archives/edgar/data/1393612/000139361223000007/0001393612-23-000007-index.htm,6141,10k-dfs-20221231
DQC.US.0145.9868,"2023-02-24 09:16:48,583 [DQC.US.0145.9868] The company has reported the concept us-gaap:IncreaseDecreaseInBrokerDealerRelatedReceivablesPayablesNet as a descendant of the presentation concept NetCashProvidedByUsedInInvestingActivitiesAbstract.  This concept is not a component of investing activities and should be presented outside of this group in the presentation linkbase.

Rule Element Id:9868
Rule version: 20.0.2 - https://xbrl.fasb.org/us-gaap/2021/elts/us-gaap-2021-01-31.xsd 8822",2023-02-24,ERROR,DQC,145,11544,W. R. BERKLEY CORP,2023-02-24 08:37:00,0000011544-23-000004,US GAAP 2021,XBRL Document Created with Wdesk from Workiva,10-K,http://www.sec.gov/Archives/edgar/data/11544/000001154423000004/wrb-20221231.htm,2023-02-24,2023,551994,https://www.sec.gov/Archives/edgar/data/11544/000001154423000004/0000011544-23-000004-index.htm,6331,10k-wrb-20221231
DQC.US.0145.9867,"2023-02-24 13:50:19,994 [DQC.US.0145.9867] The company has reported the concept us-gaap:IncreaseDecreaseInCashCollateralForLoanedSecurities as a descendant of the presentation concept NetCashProvidedByUsedInFinancingActivitiesAbstract.  This concept is not a component of financing activities and should be presented outside of this group in the presentation linkbase.

Rule Element Id:9867
Rule version: 20.0.2 - https://xbrl.fasb.org/us-gaap/2022/elts/us-gaap-2022.xsd 8780",2023-02-24,ERROR,DQC,145,947484,Arch Capital Group Ltd.,2023-02-24 13:13:00,0000947484-23-000015,US GAAP 2022,XBRL Document Created with Wdesk from Workiva,10-K,http://www.sec.gov/Archives/edgar/data/947484/000094748423000015/acgl-20221231.htm,2023-02-24,2023,552085,https://www.sec.gov/Archives/edgar/data/947484/000094748423000015/0000947484-23-000015-index.htm,6331,10k-acgl-20221231
DQC.US.0145.9868,"2023-02-24 13:50:19,994 [DQC.US.0145.9868] The company has reported the concept us-gaap:IncreaseDecreaseInCashCollateralForBorrowedSecurities as a descendant of the presentation concept NetCashProvidedByUsedInInvestingActivitiesAbstract.  This concept is not a component of investing activities and should be presented outside of this group in the presentation linkbase.

Rule Element Id:9868
Rule version: 20.0.2 - https://xbrl.fasb.org/us-gaap/2022/elts/us-gaap-2022.xsd 8776",2023-02-24,ERROR,DQC,145,947484,Arch Capital Group Ltd.,2023-02-24 13:13:00,0000947484-23-000015,US GAAP 2022,XBRL Document Created with Wdesk from Workiva,10-K,http://www.sec.gov/Archives/edgar/data/947484/000094748423000015/acgl-20221231.htm,2023-02-24,2023,552085,https://www.sec.gov/Archives/edgar/data/947484/000094748423000015/0000947484-23-000015-index.htm,6331,10k-acgl-20221231
DQC.US.0145.9868,"2023-02-24 17:33:04,704 [DQC.US.0145.9868] The company has reported the concept us-gaap:PaymentsOfDistributionsToAffiliates as a descendant of the presentation concept NetCashProvidedByUsedInInvestingActivitiesAbstract.  This concept is not a component of investing activities and should be presented outside of this group in the presentation linkbase.

Rule Element Id:9868
Rule version: 20.0.2 - https://xbrl.fasb.org/us-gaap/2022/elts/us-gaap-2022.xsd 13065",2023-02-24,ERROR,DQC,145,1669162,"KINSALE CAPITAL GROUP, INC.",2023-02-24 16:07:00,0001669162-23-000009,US GAAP 2022,XBRL Document Created with Wdesk from Workiva,10-K,http://www.sec.gov/Archives/edgar/data/1669162/000166916223000009/knsl-20221231.htm,2023-02-24,2023,552226,https://www.sec.gov/Archives/edgar/data/1669162/000166916223000009/0001669162-23-000009-index.htm,6331,10k-knsl-20221231
DQC.US.0145.9868,"2023-02-27 10:46:40,194 [DQC.US.0145.9868] The company has reported the concept us-gaap:IncreaseDecreaseInPayablesToBrokerDealers as a descendant of the presentation concept NetCashProvidedByUsedInInvestingActivitiesAbstract.  This concept is not a component of investing activities and should be presented outside of this group in the presentation linkbase.

Rule Element Id:9868
Rule version: 20.0.2 - https://xbrl.fasb.org/us-gaap/2022/elts/us-gaap-2022.xsd 8912",2023-02-27,ERROR,DQC,145,80661,PROGRESSIVE CORP/OH/,2023-02-27 10:13:00,0000080661-23-000006,US GAAP 2022,XBRL Document Created with Wdesk from Workiva,10-K,http://www.sec.gov/Archives/edgar/data/80661/000008066123000006/pgr-20221231.htm,2023-02-27,2023,552613,https://www.sec.gov/Archives/edgar/data/80661/000008066123000006/0000080661-23-000006-index.htm,6331,10k-pgr-20221231
DQC.US.0145.9868,"2023-02-27 10:46:40,194 [DQC.US.0145.9868] The company has reported the concept us-gaap:PaymentsForRepurchaseOfRedeemableNoncontrollingInterest as a descendant of the presentation concept NetCashProvidedByUsedInInvestingActivitiesAbstract.  This concept is not a component of investing activities and should be presented outside of this group in the presentation linkbase.

Rule Element Id:9868
Rule version: 20.0.2 - https://xbrl.fasb.org/us-gaap/2022/elts/us-gaap-2022.xsd 12959",2023-02-27,ERROR,DQC,145,80661,PROGRESSIVE CORP/OH/,2023-02-27 10:13:00,0000080661-23-000006,US GAAP 2022,XBRL Document Created with Wdesk from Workiva,10-K,http://www.sec.gov/Archives/edgar/data/80661/000008066123000006/pgr-20221231.htm,2023-02-27,2023,552613,https://www.sec.gov/Archives/edgar/data/80661/000008066123000006/0000080661-23-000006-index.htm,6331,10k-pgr-20221231
DQC.US.0145.9867,"2023-03-01 10:40:18,345 [DQC.US.0145.9867] The company has reported the concept us-gaap:IncreaseDecreaseInPayablesToCustomers as a descendant of the presentation concept NetCashProvidedByUsedInFinancingActivitiesAbstract.  This concept is not a component of financing activities and should be presented outside of this group in the presentation linkbase.

Rule Element Id:9867
Rule version: 20.0.2 - https://xbrl.fasb.org/us-gaap/2022/elts/us-gaap-2022.xsd 8762",2023-03-01,ERROR,DQC,145,1258602,"NELNET, INC.",2023-02-28 16:21:00,0001258602-23-000026,US GAAP 2022,XBRL Document Created with Wdesk from Workiva,10-K,http://www.sec.gov/Archives/edgar/data/1258602/000125860223000026/nni-20221231.htm,2023-02-28,2023,553495,https://www.sec.gov/Archives/edgar/data/1258602/000125860223000026/0001258602-23-000026-index.htm,6141,10k-nni-20221231
DQC.US.0145.9867,"2023-03-01 12:31:03,221 [DQC.US.0145.9867] The company has reported the concept us-gaap:EffectOfExchangeRateOnCashCashEquivalentsRestrictedCashAndRestrictedCashEquivalents as a descendant of the presentation concept NetCashProvidedByUsedInFinancingActivitiesAbstract.  This concept is not a component of financing activities and should be presented outside of this group in the presentation linkbase.

Rule Element Id:9867
Rule version: 20.0.2 - https://xbrl.fasb.org/us-gaap/2021/elts/us-gaap-2021-01-31.xsd 6134",2023-03-01,ERROR,DQC,145,1289848,Huron Consulting Group Inc.,2023-02-28 17:18:00,0001289848-23-000010,US GAAP 2021,XBRL Document Created with Wdesk from Workiva,10-K,http://www.sec.gov/Archives/edgar/data/1289848/000128984823000010/hurn-20221231.htm,2023-02-28,2023,553752,https://www.sec.gov/Archives/edgar/data/1289848/000128984823000010/0001289848-23-000010-index.htm,8742,10k-hurn-20221231
DQC.US.0145.9867,"2023-12-26 14:46:55,814 [DQC.US.0145.9867] The company has reported the concept us-gaap:InterestPaidNet as a descendant of the presentation concept NetCashProvidedByUsedInFinancingActivitiesAbstract.  This concept is not a component of financing activities and should be presented outside of this group in the presentation linkbase.

Rule Element Id:9867
Rule version: 22.0.3 - https://xbrl.fasb.org/us-gaap/2023/elts/us-gaap-2023.xsd 1827",2023-12-26,ERROR,DQC,145,1430300,"GLOBAL WARMING SOLUTIONS, INC.",2023-12-26 14:18:00,0001477932-23-009335,US GAAP 2023,XBRL Document Created with XBRLMaster,10-Q,http://www.sec.gov/Archives/edgar/data/1430300/000147793223009335/gwso_10q.htm,2023-12-26,2023,664200,https://www.sec.gov/Archives/edgar/data/1430300/000147793223009335/0001477932-23-009335-index.htm,5960,10q-gwso-20230930
DQC.US.0145.9868,"2023-12-26 14:46:55,814 [DQC.US.0145.9868] The company has reported the concept us-gaap:InterestPaidNet as a descendant of the presentation concept NetCashProvidedByUsedInInvestingActivitiesAbstract.  This concept is not a component of investing activities and should be presented outside of this group in the presentation linkbase.

Rule Element Id:9868
Rule version: 22.0.3 - https://xbrl.fasb.org/us-gaap/2023/elts/us-gaap-2023.xsd 1827",2023-12-26,ERROR,DQC,145,1430300,"GLOBAL WARMING SOLUTIONS, INC.",2023-12-26 14:18:00,0001477932-23-009335,US GAAP 2023,XBRL Document Created with XBRLMaster,10-Q,http://www.sec.gov/Archives/edgar/data/1430300/000147793223009335/gwso_10q.htm,2023-12-26,2023,664200,https://www.sec.gov/Archives/edgar/data/1430300/000147793223009335/0001477932-23-009335-index.htm,5960,10q-gwso-20230930
DQC.US.0145.9868,"2023-12-26 14:46:55,814 [DQC.US.0145.9868] The company has reported the concept us-gaap:NetCashProvidedByUsedInFinancingActivities as a descendant of the presentation concept NetCashProvidedByUsedInInvestingActivitiesAbstract.  This concept is not a component of investing activities and should be presented outside of this group in the presentation linkbase.

Rule Element Id:9868
Rule version: 22.0.3 - https://xbrl.fasb.org/us-gaap/2023/elts/us-gaap-2023.xsd 4598",2023-12-26,ERROR,DQC,145,1430300,"GLOBAL WARMING SOLUTIONS, INC.",2023-12-26 14:18:00,0001477932-23-009335,US GAAP 2023,XBRL Document Created with XBRLMaster,10-Q,http://www.sec.gov/Archives/edgar/data/1430300/000147793223009335/gwso_10q.htm,2023-12-26,2023,664200,https://www.sec.gov/Archives/edgar/data/1430300/000147793223009335/0001477932-23-009335-index.htm,5960,10q-gwso-20230930
DQC.US.0145.9868,"2023-12-26 14:46:55,815 [DQC.US.0145.9868] The company has reported the concept us-gaap:ProceedsFromIssuanceOfCommonStock as a descendant of the presentation concept NetCashProvidedByUsedInInvestingActivitiesAbstract.  This concept is not a component of investing activities and should be presented outside of this group in the presentation linkbase.

Rule Element Id:9868
Rule version: 22.0.3 - https://xbrl.fasb.org/us-gaap/2023/elts/us-gaap-2023.xsd 5508",2023-12-26,ERROR,DQC,145,1430300,"GLOBAL WARMING SOLUTIONS, INC.",2023-12-26 14:18:00,0001477932-23-009335,US GAAP 2023,XBRL Document Created with XBRLMaster,10-Q,http://www.sec.gov/Archives/edgar/data/1430300/000147793223009335/gwso_10q.htm,2023-12-26,2023,664200,https://www.sec.gov/Archives/edgar/data/1430300/000147793223009335/0001477932-23-009335-index.htm,5960,10q-gwso-20230930
DQC.US.0145.9868,"2023-12-26 14:46:55,815 [DQC.US.0145.9868] The company has reported the concept us-gaap:ProceedsFromOtherShortTermDebt as a descendant of the presentation concept NetCashProvidedByUsedInInvestingActivitiesAbstract.  This concept is not a component of investing activities and should be presented outside of this group in the presentation linkbase.

Rule Element Id:9868
Rule version: 22.0.3 - https://xbrl.fasb.org/us-gaap/2023/elts/us-gaap-2023.xsd 5602",2023-12-26,ERROR,DQC,145,1430300,"GLOBAL WARMING SOLUTIONS, INC.",2023-12-26 14:18:00,0001477932-23-009335,US GAAP 2023,XBRL Document Created with XBRLMaster,10-Q,http://www.sec.gov/Archives/edgar/data/1430300/000147793223009335/gwso_10q.htm,2023-12-26,2023,664200,https://www.sec.gov/Archives/edgar/data/1430300/000147793223009335/0001477932-23-009335-index.htm,5960,10q-gwso-20230930
DQC.US.0145.9867,"2023-12-20 17:49:11,370 [DQC.US.0145.9867] The company has reported the concept us-gaap:InterestPaidNet as a descendant of the presentation concept NetCashProvidedByUsedInFinancingActivitiesAbstract.  This concept is not a component of financing activities and should be presented outside of this group in the presentation linkbase.

Rule Element Id:9867
Rule version: 22.0.3 - https://xbrl.fasb.org/us-gaap/2023/elts/us-gaap-2023.xsd 1827",2023-12-20,ERROR,DQC,145,1620749,PANAMERA HOLDINGS CORPORATION,2023-12-20 17:02:00,0001640334-23-002334,US GAAP 2023,XBRL Document Created with XBRLMaster,10-Q,http://www.sec.gov/Archives/edgar/data/1620749/000164033423002334/pnht_10q.htm,2023-12-20,2023,663377,https://www.sec.gov/Archives/edgar/data/1620749/000164033423002334/0001640334-23-002334-index.htm,8742,10q-pnht-20231031
DQC.US.0145.9867,"2023-12-20 17:49:11,371 [DQC.US.0145.9867] The company has reported the concept us-gaap:IncomeTaxesPaid as a descendant of the presentation concept NetCashProvidedByUsedInFinancingActivitiesAbstract.  This concept is not a component of financing activities and should be presented outside of this group in the presentation linkbase.

Rule Element Id:9867
Rule version: 22.0.3 - https://xbrl.fasb.org/us-gaap/2023/elts/us-gaap-2023.xsd 6779",2023-12-20,ERROR,DQC,145,1620749,PANAMERA HOLDINGS CORPORATION,2023-12-20 17:02:00,0001640334-23-002334,US GAAP 2023,XBRL Document Created with XBRLMaster,10-Q,http://www.sec.gov/Archives/edgar/data/1620749/000164033423002334/pnht_10q.htm,2023-12-20,2023,663377,https://www.sec.gov/Archives/edgar/data/1620749/000164033423002334/0001640334-23-002334-index.htm,8742,10q-pnht-20231031
DQC.US.0145.9867,"2023-12-19 16:16:52,971 [DQC.US.0145.9867] The company has reported the concept us-gaap:IncomeTaxesPaid as a descendant of the presentation concept NetCashProvidedByUsedInFinancingActivitiesAbstract.  This concept is not a component of financing activities and should be presented outside of this group in the presentation linkbase.

Rule Element Id:9867
Rule version: 22.0.3 - https://xbrl.fasb.org/us-gaap/2023/elts/us-gaap-2023.xsd 6779",2023-12-19,ERROR,DQC,145,1796949,"GenFlat Holdings, Inc.",2023-12-19 15:40:00,0001654954-23-015758,US GAAP 2023,XBRL Document Created with XBRLMaster,10-Q,http://www.sec.gov/Archives/edgar/data/1796949/000165495423015758/hbr_10q.htm,2023-12-19,2023,663002,https://www.sec.gov/Archives/edgar/data/1796949/000165495423015758/0001654954-23-015758-index.htm,8742,10q-hbr-20231130
DQC.US.0145.9867,"2023-12-19 16:16:52,971 [DQC.US.0145.9867] The company has reported the concept us-gaap:InterestPaidNet as a descendant of the presentation concept NetCashProvidedByUsedInFinancingActivitiesAbstract.  This concept is not a component of financing activities and should be presented outside of this group in the presentation linkbase.

Rule Element Id:9867
Rule version: 22.0.3 - https://xbrl.fasb.org/us-gaap/2023/elts/us-gaap-2023.xsd 1827",2023-12-19,ERROR,DQC,145,1796949,"GenFlat Holdings, Inc.",2023-12-19 15:40:00,0001654954-23-015758,US GAAP 2023,XBRL Document Created with XBRLMaster,10-Q,http://www.sec.gov/Archives/edgar/data/1796949/000165495423015758/hbr_10q.htm,2023-12-19,2023,663002,https://www.sec.gov/Archives/edgar/data/1796949/000165495423015758/0001654954-23-015758-index.htm,8742,10q-hbr-20231130
DQC.US.0145.9868,"2023-12-19 16:16:52,971 [DQC.US.0145.9868] The company has reported the concept us-gaap:RepaymentsOfRelatedPartyDebt as a descendant of the presentation concept NetCashProvidedByUsedInInvestingActivitiesAbstract.  This concept is not a component of investing activities and should be presented outside of this group in the presentation linkbase.

Rule Element Id:9868
Rule version: 22.0.3 - https://xbrl.fasb.org/us-gaap/2023/elts/us-gaap-2023.xsd 5984",2023-12-19,ERROR,DQC,145,1796949,"GenFlat Holdings, Inc.",2023-12-19 15:40:00,0001654954-23-015758,US GAAP 2023,XBRL Document Created with XBRLMaster,10-Q,http://www.sec.gov/Archives/edgar/data/1796949/000165495423015758/hbr_10q.htm,2023-12-19,2023,663002,https://www.sec.gov/Archives/edgar/data/1796949/000165495423015758/0001654954-23-015758-index.htm,8742,10q-hbr-20231130
DQC.US.0145.9868,"2023-12-19 16:16:52,972 [DQC.US.0145.9868] The company has reported the concept us-gaap:IncomeTaxesPaid as a descendant of the presentation concept NetCashProvidedByUsedInInvestingActivitiesAbstract.  This concept is not a component of investing activities and should be presented outside of this group in the presentation linkbase.

Rule Element Id:9868
Rule version: 22.0.3 - https://xbrl.fasb.org/us-gaap/2023/elts/us-gaap-2023.xsd 6779",2023-12-19,ERROR,DQC,145,1796949,"GenFlat Holdings, Inc.",2023-12-19 15:40:00,0001654954-23-015758,US GAAP 2023,XBRL Document Created with XBRLMaster,10-Q,http://www.sec.gov/Archives/edgar/data/1796949/000165495423015758/hbr_10q.htm,2023-12-19,2023,663002,https://www.sec.gov/Archives/edgar/data/1796949/000165495423015758/0001654954-23-015758-index.htm,8742,10q-hbr-20231130
DQC.US.0145.9868,"2023-12-19 16:16:52,972 [DQC.US.0145.9868] The company has reported the concept us-gaap:InterestPaidNet as a descendant of the presentation concept NetCashProvidedByUsedInInvestingActivitiesAbstract.  This concept is not a component of investing activities and should be presented outside of this group in the presentation linkbase.

Rule Element Id:9868
Rule version: 22.0.3 - https://xbrl.fasb.org/us-gaap/2023/elts/us-gaap-2023.xsd 1827",2023-12-19,ERROR,DQC,145,1796949,"GenFlat Holdings, Inc.",2023-12-19 15:40:00,0001654954-23-015758,US GAAP 2023,XBRL Document Created with XBRLMaster,10-Q,http://www.sec.gov/Archives/edgar/data/1796949/000165495423015758/hbr_10q.htm,2023-12-19,2023,663002,https://www.sec.gov/Archives/edgar/data/1796949/000165495423015758/0001654954-23-015758-index.htm,8742,10q-hbr-20231130
DQC.US.0145.9868,"2023-12-19 16:16:52,972 [DQC.US.0145.9868] The company has reported the concept us-gaap:NetCashProvidedByUsedInFinancingActivities as a descendant of the presentation concept NetCashProvidedByUsedInInvestingActivitiesAbstract.  This concept is not a component of investing activities and should be presented outside of this group in the presentation linkbase.

Rule Element Id:9868
Rule version: 22.0.3 - https://xbrl.fasb.org/us-gaap/2023/elts/us-gaap-2023.xsd 4598",2023-12-19,ERROR,DQC,145,1796949,"GenFlat Holdings, Inc.",2023-12-19 15:40:00,0001654954-23-015758,US GAAP 2023,XBRL Document Created with XBRLMaster,10-Q,http://www.sec.gov/Archives/edgar/data/1796949/000165495423015758/hbr_10q.htm,2023-12-19,2023,663002,https://www.sec.gov/Archives/edgar/data/1796949/000165495423015758/0001654954-23-015758-index.htm,8742,10q-hbr-20231130
DQC.US.0145.9868,"2023-12-19 16:16:52,972 [DQC.US.0145.9868] The company has reported the concept us-gaap:ProceedsFromRelatedPartyDebt as a descendant of the presentation concept NetCashProvidedByUsedInInvestingActivitiesAbstract.  This concept is not a component of investing activities and should be presented outside of this group in the presentation linkbase.

Rule Element Id:9868
Rule version: 22.0.3 - https://xbrl.fasb.org/us-gaap/2023/elts/us-gaap-2023.xsd 5550",2023-12-19,ERROR,DQC,145,1796949,"GenFlat Holdings, Inc.",2023-12-19 15:40:00,0001654954-23-015758,US GAAP 2023,XBRL Document Created with XBRLMaster,10-Q,http://www.sec.gov/Archives/edgar/data/1796949/000165495423015758/hbr_10q.htm,2023-12-19,2023,663002,https://www.sec.gov/Archives/edgar/data/1796949/000165495423015758/0001654954-23-015758-index.htm,8742,10q-hbr-20231130
DQC.US.0145.9868,"2023-12-19 16:16:52,972 [DQC.US.0145.9868] The company has reported the concept us-gaap:RepaymentsOfNotesPayable as a descendant of the presentation concept NetCashProvidedByUsedInInvestingActivitiesAbstract.  This concept is not a component of investing activities and should be presented outside of this group in the presentation linkbase.

Rule Element Id:9868
Rule version: 22.0.3 - https://xbrl.fasb.org/us-gaap/2023/elts/us-gaap-2023.xsd 5977",2023-12-19,ERROR,DQC,145,1796949,"GenFlat Holdings, Inc.",2023-12-19 15:40:00,0001654954-23-015758,US GAAP 2023,XBRL Document Created with XBRLMaster,10-Q,http://www.sec.gov/Archives/edgar/data/1796949/000165495423015758/hbr_10q.htm,2023-12-19,2023,663002,https://www.sec.gov/Archives/edgar/data/1796949/000165495423015758/0001654954-23-015758-index.htm,8742,10q-hbr-20231130
DQC.US.0145.9867,"2023-12-15 17:06:22,466 [DQC.US.0145.9867] The company has reported the concept us-gaap:IncreaseDecreaseInPayablesToCustomers as a descendant of the presentation concept NetCashProvidedByUsedInFinancingActivitiesAbstract.  This concept is not a component of financing activities and should be presented outside of this group in the presentation linkbase.

Rule Element Id:9867
Rule version: 22.0.2 - https://xbrl.fasb.org/us-gaap/2023/elts/us-gaap-2023.xsd 10034",2023-12-15,ERROR,DQC,145,1230524,"Leopard Energy, Inc.",2023-12-15 16:15:00,0001477932-23-009175,US GAAP 2023,XBRL Document Created with XBRLMaster,10-Q,http://www.sec.gov/Archives/edgar/data/1230524/000147793223009175/cyap_10q.htm,2023-12-15,2023,662433,https://www.sec.gov/Archives/edgar/data/1230524/000147793223009175/0001477932-23-009175-index.htm,8742,10q-cyrb-20231031
DQC.US.0145.9867,"2023-12-15 17:06:22,466 [DQC.US.0145.9867] The company has reported the concept us-gaap:InterestPaidNet as a descendant of the presentation concept NetCashProvidedByUsedInFinancingActivitiesAbstract.  This concept is not a component of financing activities and should be presented outside of this group in the presentation linkbase.

Rule Element Id:9867
Rule version: 22.0.2 - https://xbrl.fasb.org/us-gaap/2023/elts/us-gaap-2023.xsd 1827",2023-12-15,ERROR,DQC,145,1230524,"Leopard Energy, Inc.",2023-12-15 16:15:00,0001477932-23-009175,US GAAP 2023,XBRL Document Created with XBRLMaster,10-Q,http://www.sec.gov/Archives/edgar/data/1230524/000147793223009175/cyap_10q.htm,2023-12-15,2023,662433,https://www.sec.gov/Archives/edgar/data/1230524/000147793223009175/0001477932-23-009175-index.htm,8742,10q-cyrb-20231031
DQC.US.0145.9868,"2023-12-15 17:06:22,466 [DQC.US.0145.9868] The company has reported the concept us-gaap:IncreaseDecreaseInPayablesToCustomers as a descendant of the presentation concept NetCashProvidedByUsedInInvestingActivitiesAbstract.  This concept is not a component of investing activities and should be presented outside of this group in the presentation linkbase.

Rule Element Id:9868
Rule version: 22.0.2 - https://xbrl.fasb.org/us-gaap/2023/elts/us-gaap-2023.xsd 10034",2023-12-15,ERROR,DQC,145,1230524,"Leopard Energy, Inc.",2023-12-15 16:15:00,0001477932-23-009175,US GAAP 2023,XBRL Document Created with XBRLMaster,10-Q,http://www.sec.gov/Archives/edgar/data/1230524/000147793223009175/cyap_10q.htm,2023-12-15,2023,662433,https://www.sec.gov/Archives/edgar/data/1230524/000147793223009175/0001477932-23-009175-index.htm,8742,10q-cyrb-20231031
DQC.US.0145.9868,"2023-12-15 17:06:22,466 [DQC.US.0145.9868] The company has reported the concept us-gaap:InterestPaidNet as a descendant of the presentation concept NetCashProvidedByUsedInInvestingActivitiesAbstract.  This concept is not a component of investing activities and should be presented outside of this group in the presentation linkbase.

Rule Element Id:9868
Rule version: 22.0.2 - https://xbrl.fasb.org/us-gaap/2023/elts/us-gaap-2023.xsd 1827",2023-12-15,ERROR,DQC,145,1230524,"Leopard Energy, Inc.",2023-12-15 16:15:00,0001477932-23-009175,US GAAP 2023,XBRL Document Created with XBRLMaster,10-Q,http://www.sec.gov/Archives/edgar/data/1230524/000147793223009175/cyap_10q.htm,2023-12-15,2023,662433,https://www.sec.gov/Archives/edgar/data/1230524/000147793223009175/0001477932-23-009175-index.htm,8742,10q-cyrb-20231031
DQC.US.0145.9868,"2023-12-15 17:06:22,466 [DQC.US.0145.9868] The company has reported the concept us-gaap:ProceedsFromContributedCapital as a descendant of the presentation concept NetCashProvidedByUsedInInvestingActivitiesAbstract.  This concept is not a component of investing activities and should be presented outside of this group in the presentation linkbase.

Rule Element Id:9868
Rule version: 22.0.2 - https://xbrl.fasb.org/us-gaap/2023/elts/us-gaap-2023.xsd 2206",2023-12-15,ERROR,DQC,145,1230524,"Leopard Energy, Inc.",2023-12-15 16:15:00,0001477932-23-009175,US GAAP 2023,XBRL Document Created with XBRLMaster,10-Q,http://www.sec.gov/Archives/edgar/data/1230524/000147793223009175/cyap_10q.htm,2023-12-15,2023,662433,https://www.sec.gov/Archives/edgar/data/1230524/000147793223009175/0001477932-23-009175-index.htm,8742,10q-cyrb-20231031
DQC.US.0145.9868,"2023-12-15 17:06:22,466 [DQC.US.0145.9868] The company has reported the concept us-gaap:ProceedsFromIssuanceOfPreferredStockPreferenceStockAndWarrants as a descendant of the presentation concept NetCashProvidedByUsedInInvestingActivitiesAbstract.  This concept is not a component of investing activities and should be presented outside of this group in the presentation linkbase.

Rule Element Id:9868
Rule version: 22.0.2 - https://xbrl.fasb.org/us-gaap/2023/elts/us-gaap-2023.xsd 11807",2023-12-15,ERROR,DQC,145,1230524,"Leopard Energy, Inc.",2023-12-15 16:15:00,0001477932-23-009175,US GAAP 2023,XBRL Document Created with XBRLMaster,10-Q,http://www.sec.gov/Archives/edgar/data/1230524/000147793223009175/cyap_10q.htm,2023-12-15,2023,662433,https://www.sec.gov/Archives/edgar/data/1230524/000147793223009175/0001477932-23-009175-index.htm,8742,10q-cyrb-20231031
DQC.US.0145.9868,"2023-12-15 17:06:22,467 [DQC.US.0145.9868] The company has reported the concept us-gaap:NetCashProvidedByUsedInFinancingActivities as a descendant of the presentation concept NetCashProvidedByUsedInInvestingActivitiesAbstract.  This concept is not a component of investing activities and should be presented outside of this group in the presentation linkbase.

Rule Element Id:9868
Rule version: 22.0.2 - https://xbrl.fasb.org/us-gaap/2023/elts/us-gaap-2023.xsd 4598",2023-12-15,ERROR,DQC,145,1230524,"Leopard Energy, Inc.",2023-12-15 16:15:00,0001477932-23-009175,US GAAP 2023,XBRL Document Created with XBRLMaster,10-Q,http://www.sec.gov/Archives/edgar/data/1230524/000147793223009175/cyap_10q.htm,2023-12-15,2023,662433,https://www.sec.gov/Archives/edgar/data/1230524/000147793223009175/0001477932-23-009175-index.htm,8742,10q-cyrb-20231031
DQC.US.0145.9868,"2023-12-15 17:06:22,467 [DQC.US.0145.9868] The company has reported the concept us-gaap:ProceedsFromIssuanceOfCommonStock as a descendant of the presentation concept NetCashProvidedByUsedInInvestingActivitiesAbstract.  This concept is not a component of investing activities and should be presented outside of this group in the presentation linkbase.

Rule Element Id:9868
Rule version: 22.0.2 - https://xbrl.fasb.org/us-gaap/2023/elts/us-gaap-2023.xsd 5508",2023-12-15,ERROR,DQC,145,1230524,"Leopard Energy, Inc.",2023-12-15 16:15:00,0001477932-23-009175,US GAAP 2023,XBRL Document Created with XBRLMaster,10-Q,http://www.sec.gov/Archives/edgar/data/1230524/000147793223009175/cyap_10q.htm,2023-12-15,2023,662433,https://www.sec.gov/Archives/edgar/data/1230524/000147793223009175/0001477932-23-009175-index.htm,8742,10q-cyrb-20231031
DQC.US.0145.9867,"2023-11-29 15:34:00,967 [DQC.US.0145.9867] The company has reported the concept us-gaap:InterestPaidNet as a descendant of the presentation concept NetCashProvidedByUsedInFinancingActivitiesAbstract.  This concept is not a component of financing activities and should be presented outside of this group in the presentation linkbase.

Rule Element Id:9867
Rule version: 22.0.1 - https://xbrl.fasb.org/us-gaap/2023/elts/us-gaap-2023.xsd 1827",2023-11-29,ERROR,DQC,145,1680689,"Natural Resource Holdings, Inc.",2023-11-29 14:59:00,0001640334-23-002250,US GAAP 2023,XBRL Document Created with XBRLMaster,10-Q,http://www.sec.gov/Archives/edgar/data/1680689/000164033423002250/boxxy_10q.htm,2023-11-29,2023,658494,https://www.sec.gov/Archives/edgar/data/1680689/000164033423002250/0001640334-23-002250-index.htm,5960,10q-boxxy-20231031
DQC.US.0145.9867,"2023-11-29 15:34:00,967 [DQC.US.0145.9867] The company has reported the concept us-gaap:IssuanceOfStockAndWarrantsForServicesOrClaims as a descendant of the presentation concept NetCashProvidedByUsedInFinancingActivitiesAbstract.  This concept is not a component of financing activities and should be presented outside of this group in the presentation linkbase.

Rule Element Id:9867
Rule version: 22.0.1 - https://xbrl.fasb.org/us-gaap/2023/elts/us-gaap-2023.xsd 1361",2023-11-29,ERROR,DQC,145,1680689,"Natural Resource Holdings, Inc.",2023-11-29 14:59:00,0001640334-23-002250,US GAAP 2023,XBRL Document Created with XBRLMaster,10-Q,http://www.sec.gov/Archives/edgar/data/1680689/000164033423002250/boxxy_10q.htm,2023-11-29,2023,658494,https://www.sec.gov/Archives/edgar/data/1680689/000164033423002250/0001640334-23-002250-index.htm,5960,10q-boxxy-20231031
DQC.US.0145.9867,"2023-11-20 16:55:28,770 [DQC.US.0145.9867] The company has reported the concept us-gaap:IncomeTaxesPaid as a descendant of the presentation concept NetCashProvidedByUsedInFinancingActivitiesAbstract.  This concept is not a component of financing activities and should be presented outside of this group in the presentation linkbase.

Rule Element Id:9867
Rule version: 22.0.1 - https://xbrl.fasb.org/us-gaap/2023/elts/us-gaap-2023.xsd 6779",2023-11-20,ERROR,DQC,145,723533,Longwen Group Corp.,2023-11-20 16:06:00,0001017386-23-000399,US GAAP 2023,Novaworks,10-Q,http://www.sec.gov/Archives/edgar/data/723533/000101738623000399/lwlw_2023sept30-10q.htm,2023-11-20,2023,656699,https://www.sec.gov/Archives/edgar/data/723533/000101738623000399/0001017386-23-000399-index.htm,8742,10q-lwlw-20230930
DQC.US.0145.9867,"2023-11-20 16:55:28,770 [DQC.US.0145.9867] The company has reported the concept us-gaap:InterestPaidNet as a descendant of the presentation concept NetCashProvidedByUsedInFinancingActivitiesAbstract.  This concept is not a component of financing activities and should be presented outside of this group in the presentation linkbase.

Rule Element Id:9867
Rule version: 22.0.1 - https://xbrl.fasb.org/us-gaap/2023/elts/us-gaap-2023.xsd 1827",2023-11-20,ERROR,DQC,145,723533,Longwen Group Corp.,2023-11-20 16:06:00,0001017386-23-000399,US GAAP 2023,Novaworks,10-Q,http://www.sec.gov/Archives/edgar/data/723533/000101738623000399/lwlw_2023sept30-10q.htm,2023-11-20,2023,656699,https://www.sec.gov/Archives/edgar/data/723533/000101738623000399/0001017386-23-000399-index.htm,8742,10q-lwlw-20230930
DQC.US.0145.9867,"2023-11-20 16:55:28,771 [DQC.US.0145.9867] The company has reported the concept us-gaap:EffectOfExchangeRateOnCashCashEquivalentsRestrictedCashAndRestrictedCashEquivalents as a descendant of the presentation concept NetCashProvidedByUsedInFinancingActivitiesAbstract.  This concept is not a component of financing activities and should be presented outside of this group in the presentation linkbase.

Rule Element Id:9867
Rule version: 22.0.1 - https://xbrl.fasb.org/us-gaap/2023/elts/us-gaap-2023.xsd 15023",2023-11-20,ERROR,DQC,145,723533,Longwen Group Corp.,2023-11-20 16:06:00,0001017386-23-000399,US GAAP 2023,Novaworks,10-Q,http://www.sec.gov/Archives/edgar/data/723533/000101738623000399/lwlw_2023sept30-10q.htm,2023-11-20,2023,656699,https://www.sec.gov/Archives/edgar/data/723533/000101738623000399/0001017386-23-000399-index.htm,8742,10q-lwlw-20230930
DQC.US.0145.9867,"2023-11-20 16:55:28,771 [DQC.US.0145.9867] The company has reported the concept us-gaap:ProceedsFromLoans as a descendant of the presentation concept NetCashProvidedByUsedInFinancingActivitiesAbstract.  This concept is not a component of financing activities and should be presented outside of this group in the presentation linkbase.

Rule Element Id:9867
Rule version: 22.0.1 - https://xbrl.fasb.org/us-gaap/2023/elts/us-gaap-2023.xsd 1808",2023-11-20,ERROR,DQC,145,723533,Longwen Group Corp.,2023-11-20 16:06:00,0001017386-23-000399,US GAAP 2023,Novaworks,10-Q,http://www.sec.gov/Archives/edgar/data/723533/000101738623000399/lwlw_2023sept30-10q.htm,2023-11-20,2023,656699,https://www.sec.gov/Archives/edgar/data/723533/000101738623000399/0001017386-23-000399-index.htm,8742,10q-lwlw-20230930
DQC.US.0145.9868,"2023-11-20 16:55:28,771 [DQC.US.0145.9868] The company has reported the concept us-gaap:EffectOfExchangeRateOnCashCashEquivalentsRestrictedCashAndRestrictedCashEquivalents as a descendant of the presentation concept NetCashProvidedByUsedInInvestingActivitiesAbstract.  This concept is not a component of investing activities and should be presented outside of this group in the presentation linkbase.

Rule Element Id:9868
Rule version: 22.0.1 - https://xbrl.fasb.org/us-gaap/2023/elts/us-gaap-2023.xsd 15023",2023-11-20,ERROR,DQC,145,723533,Longwen Group Corp.,2023-11-20 16:06:00,0001017386-23-000399,US GAAP 2023,Novaworks,10-Q,http://www.sec.gov/Archives/edgar/data/723533/000101738623000399/lwlw_2023sept30-10q.htm,2023-11-20,2023,656699,https://www.sec.gov/Archives/edgar/data/723533/000101738623000399/0001017386-23-000399-index.htm,8742,10q-lwlw-20230930
DQC.US.0145.9868,"2023-11-20 16:55:28,772 [DQC.US.0145.9868] The company has reported the concept us-gaap:IncomeTaxesPaid as a descendant of the presentation concept NetCashProvidedByUsedInInvestingActivitiesAbstract.  This concept is not a component of investing activities and should be presented outside of this group in the presentation linkbase.

Rule Element Id:9868
Rule version: 22.0.1 - https://xbrl.fasb.org/us-gaap/2023/elts/us-gaap-2023.xsd 6779",2023-11-20,ERROR,DQC,145,723533,Longwen Group Corp.,2023-11-20 16:06:00,0001017386-23-000399,US GAAP 2023,Novaworks,10-Q,http://www.sec.gov/Archives/edgar/data/723533/000101738623000399/lwlw_2023sept30-10q.htm,2023-11-20,2023,656699,https://www.sec.gov/Archives/edgar/data/723533/000101738623000399/0001017386-23-000399-index.htm,8742,10q-lwlw-20230930
DQC.US.0145.9868,"2023-11-20 16:55:28,772 [DQC.US.0145.9868] The company has reported the concept us-gaap:ProceedsFromContributedCapital as a descendant of the presentation concept NetCashProvidedByUsedInInvestingActivitiesAbstract.  This concept is not a component of investing activities and should be presented outside of this group in the presentation linkbase.

Rule Element Id:9868
Rule version: 22.0.1 - https://xbrl.fasb.org/us-gaap/2023/elts/us-gaap-2023.xsd 2206",2023-11-20,ERROR,DQC,145,723533,Longwen Group Corp.,2023-11-20 16:06:00,0001017386-23-000399,US GAAP 2023,Novaworks,10-Q,http://www.sec.gov/Archives/edgar/data/723533/000101738623000399/lwlw_2023sept30-10q.htm,2023-11-20,2023,656699,https://www.sec.gov/Archives/edgar/data/723533/000101738623000399/0001017386-23-000399-index.htm,8742,10q-lwlw-20230930
DQC.US.0145.9868,"2023-11-20 16:55:28,772 [DQC.US.0145.9868] The company has reported the concept us-gaap:ProceedsFromLoans as a descendant of the presentation concept NetCashProvidedByUsedInInvestingActivitiesAbstract.  This concept is not a component of investing activities and should be presented outside of this group in the presentation linkbase.

Rule Element Id:9868
Rule version: 22.0.1 - https://xbrl.fasb.org/us-gaap/2023/elts/us-gaap-2023.xsd 1808",2023-11-20,ERROR,DQC,145,723533,Longwen Group Corp.,2023-11-20 16:06:00,0001017386-23-000399,US GAAP 2023,Novaworks,10-Q,http://www.sec.gov/Archives/edgar/data/723533/000101738623000399/lwlw_2023sept30-10q.htm,2023-11-20,2023,656699,https://www.sec.gov/Archives/edgar/data/723533/000101738623000399/0001017386-23-000399-index.htm,8742,10q-lwlw-20230930
DQC.US.0145.9868,"2023-11-20 16:55:28,773 [DQC.US.0145.9868] The company has reported the concept us-gaap:InterestPaidNet as a descendant of the presentation concept NetCashProvidedByUsedInInvestingActivitiesAbstract.  This concept is not a component of investing activities and should be presented outside of this group in the presentation linkbase.

Rule Element Id:9868
Rule version: 22.0.1 - https://xbrl.fasb.org/us-gaap/2023/elts/us-gaap-2023.xsd 1827",2023-11-20,ERROR,DQC,145,723533,Longwen Group Corp.,2023-11-20 16:06:00,0001017386-23-000399,US GAAP 2023,Novaworks,10-Q,http://www.sec.gov/Archives/edgar/data/723533/000101738623000399/lwlw_2023sept30-10q.htm,2023-11-20,2023,656699,https://www.sec.gov/Archives/edgar/data/723533/000101738623000399/0001017386-23-000399-index.htm,8742,10q-lwlw-20230930
DQC.US.0145.9868,"2023-11-20 16:55:28,773 [DQC.US.0145.9868] The company has reported the concept us-gaap:NetCashProvidedByUsedInFinancingActivities as a descendant of the presentation concept NetCashProvidedByUsedInInvestingActivitiesAbstract.  This concept is not a component of investing activities and should be presented outside of this group in the presentation linkbase.

Rule Element Id:9868
Rule version: 22.0.1 - https://xbrl.fasb.org/us-gaap/2023/elts/us-gaap-2023.xsd 4598",2023-11-20,ERROR,DQC,145,723533,Longwen Group Corp.,2023-11-20 16:06:00,0001017386-23-000399,US GAAP 2023,Novaworks,10-Q,http://www.sec.gov/Archives/edgar/data/723533/000101738623000399/lwlw_2023sept30-10q.htm,2023-11-20,2023,656699,https://www.sec.gov/Archives/edgar/data/723533/000101738623000399/0001017386-23-000399-index.htm,8742,10q-lwlw-20230930
DQC.US.0145.9868,"2023-11-20 16:55:28,773 [DQC.US.0145.9868] The company has reported the concept us-gaap:ProceedsFromIssuanceOfCommonStock as a descendant of the presentation concept NetCashProvidedByUsedInInvestingActivitiesAbstract.  This concept is not a component of investing activities and should be presented outside of this group in the presentation linkbase.

Rule Element Id:9868
Rule version: 22.0.1 - https://xbrl.fasb.org/us-gaap/2023/elts/us-gaap-2023.xsd 5508",2023-11-20,ERROR,DQC,145,723533,Longwen Group Corp.,2023-11-20 16:06:00,0001017386-23-000399,US GAAP 2023,Novaworks,10-Q,http://www.sec.gov/Archives/edgar/data/723533/000101738623000399/lwlw_2023sept30-10q.htm,2023-11-20,2023,656699,https://www.sec.gov/Archives/edgar/data/723533/000101738623000399/0001017386-23-000399-index.htm,8742,10q-lwlw-20230930
DQC.US.0145.9867,"2023-11-20 16:47:43,804 [DQC.US.0145.9867] The company has reported the concept us-gaap:EffectOfExchangeRateOnCashCashEquivalentsRestrictedCashAndRestrictedCashEquivalents as a descendant of the presentation concept NetCashProvidedByUsedInFinancingActivitiesAbstract.  This concept is not a component of financing activities and should be presented outside of this group in the presentation linkbase.

Rule Element Id:9867
Rule version: 22.0.1 - https://xbrl.fasb.org/us-gaap/2023/elts/us-gaap-2023.xsd 15023",2023-11-20,ERROR,DQC,145,1474167,COSMOS HEALTH INC.,2023-11-20 16:05:00,0001477932-23-008689,US GAAP 2023,XBRL Document Created with XBRLMaster,10-Q,http://www.sec.gov/Archives/edgar/data/1474167/000147793223008689/cosm_10q.htm,2023-11-20,2023,656703,https://www.sec.gov/Archives/edgar/data/1474167/000147793223008689/0001477932-23-008689-index.htm,5122,10q-cosm-20230930
DQC.US.0145.9867,"2023-11-20 16:47:43,804 [DQC.US.0145.9867] The company has reported the concept us-gaap:IncomeTaxesPaid as a descendant of the presentation concept NetCashProvidedByUsedInFinancingActivitiesAbstract.  This concept is not a component of financing activities and should be presented outside of this group in the presentation linkbase.

Rule Element Id:9867
Rule version: 22.0.1 - https://xbrl.fasb.org/us-gaap/2023/elts/us-gaap-2023.xsd 6779",2023-11-20,ERROR,DQC,145,1474167,COSMOS HEALTH INC.,2023-11-20 16:05:00,0001477932-23-008689,US GAAP 2023,XBRL Document Created with XBRLMaster,10-Q,http://www.sec.gov/Archives/edgar/data/1474167/000147793223008689/cosm_10q.htm,2023-11-20,2023,656703,https://www.sec.gov/Archives/edgar/data/1474167/000147793223008689/0001477932-23-008689-index.htm,5122,10q-cosm-20230930
DQC.US.0145.9868,"2023-11-20 16:47:43,804 [DQC.US.0145.9868] The company has reported the concept us-gaap:EffectOfExchangeRateOnCashCashEquivalentsRestrictedCashAndRestrictedCashEquivalents as a descendant of the presentation concept NetCashProvidedByUsedInInvestingActivitiesAbstract.  This concept is not a component of investing activities and should be presented outside of this group in the presentation linkbase.

Rule Element Id:9868
Rule version: 22.0.1 - https://xbrl.fasb.org/us-gaap/2023/elts/us-gaap-2023.xsd 15023",2023-11-20,ERROR,DQC,145,1474167,COSMOS HEALTH INC.,2023-11-20 16:05:00,0001477932-23-008689,US GAAP 2023,XBRL Document Created with XBRLMaster,10-Q,http://www.sec.gov/Archives/edgar/data/1474167/000147793223008689/cosm_10q.htm,2023-11-20,2023,656703,https://www.sec.gov/Archives/edgar/data/1474167/000147793223008689/0001477932-23-008689-index.htm,5122,10q-cosm-20230930
DQC.US.0145.9868,"2023-11-20 16:47:43,804 [DQC.US.0145.9868] The company has reported the concept us-gaap:IncomeTaxesPaid as a descendant of the presentation concept NetCashProvidedByUsedInInvestingActivitiesAbstract.  This concept is not a component of investing activities and should be presented outside of this group in the presentation linkbase.

Rule Element Id:9868
Rule version: 22.0.1 - https://xbrl.fasb.org/us-gaap/2023/elts/us-gaap-2023.xsd 6779",2023-11-20,ERROR,DQC,145,1474167,COSMOS HEALTH INC.,2023-11-20 16:05:00,0001477932-23-008689,US GAAP 2023,XBRL Document Created with XBRLMaster,10-Q,http://www.sec.gov/Archives/edgar/data/1474167/000147793223008689/cosm_10q.htm,2023-11-20,2023,656703,https://www.sec.gov/Archives/edgar/data/1474167/000147793223008689/0001477932-23-008689-index.htm,5122,10q-cosm-20230930
DQC.US.0145.9868,"2023-11-20 16:47:43,805 [DQC.US.0145.9868] The company has reported the concept us-gaap:ProceedsFromRelatedPartyDebt as a descendant of the presentation concept NetCashProvidedByUsedInInvestingActivitiesAbstract.  This concept is not a component of investing activities and should be presented outside of this group in the presentation linkbase.

Rule Element Id:9868
Rule version: 22.0.1 - https://xbrl.fasb.org/us-gaap/2023/elts/us-gaap-2023.xsd 5550",2023-11-20,ERROR,DQC,145,1474167,COSMOS HEALTH INC.,2023-11-20 16:05:00,0001477932-23-008689,US GAAP 2023,XBRL Document Created with XBRLMaster,10-Q,http://www.sec.gov/Archives/edgar/data/1474167/000147793223008689/cosm_10q.htm,2023-11-20,2023,656703,https://www.sec.gov/Archives/edgar/data/1474167/000147793223008689/0001477932-23-008689-index.htm,5122,10q-cosm-20230930
DQC.US.0145.9868,"2023-11-20 16:47:43,805 [DQC.US.0145.9868] The company has reported the concept us-gaap:RepaymentsOfConvertibleDebt as a descendant of the presentation concept NetCashProvidedByUsedInInvestingActivitiesAbstract.  This concept is not a component of investing activities and should be presented outside of this group in the presentation linkbase.

Rule Element Id:9868
Rule version: 22.0.1 - https://xbrl.fasb.org/us-gaap/2023/elts/us-gaap-2023.xsd 6001",2023-11-20,ERROR,DQC,145,1474167,COSMOS HEALTH INC.,2023-11-20 16:05:00,0001477932-23-008689,US GAAP 2023,XBRL Document Created with XBRLMaster,10-Q,http://www.sec.gov/Archives/edgar/data/1474167/000147793223008689/cosm_10q.htm,2023-11-20,2023,656703,https://www.sec.gov/Archives/edgar/data/1474167/000147793223008689/0001477932-23-008689-index.htm,5122,10q-cosm-20230930
DQC.US.0145.9868,"2023-11-20 16:47:43,805 [DQC.US.0145.9868] The company has reported the concept us-gaap:RepaymentsOfLinesOfCredit as a descendant of the presentation concept NetCashProvidedByUsedInInvestingActivitiesAbstract.  This concept is not a component of investing activities and should be presented outside of this group in the presentation linkbase.

Rule Element Id:9868
Rule version: 22.0.1 - https://xbrl.fasb.org/us-gaap/2023/elts/us-gaap-2023.xsd 5970",2023-11-20,ERROR,DQC,145,1474167,COSMOS HEALTH INC.,2023-11-20 16:05:00,0001477932-23-008689,US GAAP 2023,XBRL Document Created with XBRLMaster,10-Q,http://www.sec.gov/Archives/edgar/data/1474167/000147793223008689/cosm_10q.htm,2023-11-20,2023,656703,https://www.sec.gov/Archives/edgar/data/1474167/000147793223008689/0001477932-23-008689-index.htm,5122,10q-cosm-20230930
DQC.US.0145.9868,"2023-11-20 16:47:43,805 [DQC.US.0145.9868] The company has reported the concept us-gaap:RepaymentsOfRelatedPartyDebt as a descendant of the presentation concept NetCashProvidedByUsedInInvestingActivitiesAbstract.  This concept is not a component of investing activities and should be presented outside of this group in the presentation linkbase.

Rule Element Id:9868
Rule version: 22.0.1 - https://xbrl.fasb.org/us-gaap/2023/elts/us-gaap-2023.xsd 5984",2023-11-20,ERROR,DQC,145,1474167,COSMOS HEALTH INC.,2023-11-20 16:05:00,0001477932-23-008689,US GAAP 2023,XBRL Document Created with XBRLMaster,10-Q,http://www.sec.gov/Archives/edgar/data/1474167/000147793223008689/cosm_10q.htm,2023-11-20,2023,656703,https://www.sec.gov/Archives/edgar/data/1474167/000147793223008689/0001477932-23-008689-index.htm,5122,10q-cosm-20230930
DQC.US.0145.9868,"2023-11-20 16:47:43,806 [DQC.US.0145.9868] The company has reported the concept us-gaap:FinanceLeasePrincipalPayments as a descendant of the presentation concept NetCashProvidedByUsedInInvestingActivitiesAbstract.  This concept is not a component of investing activities and should be presented outside of this group in the presentation linkbase.

Rule Element Id:9868
Rule version: 22.0.1 - https://xbrl.fasb.org/us-gaap/2023/elts/us-gaap-2023.xsd 15057",2023-11-20,ERROR,DQC,145,1474167,COSMOS HEALTH INC.,2023-11-20 16:05:00,0001477932-23-008689,US GAAP 2023,XBRL Document Created with XBRLMaster,10-Q,http://www.sec.gov/Archives/edgar/data/1474167/000147793223008689/cosm_10q.htm,2023-11-20,2023,656703,https://www.sec.gov/Archives/edgar/data/1474167/000147793223008689/0001477932-23-008689-index.htm,5122,10q-cosm-20230930
DQC.US.0145.9868,"2023-11-20 16:47:43,806 [DQC.US.0145.9868] The company has reported the concept us-gaap:PaymentsOfFinancingCosts as a descendant of the presentation concept NetCashProvidedByUsedInInvestingActivitiesAbstract.  This concept is not a component of investing activities and should be presented outside of this group in the presentation linkbase.

Rule Element Id:9868
Rule version: 22.0.1 - https://xbrl.fasb.org/us-gaap/2023/elts/us-gaap-2023.xsd 3271",2023-11-20,ERROR,DQC,145,1474167,COSMOS HEALTH INC.,2023-11-20 16:05:00,0001477932-23-008689,US GAAP 2023,XBRL Document Created with XBRLMaster,10-Q,http://www.sec.gov/Archives/edgar/data/1474167/000147793223008689/cosm_10q.htm,2023-11-20,2023,656703,https://www.sec.gov/Archives/edgar/data/1474167/000147793223008689/0001477932-23-008689-index.htm,5122,10q-cosm-20230930
DQC.US.0145.9868,"2023-11-20 16:47:43,806 [DQC.US.0145.9868] The company has reported the concept us-gaap:ProceedsFromIssuanceOfCommonStock as a descendant of the presentation concept NetCashProvidedByUsedInInvestingActivitiesAbstract.  This concept is not a component of investing activities and should be presented outside of this group in the presentation linkbase.

Rule Element Id:9868
Rule version: 22.0.1 - https://xbrl.fasb.org/us-gaap/2023/elts/us-gaap-2023.xsd 5508",2023-11-20,ERROR,DQC,145,1474167,COSMOS HEALTH INC.,2023-11-20 16:05:00,0001477932-23-008689,US GAAP 2023,XBRL Document Created with XBRLMaster,10-Q,http://www.sec.gov/Archives/edgar/data/1474167/000147793223008689/cosm_10q.htm,2023-11-20,2023,656703,https://www.sec.gov/Archives/edgar/data/1474167/000147793223008689/0001477932-23-008689-index.htm,5122,10q-cosm-20230930
DQC.US.0145.9868,"2023-11-20 16:47:43,806 [DQC.US.0145.9868] The company has reported the concept us-gaap:ProceedsFromLinesOfCredit as a descendant of the presentation concept NetCashProvidedByUsedInInvestingActivitiesAbstract.  This concept is not a component of investing activities and should be presented outside of this group in the presentation linkbase.

Rule Element Id:9868
Rule version: 22.0.1 - https://xbrl.fasb.org/us-gaap/2023/elts/us-gaap-2023.xsd 5527",2023-11-20,ERROR,DQC,145,1474167,COSMOS HEALTH INC.,2023-11-20 16:05:00,0001477932-23-008689,US GAAP 2023,XBRL Document Created with XBRLMaster,10-Q,http://www.sec.gov/Archives/edgar/data/1474167/000147793223008689/cosm_10q.htm,2023-11-20,2023,656703,https://www.sec.gov/Archives/edgar/data/1474167/000147793223008689/0001477932-23-008689-index.htm,5122,10q-cosm-20230930
DQC.US.0145.9868,"2023-11-20 16:47:43,806 [DQC.US.0145.9868] The company has reported the concept us-gaap:RepaymentsOfNotesPayable as a descendant of the presentation concept NetCashProvidedByUsedInInvestingActivitiesAbstract.  This concept is not a component of investing activities and should be presented outside of this group in the presentation linkbase.

Rule Element Id:9868
Rule version: 22.0.1 - https://xbrl.fasb.org/us-gaap/2023/elts/us-gaap-2023.xsd 5977",2023-11-20,ERROR,DQC,145,1474167,COSMOS HEALTH INC.,2023-11-20 16:05:00,0001477932-23-008689,US GAAP 2023,XBRL Document Created with XBRLMaster,10-Q,http://www.sec.gov/Archives/edgar/data/1474167/000147793223008689/cosm_10q.htm,2023-11-20,2023,656703,https://www.sec.gov/Archives/edgar/data/1474167/000147793223008689/0001477932-23-008689-index.htm,5122,10q-cosm-20230930
DQC.US.0145.9868,"2023-11-20 16:47:43,807 [DQC.US.0145.9868] The company has reported the concept us-gaap:NetCashProvidedByUsedInFinancingActivities as a descendant of the presentation concept NetCashProvidedByUsedInInvestingActivitiesAbstract.  This concept is not a component of investing activities and should be presented outside of this group in the presentation linkbase.

Rule Element Id:9868
Rule version: 22.0.1 - https://xbrl.fasb.org/us-gaap/2023/elts/us-gaap-2023.xsd 4598",2023-11-20,ERROR,DQC,145,1474167,COSMOS HEALTH INC.,2023-11-20 16:05:00,0001477932-23-008689,US GAAP 2023,XBRL Document Created with XBRLMaster,10-Q,http://www.sec.gov/Archives/edgar/data/1474167/000147793223008689/cosm_10q.htm,2023-11-20,2023,656703,https://www.sec.gov/Archives/edgar/data/1474167/000147793223008689/0001477932-23-008689-index.htm,5122,10q-cosm-20230930
DQC.US.0145.9868,"2023-11-20 16:47:43,807 [DQC.US.0145.9868] The company has reported the concept us-gaap:PaymentsForRepurchaseOfCommonStock as a descendant of the presentation concept NetCashProvidedByUsedInInvestingActivitiesAbstract.  This concept is not a component of investing activities and should be presented outside of this group in the presentation linkbase.

Rule Element Id:9868
Rule version: 22.0.1 - https://xbrl.fasb.org/us-gaap/2023/elts/us-gaap-2023.xsd 6000",2023-11-20,ERROR,DQC,145,1474167,COSMOS HEALTH INC.,2023-11-20 16:05:00,0001477932-23-008689,US GAAP 2023,XBRL Document Created with XBRLMaster,10-Q,http://www.sec.gov/Archives/edgar/data/1474167/000147793223008689/cosm_10q.htm,2023-11-20,2023,656703,https://www.sec.gov/Archives/edgar/data/1474167/000147793223008689/0001477932-23-008689-index.htm,5122,10q-cosm-20230930
DQC.US.0145.9868,"2023-11-20 16:47:43,807 [DQC.US.0145.9868] The company has reported the concept us-gaap:ProceedsFromNotesPayable as a descendant of the presentation concept NetCashProvidedByUsedInInvestingActivitiesAbstract.  This concept is not a component of investing activities and should be presented outside of this group in the presentation linkbase.

Rule Element Id:9868
Rule version: 22.0.1 - https://xbrl.fasb.org/us-gaap/2023/elts/us-gaap-2023.xsd 5540",2023-11-20,ERROR,DQC,145,1474167,COSMOS HEALTH INC.,2023-11-20 16:05:00,0001477932-23-008689,US GAAP 2023,XBRL Document Created with XBRLMaster,10-Q,http://www.sec.gov/Archives/edgar/data/1474167/000147793223008689/cosm_10q.htm,2023-11-20,2023,656703,https://www.sec.gov/Archives/edgar/data/1474167/000147793223008689/0001477932-23-008689-index.htm,5122,10q-cosm-20230930
DQC.US.0145.9867,"2023-11-20 16:34:45,489 [DQC.US.0145.9867] The company has reported the concept us-gaap:InterestPaidNet as a descendant of the presentation concept NetCashProvidedByUsedInFinancingActivitiesAbstract.  This concept is not a component of financing activities and should be presented outside of this group in the presentation linkbase.

Rule Element Id:9867
Rule version: 22.0.1 - https://xbrl.fasb.org/us-gaap/2023/elts/us-gaap-2023.xsd 1827",2023-11-20,ERROR,DQC,145,33992,"KINGSTONE COMPANIES, INC.",2023-11-20 15:52:00,0001654954-23-014618,US GAAP 2023,XBRL Document Created with XBRLMaster,10-Q,http://www.sec.gov/Archives/edgar/data/33992/000165495423014618/king_10q.htm,2023-11-20,2023,656687,https://www.sec.gov/Archives/edgar/data/33992/000165495423014618/0001654954-23-014618-index.htm,6331,10q-king-20230930
DQC.US.0145.9868,"2023-11-20 16:34:45,490 [DQC.US.0145.9868] The company has reported the concept us-gaap:FinanceLeasePrincipalPayments as a descendant of the presentation concept NetCashProvidedByUsedInInvestingActivitiesAbstract.  This concept is not a component of investing activities and should be presented outside of this group in the presentation linkbase.

Rule Element Id:9868
Rule version: 22.0.1 - https://xbrl.fasb.org/us-gaap/2023/elts/us-gaap-2023.xsd 15057",2023-11-20,ERROR,DQC,145,33992,"KINGSTONE COMPANIES, INC.",2023-11-20 15:52:00,0001654954-23-014618,US GAAP 2023,XBRL Document Created with XBRLMaster,10-Q,http://www.sec.gov/Archives/edgar/data/33992/000165495423014618/king_10q.htm,2023-11-20,2023,656687,https://www.sec.gov/Archives/edgar/data/33992/000165495423014618/0001654954-23-014618-index.htm,6331,10q-king-20230930
DQC.US.0145.9868,"2023-11-20 16:34:45,490 [DQC.US.0145.9868] The company has reported the concept us-gaap:NetCashProvidedByUsedInFinancingActivities as a descendant of the presentation concept NetCashProvidedByUsedInInvestingActivitiesAbstract.  This concept is not a component of investing activities and should be presented outside of this group in the presentation linkbase.

Rule Element Id:9868
Rule version: 22.0.1 - https://xbrl.fasb.org/us-gaap/2023/elts/us-gaap-2023.xsd 4598",2023-11-20,ERROR,DQC,145,33992,"KINGSTONE COMPANIES, INC.",2023-11-20 15:52:00,0001654954-23-014618,US GAAP 2023,XBRL Document Created with XBRLMaster,10-Q,http://www.sec.gov/Archives/edgar/data/33992/000165495423014618/king_10q.htm,2023-11-20,2023,656687,https://www.sec.gov/Archives/edgar/data/33992/000165495423014618/0001654954-23-014618-index.htm,6331,10q-king-20230930
DQC.US.0145.9868,"2023-11-20 16:34:45,490 [DQC.US.0145.9868] The company has reported the concept us-gaap:PaymentsOfDividends as a descendant of the presentation concept NetCashProvidedByUsedInInvestingActivitiesAbstract.  This concept is not a component of investing activities and should be presented outside of this group in the presentation linkbase.

Rule Element Id:9868
Rule version: 22.0.1 - https://xbrl.fasb.org/us-gaap/2023/elts/us-gaap-2023.xsd 5073",2023-11-20,ERROR,DQC,145,33992,"KINGSTONE COMPANIES, INC.",2023-11-20 15:52:00,0001654954-23-014618,US GAAP 2023,XBRL Document Created with XBRLMaster,10-Q,http://www.sec.gov/Archives/edgar/data/33992/000165495423014618/king_10q.htm,2023-11-20,2023,656687,https://www.sec.gov/Archives/edgar/data/33992/000165495423014618/0001654954-23-014618-index.htm,6331,10q-king-20230930
DQC.US.0145.9868,"2023-11-20 16:34:45,491 [DQC.US.0145.9868] The company has reported the concept us-gaap:InterestPaidNet as a descendant of the presentation concept NetCashProvidedByUsedInInvestingActivitiesAbstract.  This concept is not a component of investing activities and should be presented outside of this group in the presentation linkbase.

Rule Element Id:9868
Rule version: 22.0.1 - https://xbrl.fasb.org/us-gaap/2023/elts/us-gaap-2023.xsd 1827",2023-11-20,ERROR,DQC,145,33992,"KINGSTONE COMPANIES, INC.",2023-11-20 15:52:00,0001654954-23-014618,US GAAP 2023,XBRL Document Created with XBRLMaster,10-Q,http://www.sec.gov/Archives/edgar/data/33992/000165495423014618/king_10q.htm,2023-11-20,2023,656687,https://www.sec.gov/Archives/edgar/data/33992/000165495423014618/0001654954-23-014618-index.htm,6331,10q-king-20230930
DQC.US.0145.9867,"2024-01-19 17:47:43,131 [DQC.US.0145.9867] The company has reported the concept us-gaap:IncreaseDecreaseInOtherNoncurrentLiabilities as a descendant of the presentation concept NetCashProvidedByUsedInFinancingActivitiesAbstract.  This concept is not a component of financing activities and should be presented outside of this group in the presentation linkbase.

Rule Element Id:9867
Rule version: 23.0.0 - https://xbrl.fasb.org/us-gaap/2023/elts/us-gaap-2023.xsd 11333",2024-01-19,ERROR,DQC,145,91668,"Solitron Devices, Inc.",2024-01-19 17:14:00,0001654954-24-000774,US GAAP 2023,XBRL Document Created with XBRLMaster,10-Q,http://www.sec.gov/Archives/edgar/data/91668/000165495424000774/sodi_10q.htm,2024-01-19,2024,668508,https://www.sec.gov/Archives/edgar/data/91668/000165495424000774/0001654954-24-000774-index.htm,3674,10q-sodi-20231130
DQC.US.0145.9867,"2024-01-19 17:47:43,131 [DQC.US.0145.9867] The company has reported the concept us-gaap:InterestPaidNet as a descendant of the presentation concept NetCashProvidedByUsedInFinancingActivitiesAbstract.  This concept is not a component of financing activities and should be presented outside of this group in the presentation linkbase.

Rule Element Id:9867
Rule version: 23.0.0 - https://xbrl.fasb.org/us-gaap/2023/elts/us-gaap-2023.xsd 1827",2024-01-19,ERROR,DQC,145,91668,"Solitron Devices, Inc.",2024-01-19 17:14:00,0001654954-24-000774,US GAAP 2023,XBRL Document Created with XBRLMaster,10-Q,http://www.sec.gov/Archives/edgar/data/91668/000165495424000774/sodi_10q.htm,2024-01-19,2024,668508,https://www.sec.gov/Archives/edgar/data/91668/000165495424000774/0001654954-24-000774-index.htm,3674,10q-sodi-20231130
DQC.US.0145.9868,"2024-01-19 17:47:43,131 [DQC.US.0145.9868] The company has reported the concept us-gaap:InterestPaidNet as a descendant of the presentation concept NetCashProvidedByUsedInInvestingActivitiesAbstract.  This concept is not a component of investing activities and should be presented outside of this group in the presentation linkbase.

Rule Element Id:9868
Rule version: 23.0.0 - https://xbrl.fasb.org/us-gaap/2023/elts/us-gaap-2023.xsd 1827",2024-01-19,ERROR,DQC,145,91668,"Solitron Devices, Inc.",2024-01-19 17:14:00,0001654954-24-000774,US GAAP 2023,XBRL Document Created with XBRLMaster,10-Q,http://www.sec.gov/Archives/edgar/data/91668/000165495424000774/sodi_10q.htm,2024-01-19,2024,668508,https://www.sec.gov/Archives/edgar/data/91668/000165495424000774/0001654954-24-000774-index.htm,3674,10q-sodi-20231130
DQC.US.0145.9868,"2024-01-19 17:47:43,131 [DQC.US.0145.9868] The company has reported the concept us-gaap:NetCashProvidedByUsedInFinancingActivities as a descendant of the presentation concept NetCashProvidedByUsedInInvestingActivitiesAbstract.  This concept is not a component of investing activities and should be presented outside of this group in the presentation linkbase.

Rule Element Id:9868
Rule version: 23.0.0 - https://xbrl.fasb.org/us-gaap/2023/elts/us-gaap-2023.xsd 4598",2024-01-19,ERROR,DQC,145,91668,"Solitron Devices, Inc.",2024-01-19 17:14:00,0001654954-24-000774,US GAAP 2023,XBRL Document Created with XBRLMaster,10-Q,http://www.sec.gov/Archives/edgar/data/91668/000165495424000774/sodi_10q.htm,2024-01-19,2024,668508,https://www.sec.gov/Archives/edgar/data/91668/000165495424000774/0001654954-24-000774-index.htm,3674,10q-sodi-20231130
DQC.US.0145.9868,"2024-01-19 17:47:43,132 [DQC.US.0145.9868] The company has reported the concept us-gaap:IncreaseDecreaseInOtherNoncurrentLiabilities as a descendant of the presentation concept NetCashProvidedByUsedInInvestingActivitiesAbstract.  This concept is not a component of investing activities and should be presented outside of this group in the presentation linkbase.

Rule Element Id:9868
Rule version: 23.0.0 - https://xbrl.fasb.org/us-gaap/2023/elts/us-gaap-2023.xsd 11333",2024-01-19,ERROR,DQC,145,91668,"Solitron Devices, Inc.",2024-01-19 17:14:00,0001654954-24-000774,US GAAP 2023,XBRL Document Created with XBRLMaster,10-Q,http://www.sec.gov/Archives/edgar/data/91668/000165495424000774/sodi_10q.htm,2024-01-19,2024,668508,https://www.sec.gov/Archives/edgar/data/91668/000165495424000774/0001654954-24-000774-index.htm,3674,10q-sodi-20231130
DQC.US.0145.9867,"2024-01-29 17:50:28,338 [DQC.US.0145.9867] The company has reported the concept us-gaap:EffectOfExchangeRateOnCashCashEquivalentsRestrictedCashAndRestrictedCashEquivalents as a descendant of the presentation concept NetCashProvidedByUsedInFinancingActivitiesAbstract.  This concept is not a component of financing activities and should be presented outside of this group in the presentation linkbase.

Rule Element Id:9867
Rule version: 23.0.0 - https://xbrl.fasb.org/us-gaap/2023/elts/us-gaap-2023.xsd 15023",2024-01-29,ERROR,DQC,145,1304161,"PHARMA-BIO SERV, INC.",2024-01-29 16:56:00,0001654954-24-000996,US GAAP 2023,XBRL Document Created with XBRLMaster,10-K,http://www.sec.gov/Archives/edgar/data/1304161/000165495424000996/pbsv_10k.htm,2024-01-29,2024,670422,https://www.sec.gov/Archives/edgar/data/1304161/000165495424000996/0001654954-24-000996-index.htm,8742,10k-pbsv-20231031
DQC.US.0145.9867,"2024-01-29 17:50:28,338 [DQC.US.0145.9867] The company has reported the concept us-gaap:IncomeTaxesPaid as a descendant of the presentation concept NetCashProvidedByUsedInFinancingActivitiesAbstract.  This concept is not a component of financing activities and should be presented outside of this group in the presentation linkbase.

Rule Element Id:9867
Rule version: 23.0.0 - https://xbrl.fasb.org/us-gaap/2023/elts/us-gaap-2023.xsd 6779",2024-01-29,ERROR,DQC,145,1304161,"PHARMA-BIO SERV, INC.",2024-01-29 16:56:00,0001654954-24-000996,US GAAP 2023,XBRL Document Created with XBRLMaster,10-K,http://www.sec.gov/Archives/edgar/data/1304161/000165495424000996/pbsv_10k.htm,2024-01-29,2024,670422,https://www.sec.gov/Archives/edgar/data/1304161/000165495424000996/0001654954-24-000996-index.htm,8742,10k-pbsv-20231031
DQC.US.0145.9867,"2024-01-29 17:50:28,338 [DQC.US.0145.9867] The company has reported the concept us-gaap:InterestPaidNet as a descendant of the presentation concept NetCashProvidedByUsedInFinancingActivitiesAbstract.  This concept is not a component of financing activities and should be presented outside of this group in the presentation linkbase.

Rule Element Id:9867
Rule version: 23.0.0 - https://xbrl.fasb.org/us-gaap/2023/elts/us-gaap-2023.xsd 1827",2024-01-29,ERROR,DQC,145,1304161,"PHARMA-BIO SERV, INC.",2024-01-29 16:56:00,0001654954-24-000996,US GAAP 2023,XBRL Document Created with XBRLMaster,10-K,http://www.sec.gov/Archives/edgar/data/1304161/000165495424000996/pbsv_10k.htm,2024-01-29,2024,670422,https://www.sec.gov/Archives/edgar/data/1304161/000165495424000996/0001654954-24-000996-index.htm,8742,10k-pbsv-20231031
DQC.US.0145.9868,"2024-01-29 17:50:28,339 [DQC.US.0145.9868] The company has reported the concept us-gaap:IncomeTaxesPaid as a descendant of the presentation concept NetCashProvidedByUsedInInvestingActivitiesAbstract.  This concept is not a component of investing activities and should be presented outside of this group in the presentation linkbase.

Rule Element Id:9868
Rule version: 23.0.0 - https://xbrl.fasb.org/us-gaap/2023/elts/us-gaap-2023.xsd 6779",2024-01-29,ERROR,DQC,145,1304161,"PHARMA-BIO SERV, INC.",2024-01-29 16:56:00,0001654954-24-000996,US GAAP 2023,XBRL Document Created with XBRLMaster,10-K,http://www.sec.gov/Archives/edgar/data/1304161/000165495424000996/pbsv_10k.htm,2024-01-29,2024,670422,https://www.sec.gov/Archives/edgar/data/1304161/000165495424000996/0001654954-24-000996-index.htm,8742,10k-pbsv-20231031
DQC.US.0145.9868,"2024-01-29 17:50:28,339 [DQC.US.0145.9868] The company has reported the concept us-gaap:PaymentsForRepurchaseOfCommonStock as a descendant of the presentation concept NetCashProvidedByUsedInInvestingActivitiesAbstract.  This concept is not a component of investing activities and should be presented outside of this group in the presentation linkbase.

Rule Element Id:9868
Rule version: 23.0.0 - https://xbrl.fasb.org/us-gaap/2023/elts/us-gaap-2023.xsd 6000",2024-01-29,ERROR,DQC,145,1304161,"PHARMA-BIO SERV, INC.",2024-01-29 16:56:00,0001654954-24-000996,US GAAP 2023,XBRL Document Created with XBRLMaster,10-K,http://www.sec.gov/Archives/edgar/data/1304161/000165495424000996/pbsv_10k.htm,2024-01-29,2024,670422,https://www.sec.gov/Archives/edgar/data/1304161/000165495424000996/0001654954-24-000996-index.htm,8742,10k-pbsv-20231031
DQC.US.0145.9868,"2024-01-29 17:50:28,339 [DQC.US.0145.9868] The company has reported the concept us-gaap:ProceedsFromIssuanceOfSharesUnderIncentiveAndShareBasedCompensationPlansIncludingStockOptions as a descendant of the presentation concept NetCashProvidedByUsedInInvestingActivitiesAbstract.  This concept is not a component of investing activities and should be presented outside of this group in the presentation linkbase.

Rule Element Id:9868
Rule version: 23.0.0 - https://xbrl.fasb.org/us-gaap/2023/elts/us-gaap-2023.xsd 9959",2024-01-29,ERROR,DQC,145,1304161,"PHARMA-BIO SERV, INC.",2024-01-29 16:56:00,0001654954-24-000996,US GAAP 2023,XBRL Document Created with XBRLMaster,10-K,http://www.sec.gov/Archives/edgar/data/1304161/000165495424000996/pbsv_10k.htm,2024-01-29,2024,670422,https://www.sec.gov/Archives/edgar/data/1304161/000165495424000996/0001654954-24-000996-index.htm,8742,10k-pbsv-20231031
DQC.US.0145.9868,"2024-01-29 17:50:28,340 [DQC.US.0145.9868] The company has reported the concept us-gaap:InterestPaidNet as a descendant of the presentation concept NetCashProvidedByUsedInInvestingActivitiesAbstract.  This concept is not a component of investing activities and should be presented outside of this group in the presentation linkbase.

Rule Element Id:9868
Rule version: 23.0.0 - https://xbrl.fasb.org/us-gaap/2023/elts/us-gaap-2023.xsd 1827",2024-01-29,ERROR,DQC,145,1304161,"PHARMA-BIO SERV, INC.",2024-01-29 16:56:00,0001654954-24-000996,US GAAP 2023,XBRL Document Created with XBRLMaster,10-K,http://www.sec.gov/Archives/edgar/data/1304161/000165495424000996/pbsv_10k.htm,2024-01-29,2024,670422,https://www.sec.gov/Archives/edgar/data/1304161/000165495424000996/0001654954-24-000996-index.htm,8742,10k-pbsv-20231031
DQC.US.0145.9868,"2024-01-29 17:50:28,340 [DQC.US.0145.9868] The company has reported the concept us-gaap:NetCashProvidedByUsedInFinancingActivities as a descendant of the presentation concept NetCashProvidedByUsedInInvestingActivitiesAbstract.  This concept is not a component of investing activities and should be presented outside of this group in the presentation linkbase.

Rule Element Id:9868
Rule version: 23.0.0 - https://xbrl.fasb.org/us-gaap/2023/elts/us-gaap-2023.xsd 4598",2024-01-29,ERROR,DQC,145,1304161,"PHARMA-BIO SERV, INC.",2024-01-29 16:56:00,0001654954-24-000996,US GAAP 2023,XBRL Document Created with XBRLMaster,10-K,http://www.sec.gov/Archives/edgar/data/1304161/000165495424000996/pbsv_10k.htm,2024-01-29,2024,670422,https://www.sec.gov/Archives/edgar/data/1304161/000165495424000996/0001654954-24-000996-index.htm,8742,10k-pbsv-20231031
DQC.US.0145.9868,"2024-01-29 17:50:28,340 [DQC.US.0145.9868] The company has reported the concept us-gaap:PaymentsOfDividends as a descendant of the presentation concept NetCashProvidedByUsedInInvestingActivitiesAbstract.  This concept is not a component of investing activities and should be presented outside of this group in the presentation linkbase.

Rule Element Id:9868
Rule version: 23.0.0 - https://xbrl.fasb.org/us-gaap/2023/elts/us-gaap-2023.xsd 5073",2024-01-29,ERROR,DQC,145,1304161,"PHARMA-BIO SERV, INC.",2024-01-29 16:56:00,0001654954-24-000996,US GAAP 2023,XBRL Document Created with XBRLMaster,10-K,http://www.sec.gov/Archives/edgar/data/1304161/000165495424000996/pbsv_10k.htm,2024-01-29,2024,670422,https://www.sec.gov/Archives/edgar/data/1304161/000165495424000996/0001654954-24-000996-index.htm,8742,10k-pbsv-20231031
DQC.US.0145.9868,"2024-01-29 17:50:28,341 [DQC.US.0145.9868] The company has reported the concept us-gaap:EffectOfExchangeRateOnCashCashEquivalentsRestrictedCashAndRestrictedCashEquivalents as a descendant of the presentation concept NetCashProvidedByUsedInInvestingActivitiesAbstract.  This concept is not a component of investing activities and should be presented outside of this group in the presentation linkbase.

Rule Element Id:9868
Rule version: 23.0.0 - https://xbrl.fasb.org/us-gaap/2023/elts/us-gaap-2023.xsd 15023",2024-01-29,ERROR,DQC,145,1304161,"PHARMA-BIO SERV, INC.",2024-01-29 16:56:00,0001654954-24-000996,US GAAP 2023,XBRL Document Created with XBRLMaster,10-K,http://www.sec.gov/Archives/edgar/data/1304161/000165495424000996/pbsv_10k.htm,2024-01-29,2024,670422,https://www.sec.gov/Archives/edgar/data/1304161/000165495424000996/0001654954-24-000996-index.htm,8742,10k-pbsv-20231031
DQC.US.0145.9867,"2024-02-13 20:04:45,315 [DQC.US.0145.9867] The company has reported the concept us-gaap:IncomeTaxesPaid as a descendant of the presentation concept NetCashProvidedByUsedInFinancingActivitiesAbstract.  This concept is not a component of financing activities and should be presented outside of this group in the presentation linkbase.

Rule Element Id:9867
Rule version: 23.0.3 - https://xbrl.fasb.org/us-gaap/2023/elts/us-gaap-2023.xsd 6779",2024-02-14,ERROR,DQC,145,1750777,"HAWKEYE SYSTEMS, INC.",2024-02-08 13:25:00,0001477932-24-000592,US GAAP 2023,XBRL Document Created with XBRLMaster,10-Q,http://www.sec.gov/Archives/edgar/data/1750777/000147793224000592/hwke_10q.htm,2024-02-08,2024,673206,https://www.sec.gov/Archives/edgar/data/1750777/000147793224000592/0001477932-24-000592-index.htm,3861,10q-hwke-20231231
DQC.US.0145.9868,"2024-02-13 20:04:45,315 [DQC.US.0145.9868] The company has reported the concept us-gaap:NetCashProvidedByUsedInFinancingActivities as a descendant of the presentation concept NetCashProvidedByUsedInInvestingActivitiesAbstract.  This concept is not a component of investing activities and should be presented outside of this group in the presentation linkbase.

Rule Element Id:9868
Rule version: 23.0.3 - https://xbrl.fasb.org/us-gaap/2023/elts/us-gaap-2023.xsd 4598",2024-02-14,ERROR,DQC,145,1750777,"HAWKEYE SYSTEMS, INC.",2024-02-08 13:25:00,0001477932-24-000592,US GAAP 2023,XBRL Document Created with XBRLMaster,10-Q,http://www.sec.gov/Archives/edgar/data/1750777/000147793224000592/hwke_10q.htm,2024-02-08,2024,673206,https://www.sec.gov/Archives/edgar/data/1750777/000147793224000592/0001477932-24-000592-index.htm,3861,10q-hwke-20231231
DQC.US.0145.9868,"2024-02-13 20:04:45,316 [DQC.US.0145.9868] The company has reported the concept us-gaap:IncomeTaxesPaid as a descendant of the presentation concept NetCashProvidedByUsedInInvestingActivitiesAbstract.  This concept is not a component of investing activities and should be presented outside of this group in the presentation linkbase.

Rule Element Id:9868
Rule version: 23.0.3 - https://xbrl.fasb.org/us-gaap/2023/elts/us-gaap-2023.xsd 6779",2024-02-14,ERROR,DQC,145,1750777,"HAWKEYE SYSTEMS, INC.",2024-02-08 13:25:00,0001477932-24-000592,US GAAP 2023,XBRL Document Created with XBRLMaster,10-Q,http://www.sec.gov/Archives/edgar/data/1750777/000147793224000592/hwke_10q.htm,2024-02-08,2024,673206,https://www.sec.gov/Archives/edgar/data/1750777/000147793224000592/0001477932-24-000592-index.htm,3861,10q-hwke-20231231
DQC.US.0145.9868,"2024-02-13 20:04:45,316 [DQC.US.0145.9868] The company has reported the concept us-gaap:ProceedsFromLinesOfCredit as a descendant of the presentation concept NetCashProvidedByUsedInInvestingActivitiesAbstract.  This concept is not a component of investing activities and should be presented outside of this group in the presentation linkbase.

Rule Element Id:9868
Rule version: 23.0.3 - https://xbrl.fasb.org/us-gaap/2023/elts/us-gaap-2023.xsd 5527",2024-02-14,ERROR,DQC,145,1750777,"HAWKEYE SYSTEMS, INC.",2024-02-08 13:25:00,0001477932-24-000592,US GAAP 2023,XBRL Document Created with XBRLMaster,10-Q,http://www.sec.gov/Archives/edgar/data/1750777/000147793224000592/hwke_10q.htm,2024-02-08,2024,673206,https://www.sec.gov/Archives/edgar/data/1750777/000147793224000592/0001477932-24-000592-index.htm,3861,10q-hwke-20231231
DQC.US.0145.9868,"2024-02-13 20:04:45,316 [DQC.US.0145.9868] The company has reported the concept us-gaap:ProceedsFromRelatedPartyDebt as a descendant of the presentation concept NetCashProvidedByUsedInInvestingActivitiesAbstract.  This concept is not a component of investing activities and should be presented outside of this group in the presentation linkbase.

Rule Element Id:9868
Rule version: 23.0.3 - https://xbrl.fasb.org/us-gaap/2023/elts/us-gaap-2023.xsd 5550",2024-02-14,ERROR,DQC,145,1750777,"HAWKEYE SYSTEMS, INC.",2024-02-08 13:25:00,0001477932-24-000592,US GAAP 2023,XBRL Document Created with XBRLMaster,10-Q,http://www.sec.gov/Archives/edgar/data/1750777/000147793224000592/hwke_10q.htm,2024-02-08,2024,673206,https://www.sec.gov/Archives/edgar/data/1750777/000147793224000592/0001477932-24-000592-index.htm,3861,10q-hwke-20231231
DQC.US.0145.9867,"2024-02-13 18:49:12,506 [DQC.US.0145.9867] The company has reported the concept us-gaap:EffectOfExchangeRateOnCashCashEquivalentsRestrictedCashAndRestrictedCashEquivalents as a descendant of the presentation concept NetCashProvidedByUsedInFinancingActivitiesAbstract.  This concept is not a component of financing activities and should be presented outside of this group in the presentation linkbase.

Rule Element Id:9867
Rule version: 23.0.3 - https://xbrl.fasb.org/us-gaap/2023/elts/us-gaap-2023.xsd 15023",2024-02-13,ERROR,DQC,145,889971,"LIGHTPATH TECHNOLOGIES, INC.",2024-02-08 16:10:00,0001654954-24-001495,US GAAP 2023,XBRL Document Created with XBRLMaster,10-Q,http://www.sec.gov/Archives/edgar/data/889971/000165495424001495/lpth_10q.htm,2024-02-08,2024,673406,https://www.sec.gov/Archives/edgar/data/889971/000165495424001495/0001654954-24-001495-index.htm,3674,10q-lpth-20231231
DQC.US.0145.9867,"2024-02-13 18:49:12,506 [DQC.US.0145.9867] The company has reported the concept us-gaap:InterestPaidNet as a descendant of the presentation concept NetCashProvidedByUsedInFinancingActivitiesAbstract.  This concept is not a component of financing activities and should be presented outside of this group in the presentation linkbase.

Rule Element Id:9867
Rule version: 23.0.3 - https://xbrl.fasb.org/us-gaap/2023/elts/us-gaap-2023.xsd 1827",2024-02-13,ERROR,DQC,145,889971,"LIGHTPATH TECHNOLOGIES, INC.",2024-02-08 16:10:00,0001654954-24-001495,US GAAP 2023,XBRL Document Created with XBRLMaster,10-Q,http://www.sec.gov/Archives/edgar/data/889971/000165495424001495/lpth_10q.htm,2024-02-08,2024,673406,https://www.sec.gov/Archives/edgar/data/889971/000165495424001495/0001654954-24-001495-index.htm,3674,10q-lpth-20231231
DQC.US.0145.9868,"2024-02-13 18:49:12,506 [DQC.US.0145.9868] The company has reported the concept us-gaap:EffectOfExchangeRateOnCashCashEquivalentsRestrictedCashAndRestrictedCashEquivalents as a descendant of the presentation concept NetCashProvidedByUsedInInvestingActivitiesAbstract.  This concept is not a component of investing activities and should be presented outside of this group in the presentation linkbase.

Rule Element Id:9868
Rule version: 23.0.3 - https://xbrl.fasb.org/us-gaap/2023/elts/us-gaap-2023.xsd 15023",2024-02-13,ERROR,DQC,145,889971,"LIGHTPATH TECHNOLOGIES, INC.",2024-02-08 16:10:00,0001654954-24-001495,US GAAP 2023,XBRL Document Created with XBRLMaster,10-Q,http://www.sec.gov/Archives/edgar/data/889971/000165495424001495/lpth_10q.htm,2024-02-08,2024,673406,https://www.sec.gov/Archives/edgar/data/889971/000165495424001495/0001654954-24-001495-index.htm,3674,10q-lpth-20231231
DQC.US.0145.9868,"2024-02-13 18:49:12,507 [DQC.US.0145.9868] The company has reported the concept us-gaap:InterestPaidNet as a descendant of the presentation concept NetCashProvidedByUsedInInvestingActivitiesAbstract.  This concept is not a component of investing activities and should be presented outside of this group in the presentation linkbase.

Rule Element Id:9868
Rule version: 23.0.3 - https://xbrl.fasb.org/us-gaap/2023/elts/us-gaap-2023.xsd 1827",2024-02-13,ERROR,DQC,145,889971,"LIGHTPATH TECHNOLOGIES, INC.",2024-02-08 16:10:00,0001654954-24-001495,US GAAP 2023,XBRL Document Created with XBRLMaster,10-Q,http://www.sec.gov/Archives/edgar/data/889971/000165495424001495/lpth_10q.htm,2024-02-08,2024,673406,https://www.sec.gov/Archives/edgar/data/889971/000165495424001495/0001654954-24-001495-index.htm,3674,10q-lpth-20231231
DQC.US.0145.9868,"2024-02-13 18:49:12,507 [DQC.US.0145.9868] The company has reported the concept us-gaap:NetCashProvidedByUsedInFinancingActivities as a descendant of the presentation concept NetCashProvidedByUsedInInvestingActivitiesAbstract.  This concept is not a component of investing activities and should be presented outside of this group in the presentation linkbase.

Rule Element Id:9868
Rule version: 23.0.3 - https://xbrl.fasb.org/us-gaap/2023/elts/us-gaap-2023.xsd 4598",2024-02-13,ERROR,DQC,145,889971,"LIGHTPATH TECHNOLOGIES, INC.",2024-02-08 16:10:00,0001654954-24-001495,US GAAP 2023,XBRL Document Created with XBRLMaster,10-Q,http://www.sec.gov/Archives/edgar/data/889971/000165495424001495/lpth_10q.htm,2024-02-08,2024,673406,https://www.sec.gov/Archives/edgar/data/889971/000165495424001495/0001654954-24-001495-index.htm,3674,10q-lpth-20231231
DQC.US.0145.9868,"2024-02-13 18:49:12,507 [DQC.US.0145.9868] The company has reported the concept us-gaap:ProceedsFromIssuanceOfSharesUnderIncentiveAndShareBasedCompensationPlans as a descendant of the presentation concept NetCashProvidedByUsedInInvestingActivitiesAbstract.  This concept is not a component of investing activities and should be presented outside of this group in the presentation linkbase.

Rule Element Id:9868
Rule version: 23.0.3 - https://xbrl.fasb.org/us-gaap/2023/elts/us-gaap-2023.xsd 8946",2024-02-13,ERROR,DQC,145,889971,"LIGHTPATH TECHNOLOGIES, INC.",2024-02-08 16:10:00,0001654954-24-001495,US GAAP 2023,XBRL Document Created with XBRLMaster,10-Q,http://www.sec.gov/Archives/edgar/data/889971/000165495424001495/lpth_10q.htm,2024-02-08,2024,673406,https://www.sec.gov/Archives/edgar/data/889971/000165495424001495/0001654954-24-001495-index.htm,3674,10q-lpth-20231231
DQC.US.0145.9867,"2024-02-13 17:00:16,884 [DQC.US.0145.9867] The company has reported the concept us-gaap:EffectOfExchangeRateOnCashCashEquivalentsRestrictedCashAndRestrictedCashEquivalents as a descendant of the presentation concept NetCashProvidedByUsedInFinancingActivitiesAbstract.  This concept is not a component of financing activities and should be presented outside of this group in the presentation linkbase.

Rule Element Id:9867
Rule version: 23.0.3 - https://xbrl.fasb.org/us-gaap/2023/elts/us-gaap-2023.xsd 15023",2024-02-13,ERROR,DQC,145,1037646,Mettler Toledo International Inc,2024-02-09 13:06:00,0001037646-24-000007,US GAAP 2023,XBRL Document Created with the Workiva Platform,10-K,http://www.sec.gov/Archives/edgar/data/1037646/000103764624000007/mtd-20231231.htm,2024-02-09,2024,673612,https://www.sec.gov/Archives/edgar/data/1037646/000103764624000007/0001037646-24-000007-index.htm,3826,10k-mtd-20231231
DQC.US.0145.9867,"2024-02-14 16:50:17,287 [DQC.US.0145.9867] The company has reported the concept us-gaap:InterestPaidNet as a descendant of the presentation concept NetCashProvidedByUsedInFinancingActivitiesAbstract.  This concept is not a component of financing activities and should be presented outside of this group in the presentation linkbase.

Rule Element Id:9867
Rule version: 23.0.3 - https://xbrl.fasb.org/us-gaap/2023/elts/us-gaap-2023.xsd 1827",2024-02-14,ERROR,DQC,145,1643721,"LEAFBUYER TECHNOLOGIES, INC.",2024-02-14 16:05:00,0001477932-24-000728,US GAAP 2023,XBRL Document Created with XBRLMaster,10-Q,http://www.sec.gov/Archives/edgar/data/1643721/000147793224000728/lbuy_10q.htm,2024-02-14,2024,674810,https://www.sec.gov/Archives/edgar/data/1643721/000147793224000728/0001477932-24-000728-index.htm,8742,10q-lbuy-20231231
DQC.US.0145.9868,"2024-02-14 16:50:17,287 [DQC.US.0145.9868] The company has reported the concept us-gaap:InterestPaidNet as a descendant of the presentation concept NetCashProvidedByUsedInInvestingActivitiesAbstract.  This concept is not a component of investing activities and should be presented outside of this group in the presentation linkbase.

Rule Element Id:9868
Rule version: 23.0.3 - https://xbrl.fasb.org/us-gaap/2023/elts/us-gaap-2023.xsd 1827",2024-02-14,ERROR,DQC,145,1643721,"LEAFBUYER TECHNOLOGIES, INC.",2024-02-14 16:05:00,0001477932-24-000728,US GAAP 2023,XBRL Document Created with XBRLMaster,10-Q,http://www.sec.gov/Archives/edgar/data/1643721/000147793224000728/lbuy_10q.htm,2024-02-14,2024,674810,https://www.sec.gov/Archives/edgar/data/1643721/000147793224000728/0001477932-24-000728-index.htm,8742,10q-lbuy-20231231
DQC.US.0145.9868,"2024-02-14 16:50:17,287 [DQC.US.0145.9868] The company has reported the concept us-gaap:NetCashProvidedByUsedInFinancingActivities as a descendant of the presentation concept NetCashProvidedByUsedInInvestingActivitiesAbstract.  This concept is not a component of investing activities and should be presented outside of this group in the presentation linkbase.

Rule Element Id:9868
Rule version: 23.0.3 - https://xbrl.fasb.org/us-gaap/2023/elts/us-gaap-2023.xsd 4598",2024-02-14,ERROR,DQC,145,1643721,"LEAFBUYER TECHNOLOGIES, INC.",2024-02-14 16:05:00,0001477932-24-000728,US GAAP 2023,XBRL Document Created with XBRLMaster,10-Q,http://www.sec.gov/Archives/edgar/data/1643721/000147793224000728/lbuy_10q.htm,2024-02-14,2024,674810,https://www.sec.gov/Archives/edgar/data/1643721/000147793224000728/0001477932-24-000728-index.htm,8742,10q-lbuy-20231231
DQC.US.0145.9867,"2024-02-15 16:05:22,180 [DQC.US.0145.9867] The company has reported the concept us-gaap:InterestPaidNet as a descendant of the presentation concept NetCashProvidedByUsedInFinancingActivitiesAbstract.  This concept is not a component of financing activities and should be presented outside of this group in the presentation linkbase.

Rule Element Id:9867
Rule version: 23.0.3 - https://xbrl.fasb.org/us-gaap/2023/elts/us-gaap-2023.xsd 1827",2024-02-15,ERROR,DQC,145,1796949,"GenFlat Holdings, Inc.",2024-02-15 15:32:00,0001654954-24-001845,US GAAP 2023,XBRL Document Created with XBRLMaster,10-Q,http://www.sec.gov/Archives/edgar/data/1796949/000165495424001845/hbr_10q.htm,2024-02-15,2024,675314,https://www.sec.gov/Archives/edgar/data/1796949/000165495424001845/0001654954-24-001845-index.htm,8742,10q-hbr-20231231
DQC.US.0145.9867,"2024-02-15 16:05:22,181 [DQC.US.0145.9867] The company has reported the concept us-gaap:IncomeTaxesPaid as a descendant of the presentation concept NetCashProvidedByUsedInFinancingActivitiesAbstract.  This concept is not a component of financing activities and should be presented outside of this group in the presentation linkbase.

Rule Element Id:9867
Rule version: 23.0.3 - https://xbrl.fasb.org/us-gaap/2023/elts/us-gaap-2023.xsd 6779",2024-02-15,ERROR,DQC,145,1796949,"GenFlat Holdings, Inc.",2024-02-15 15:32:00,0001654954-24-001845,US GAAP 2023,XBRL Document Created with XBRLMaster,10-Q,http://www.sec.gov/Archives/edgar/data/1796949/000165495424001845/hbr_10q.htm,2024-02-15,2024,675314,https://www.sec.gov/Archives/edgar/data/1796949/000165495424001845/0001654954-24-001845-index.htm,8742,10q-hbr-20231231
DQC.US.0145.9868,"2024-02-15 16:05:22,181 [DQC.US.0145.9868] The company has reported the concept us-gaap:IncomeTaxesPaid as a descendant of the presentation concept NetCashProvidedByUsedInInvestingActivitiesAbstract.  This concept is not a component of investing activities and should be presented outside of this group in the presentation linkbase.

Rule Element Id:9868
Rule version: 23.0.3 - https://xbrl.fasb.org/us-gaap/2023/elts/us-gaap-2023.xsd 6779",2024-02-15,ERROR,DQC,145,1796949,"GenFlat Holdings, Inc.",2024-02-15 15:32:00,0001654954-24-001845,US GAAP 2023,XBRL Document Created with XBRLMaster,10-Q,http://www.sec.gov/Archives/edgar/data/1796949/000165495424001845/hbr_10q.htm,2024-02-15,2024,675314,https://www.sec.gov/Archives/edgar/data/1796949/000165495424001845/0001654954-24-001845-index.htm,8742,10q-hbr-20231231
DQC.US.0145.9868,"2024-02-15 16:05:22,181 [DQC.US.0145.9868] The company has reported the concept us-gaap:InterestPaidNet as a descendant of the presentation concept NetCashProvidedByUsedInInvestingActivitiesAbstract.  This concept is not a component of investing activities and should be presented outside of this group in the presentation linkbase.

Rule Element Id:9868
Rule version: 23.0.3 - https://xbrl.fasb.org/us-gaap/2023/elts/us-gaap-2023.xsd 1827",2024-02-15,ERROR,DQC,145,1796949,"GenFlat Holdings, Inc.",2024-02-15 15:32:00,0001654954-24-001845,US GAAP 2023,XBRL Document Created with XBRLMaster,10-Q,http://www.sec.gov/Archives/edgar/data/1796949/000165495424001845/hbr_10q.htm,2024-02-15,2024,675314,https://www.sec.gov/Archives/edgar/data/1796949/000165495424001845/0001654954-24-001845-index.htm,8742,10q-hbr-20231231
DQC.US.0145.9868,"2024-02-15 16:05:22,181 [DQC.US.0145.9868] The company has reported the concept us-gaap:RepaymentsOfLinesOfCredit as a descendant of the presentation concept NetCashProvidedByUsedInInvestingActivitiesAbstract.  This concept is not a component of investing activities and should be presented outside of this group in the presentation linkbase.

Rule Element Id:9868
Rule version: 23.0.3 - https://xbrl.fasb.org/us-gaap/2023/elts/us-gaap-2023.xsd 5970",2024-02-15,ERROR,DQC,145,1796949,"GenFlat Holdings, Inc.",2024-02-15 15:32:00,0001654954-24-001845,US GAAP 2023,XBRL Document Created with XBRLMaster,10-Q,http://www.sec.gov/Archives/edgar/data/1796949/000165495424001845/hbr_10q.htm,2024-02-15,2024,675314,https://www.sec.gov/Archives/edgar/data/1796949/000165495424001845/0001654954-24-001845-index.htm,8742,10q-hbr-20231231
DQC.US.0145.9868,"2024-02-15 16:05:22,182 [DQC.US.0145.9868] The company has reported the concept us-gaap:NetCashProvidedByUsedInFinancingActivities as a descendant of the presentation concept NetCashProvidedByUsedInInvestingActivitiesAbstract.  This concept is not a component of investing activities and should be presented outside of this group in the presentation linkbase.

Rule Element Id:9868
Rule version: 23.0.3 - https://xbrl.fasb.org/us-gaap/2023/elts/us-gaap-2023.xsd 4598",2024-02-15,ERROR,DQC,145,1796949,"GenFlat Holdings, Inc.",2024-02-15 15:32:00,0001654954-24-001845,US GAAP 2023,XBRL Document Created with XBRLMaster,10-Q,http://www.sec.gov/Archives/edgar/data/1796949/000165495424001845/hbr_10q.htm,2024-02-15,2024,675314,https://www.sec.gov/Archives/edgar/data/1796949/000165495424001845/0001654954-24-001845-index.htm,8742,10q-hbr-20231231
DQC.US.0145.9868,"2024-02-15 16:05:22,182 [DQC.US.0145.9868] The company has reported the concept us-gaap:ProceedsFromIssuanceOfCommonStock as a descendant of the presentation concept NetCashProvidedByUsedInInvestingActivitiesAbstract.  This concept is not a component of investing activities and should be presented outside of this group in the presentation linkbase.

Rule Element Id:9868
Rule version: 23.0.3 - https://xbrl.fasb.org/us-gaap/2023/elts/us-gaap-2023.xsd 5508",2024-02-15,ERROR,DQC,145,1796949,"GenFlat Holdings, Inc.",2024-02-15 15:32:00,0001654954-24-001845,US GAAP 2023,XBRL Document Created with XBRLMaster,10-Q,http://www.sec.gov/Archives/edgar/data/1796949/000165495424001845/hbr_10q.htm,2024-02-15,2024,675314,https://www.sec.gov/Archives/edgar/data/1796949/000165495424001845/0001654954-24-001845-index.htm,8742,10q-hbr-20231231
DQC.US.0145.9868,"2024-02-15 16:05:22,182 [DQC.US.0145.9868] The company has reported the concept us-gaap:RepaymentsOfNotesPayable as a descendant of the presentation concept NetCashProvidedByUsedInInvestingActivitiesAbstract.  This concept is not a component of investing activities and should be presented outside of this group in the presentation linkbase.

Rule Element Id:9868
Rule version: 23.0.3 - https://xbrl.fasb.org/us-gaap/2023/elts/us-gaap-2023.xsd 5977",2024-02-15,ERROR,DQC,145,1796949,"GenFlat Holdings, Inc.",2024-02-15 15:32:00,0001654954-24-001845,US GAAP 2023,XBRL Document Created with XBRLMaster,10-Q,http://www.sec.gov/Archives/edgar/data/1796949/000165495424001845/hbr_10q.htm,2024-02-15,2024,675314,https://www.sec.gov/Archives/edgar/data/1796949/000165495424001845/0001654954-24-001845-index.htm,8742,10q-hbr-20231231
DQC.US.0145.9867,"2024-02-16 14:17:59,050 [DQC.US.0145.9867] The company has reported the concept us-gaap:IncomeTaxesPaid as a descendant of the presentation concept NetCashProvidedByUsedInFinancingActivitiesAbstract.  This concept is not a component of financing activities and should be presented outside of this group in the presentation linkbase.

Rule Element Id:9867
Rule version: 23.0.4 - https://xbrl.fasb.org/us-gaap/2023/elts/us-gaap-2023.xsd 6779",2024-02-16,ERROR,DQC,145,1331612,"Innovative MedTech, Inc.",2024-02-16 13:39:00,0001477932-24-000788,US GAAP 2023,XBRL Document Created with XBRLMaster,10-Q,http://www.sec.gov/Archives/edgar/data/1331612/000147793224000788/imth_10q.htm,2024-02-16,2024,675698,https://www.sec.gov/Archives/edgar/data/1331612/000147793224000788/0001477932-24-000788-index.htm,5040,10q-imth-20231231
DQC.US.0145.9867,"2024-02-16 14:17:59,050 [DQC.US.0145.9867] The company has reported the concept us-gaap:InterestPaidNet as a descendant of the presentation concept NetCashProvidedByUsedInFinancingActivitiesAbstract.  This concept is not a component of financing activities and should be presented outside of this group in the presentation linkbase.

Rule Element Id:9867
Rule version: 23.0.4 - https://xbrl.fasb.org/us-gaap/2023/elts/us-gaap-2023.xsd 1827",2024-02-16,ERROR,DQC,145,1331612,"Innovative MedTech, Inc.",2024-02-16 13:39:00,0001477932-24-000788,US GAAP 2023,XBRL Document Created with XBRLMaster,10-Q,http://www.sec.gov/Archives/edgar/data/1331612/000147793224000788/imth_10q.htm,2024-02-16,2024,675698,https://www.sec.gov/Archives/edgar/data/1331612/000147793224000788/0001477932-24-000788-index.htm,5040,10q-imth-20231231
DQC.US.0145.9868,"2024-02-16 14:17:59,050 [DQC.US.0145.9868] The company has reported the concept us-gaap:ProceedsFromNotesPayable as a descendant of the presentation concept NetCashProvidedByUsedInInvestingActivitiesAbstract.  This concept is not a component of investing activities and should be presented outside of this group in the presentation linkbase.

Rule Element Id:9868
Rule version: 23.0.4 - https://xbrl.fasb.org/us-gaap/2023/elts/us-gaap-2023.xsd 5540",2024-02-16,ERROR,DQC,145,1331612,"Innovative MedTech, Inc.",2024-02-16 13:39:00,0001477932-24-000788,US GAAP 2023,XBRL Document Created with XBRLMaster,10-Q,http://www.sec.gov/Archives/edgar/data/1331612/000147793224000788/imth_10q.htm,2024-02-16,2024,675698,https://www.sec.gov/Archives/edgar/data/1331612/000147793224000788/0001477932-24-000788-index.htm,5040,10q-imth-20231231
DQC.US.0145.9868,"2024-02-16 14:17:59,051 [DQC.US.0145.9868] The company has reported the concept us-gaap:FinanceLeasePrincipalPayments as a descendant of the presentation concept NetCashProvidedByUsedInInvestingActivitiesAbstract.  This concept is not a component of investing activities and should be presented outside of this group in the presentation linkbase.

Rule Element Id:9868
Rule version: 23.0.4 - https://xbrl.fasb.org/us-gaap/2023/elts/us-gaap-2023.xsd 15057",2024-02-16,ERROR,DQC,145,1331612,"Innovative MedTech, Inc.",2024-02-16 13:39:00,0001477932-24-000788,US GAAP 2023,XBRL Document Created with XBRLMaster,10-Q,http://www.sec.gov/Archives/edgar/data/1331612/000147793224000788/imth_10q.htm,2024-02-16,2024,675698,https://www.sec.gov/Archives/edgar/data/1331612/000147793224000788/0001477932-24-000788-index.htm,5040,10q-imth-20231231
DQC.US.0145.9868,"2024-02-16 14:17:59,051 [DQC.US.0145.9868] The company has reported the concept us-gaap:ProceedsFromLinesOfCredit as a descendant of the presentation concept NetCashProvidedByUsedInInvestingActivitiesAbstract.  This concept is not a component of investing activities and should be presented outside of this group in the presentation linkbase.

Rule Element Id:9868
Rule version: 23.0.4 - https://xbrl.fasb.org/us-gaap/2023/elts/us-gaap-2023.xsd 5527",2024-02-16,ERROR,DQC,145,1331612,"Innovative MedTech, Inc.",2024-02-16 13:39:00,0001477932-24-000788,US GAAP 2023,XBRL Document Created with XBRLMaster,10-Q,http://www.sec.gov/Archives/edgar/data/1331612/000147793224000788/imth_10q.htm,2024-02-16,2024,675698,https://www.sec.gov/Archives/edgar/data/1331612/000147793224000788/0001477932-24-000788-index.htm,5040,10q-imth-20231231
DQC.US.0145.9868,"2024-02-16 14:17:59,051 [DQC.US.0145.9868] The company has reported the concept us-gaap:ProceedsFromRelatedPartyDebt as a descendant of the presentation concept NetCashProvidedByUsedInInvestingActivitiesAbstract.  This concept is not a component of investing activities and should be presented outside of this group in the presentation linkbase.

Rule Element Id:9868
Rule version: 23.0.4 - https://xbrl.fasb.org/us-gaap/2023/elts/us-gaap-2023.xsd 5550",2024-02-16,ERROR,DQC,145,1331612,"Innovative MedTech, Inc.",2024-02-16 13:39:00,0001477932-24-000788,US GAAP 2023,XBRL Document Created with XBRLMaster,10-Q,http://www.sec.gov/Archives/edgar/data/1331612/000147793224000788/imth_10q.htm,2024-02-16,2024,675698,https://www.sec.gov/Archives/edgar/data/1331612/000147793224000788/0001477932-24-000788-index.htm,5040,10q-imth-20231231
DQC.US.0145.9868,"2024-02-16 14:17:59,051 [DQC.US.0145.9868] The company has reported the concept us-gaap:RepaymentsOfLinesOfCredit as a descendant of the presentation concept NetCashProvidedByUsedInInvestingActivitiesAbstract.  This concept is not a component of investing activities and should be presented outside of this group in the presentation linkbase.

Rule Element Id:9868
Rule version: 23.0.4 - https://xbrl.fasb.org/us-gaap/2023/elts/us-gaap-2023.xsd 5970",2024-02-16,ERROR,DQC,145,1331612,"Innovative MedTech, Inc.",2024-02-16 13:39:00,0001477932-24-000788,US GAAP 2023,XBRL Document Created with XBRLMaster,10-Q,http://www.sec.gov/Archives/edgar/data/1331612/000147793224000788/imth_10q.htm,2024-02-16,2024,675698,https://www.sec.gov/Archives/edgar/data/1331612/000147793224000788/0001477932-24-000788-index.htm,5040,10q-imth-20231231
DQC.US.0145.9868,"2024-02-16 14:17:59,052 [DQC.US.0145.9868] The company has reported the concept us-gaap:IncomeTaxesPaid as a descendant of the presentation concept NetCashProvidedByUsedInInvestingActivitiesAbstract.  This concept is not a component of investing activities and should be presented outside of this group in the presentation linkbase.

Rule Element Id:9868
Rule version: 23.0.4 - https://xbrl.fasb.org/us-gaap/2023/elts/us-gaap-2023.xsd 6779",2024-02-16,ERROR,DQC,145,1331612,"Innovative MedTech, Inc.",2024-02-16 13:39:00,0001477932-24-000788,US GAAP 2023,XBRL Document Created with XBRLMaster,10-Q,http://www.sec.gov/Archives/edgar/data/1331612/000147793224000788/imth_10q.htm,2024-02-16,2024,675698,https://www.sec.gov/Archives/edgar/data/1331612/000147793224000788/0001477932-24-000788-index.htm,5040,10q-imth-20231231
DQC.US.0145.9868,"2024-02-16 14:17:59,052 [DQC.US.0145.9868] The company has reported the concept us-gaap:InterestPaidNet as a descendant of the presentation concept NetCashProvidedByUsedInInvestingActivitiesAbstract.  This concept is not a component of investing activities and should be presented outside of this group in the presentation linkbase.

Rule Element Id:9868
Rule version: 23.0.4 - https://xbrl.fasb.org/us-gaap/2023/elts/us-gaap-2023.xsd 1827",2024-02-16,ERROR,DQC,145,1331612,"Innovative MedTech, Inc.",2024-02-16 13:39:00,0001477932-24-000788,US GAAP 2023,XBRL Document Created with XBRLMaster,10-Q,http://www.sec.gov/Archives/edgar/data/1331612/000147793224000788/imth_10q.htm,2024-02-16,2024,675698,https://www.sec.gov/Archives/edgar/data/1331612/000147793224000788/0001477932-24-000788-index.htm,5040,10q-imth-20231231
DQC.US.0145.9868,"2024-02-16 14:17:59,052 [DQC.US.0145.9868] The company has reported the concept us-gaap:NetCashProvidedByUsedInFinancingActivities as a descendant of the presentation concept NetCashProvidedByUsedInInvestingActivitiesAbstract.  This concept is not a component of investing activities and should be presented outside of this group in the presentation linkbase.

Rule Element Id:9868
Rule version: 23.0.4 - https://xbrl.fasb.org/us-gaap/2023/elts/us-gaap-2023.xsd 4598",2024-02-16,ERROR,DQC,145,1331612,"Innovative MedTech, Inc.",2024-02-16 13:39:00,0001477932-24-000788,US GAAP 2023,XBRL Document Created with XBRLMaster,10-Q,http://www.sec.gov/Archives/edgar/data/1331612/000147793224000788/imth_10q.htm,2024-02-16,2024,675698,https://www.sec.gov/Archives/edgar/data/1331612/000147793224000788/0001477932-24-000788-index.htm,5040,10q-imth-20231231
DQC.US.0145.9867,"2024-02-16 15:21:25,038 [DQC.US.0145.9867] The company has reported the concept us-gaap:EffectOfExchangeRateOnCashCashEquivalentsRestrictedCashAndRestrictedCashEquivalentsIncludingDisposalGroupAndDiscontinuedOperations as a descendant of the presentation concept NetCashProvidedByUsedInFinancingActivitiesAbstract.  This concept is not a component of financing activities and should be presented outside of this group in the presentation linkbase.

Rule Element Id:9867
Rule version: 23.0.4 - https://xbrl.fasb.org/us-gaap/2023/elts/us-gaap-2023.xsd 15025",2024-02-16,ERROR,DQC,145,855658,Lattice Semiconductor Corporation,2024-02-16 14:56:00,0001437749-24-004522,US GAAP 2023,Generated by ThunderDome XBRL - 06:08PM UTC 2024-02-16,10-K,http://www.sec.gov/Archives/edgar/data/855658/000143774924004522/lscc20231206_10k.htm,2024-02-16,2024,675714,https://www.sec.gov/Archives/edgar/data/855658/000143774924004522/0001437749-24-004522-index.htm,3674,10k-lscc-20231230
DQC.US.0145.9867,"2024-11-22 17:46:06,598 [DQC.US.0145.9867] The company has reported the concept us-gaap:ProceedsFromLoans as a descendant of the presentation concept NetCashProvidedByUsedInFinancingActivitiesAbstract.  This concept is not a component of financing activities and should be presented outside of this group in the presentation linkbase.

Rule Element Id:9867
Rule version: 25.0.5 - https://xbrl.fasb.org/us-gaap/2024/elts/us-gaap-2024.xsd 2087",2024-11-22,ERROR,DQC,145,1230524,"Leopard Energy, Inc.",2024-11-22 16:05:00,0001477932-24-007579,US GAAP 2024,XBRL Document Created with XBRLMaster,10-K,http://www.sec.gov/Archives/edgar/data/1230524/000147793224007579/cyap_10k.htm,2024-11-22,2024,783794,https://www.sec.gov/Archives/edgar/data/1230524/000147793224007579/0001477932-24-007579-index.htm,8742,10k-cyap-20240731
DQC.US.0145.9868,"2024-11-22 17:46:06,599 [DQC.US.0145.9868] The company has reported the concept us-gaap:NetCashProvidedByUsedInFinancingActivities as a descendant of the presentation concept NetCashProvidedByUsedInInvestingActivitiesAbstract.  This concept is not a component of investing activities and should be presented outside of this group in the presentation linkbase.

Rule Element Id:9868
Rule version: 25.0.5 - https://xbrl.fasb.org/us-gaap/2024/elts/us-gaap-2024.xsd 4808",2024-11-22,ERROR,DQC,145,1230524,"Leopard Energy, Inc.",2024-11-22 16:05:00,0001477932-24-007579,US GAAP 2024,XBRL Document Created with XBRLMaster,10-K,http://www.sec.gov/Archives/edgar/data/1230524/000147793224007579/cyap_10k.htm,2024-11-22,2024,783794,https://www.sec.gov/Archives/edgar/data/1230524/000147793224007579/0001477932-24-007579-index.htm,8742,10k-cyap-20240731
DQC.US.0145.9868,"2024-11-22 17:46:06,599 [DQC.US.0145.9868] The company has reported the concept us-gaap:ProceedsFromConvertibleDebt as a descendant of the presentation concept NetCashProvidedByUsedInInvestingActivitiesAbstract.  This concept is not a component of investing activities and should be presented outside of this group in the presentation linkbase.

Rule Element Id:9868
Rule version: 25.0.5 - https://xbrl.fasb.org/us-gaap/2024/elts/us-gaap-2024.xsd 5570",2024-11-22,ERROR,DQC,145,1230524,"Leopard Energy, Inc.",2024-11-22 16:05:00,0001477932-24-007579,US GAAP 2024,XBRL Document Created with XBRLMaster,10-K,http://www.sec.gov/Archives/edgar/data/1230524/000147793224007579/cyap_10k.htm,2024-11-22,2024,783794,https://www.sec.gov/Archives/edgar/data/1230524/000147793224007579/0001477932-24-007579-index.htm,8742,10k-cyap-20240731
DQC.US.0145.9868,"2024-11-22 17:46:06,599 [DQC.US.0145.9868] The company has reported the concept us-gaap:ProceedsFromLoans as a descendant of the presentation concept NetCashProvidedByUsedInInvestingActivitiesAbstract.  This concept is not a component of investing activities and should be presented outside of this group in the presentation linkbase.

Rule Element Id:9868
Rule version: 25.0.5 - https://xbrl.fasb.org/us-gaap/2024/elts/us-gaap-2024.xsd 2087",2024-11-22,ERROR,DQC,145,1230524,"Leopard Energy, Inc.",2024-11-22 16:05:00,0001477932-24-007579,US GAAP 2024,XBRL Document Created with XBRLMaster,10-K,http://www.sec.gov/Archives/edgar/data/1230524/000147793224007579/cyap_10k.htm,2024-11-22,2024,783794,https://www.sec.gov/Archives/edgar/data/1230524/000147793224007579/0001477932-24-007579-index.htm,8742,10k-cyap-20240731
DQC.US.0145.9868,"2024-11-22 17:46:06,599 [DQC.US.0145.9868] The company has reported the concept us-gaap:RepaymentsOfConvertibleDebt as a descendant of the presentation concept NetCashProvidedByUsedInInvestingActivitiesAbstract.  This concept is not a component of investing activities and should be presented outside of this group in the presentation linkbase.

Rule Element Id:9868
Rule version: 25.0.5 - https://xbrl.fasb.org/us-gaap/2024/elts/us-gaap-2024.xsd 6072",2024-11-22,ERROR,DQC,145,1230524,"Leopard Energy, Inc.",2024-11-22 16:05:00,0001477932-24-007579,US GAAP 2024,XBRL Document Created with XBRLMaster,10-K,http://www.sec.gov/Archives/edgar/data/1230524/000147793224007579/cyap_10k.htm,2024-11-22,2024,783794,https://www.sec.gov/Archives/edgar/data/1230524/000147793224007579/0001477932-24-007579-index.htm,8742,10k-cyap-20240731
DQC.US.0145.9867,"2024-11-21 06:48:02,589 [DQC.US.0145.9867] The company has reported the concept us-gaap:InterestPaidNet as a descendant of the presentation concept NetCashProvidedByUsedInFinancingActivitiesAbstract.  This concept is not a component of financing activities and should be presented outside of this group in the presentation linkbase.

Rule Element Id:9867
Rule version: 25.0.5 - https://xbrl.fasb.org/us-gaap/2024/elts/us-gaap-2024.xsd 2106",2024-11-21,ERROR,DQC,145,1643721,"LEAFBUYER TECHNOLOGIES, INC.",2024-11-19 17:15:00,0001477932-24-007475,US GAAP 2024,XBRL Document Created with XBRLMaster,10-Q,http://www.sec.gov/Archives/edgar/data/1643721/000147793224007475/lbuy_10q.htm,2024-11-19,2024,783107,https://www.sec.gov/Archives/edgar/data/1643721/000147793224007475/0001477932-24-007475-index.htm,8742,10q-lbuy-20240930
DQC.US.0145.9867,"2024-11-18 19:16:11,733 [DQC.US.0145.9867] The company has reported the concept us-gaap:IncomeTaxesPaid as a descendant of the presentation concept NetCashProvidedByUsedInFinancingActivitiesAbstract.  This concept is not a component of financing activities and should be presented outside of this group in the presentation linkbase.

Rule Element Id:9867
Rule version: 25.0.4 - https://xbrl.fasb.org/us-gaap/2024/elts/us-gaap-2024.xsd 6847",2024-11-19,ERROR,DQC,145,1796949,"GenFlat Holdings, Inc.",2024-11-15 17:03:00,0001654954-24-014560,US GAAP 2024,XBRL Document Created with XBRLMaster,10-Q,http://www.sec.gov/Archives/edgar/data/1796949/000165495424014560/hbr_10q.htm,2024-11-15,2024,781521,https://www.sec.gov/Archives/edgar/data/1796949/000165495424014560/0001654954-24-014560-index.htm,8742,10q-hbr-20240930
DQC.US.0145.9867,"2024-11-18 19:16:11,733 [DQC.US.0145.9867] The company has reported the concept us-gaap:InterestPaidNet as a descendant of the presentation concept NetCashProvidedByUsedInFinancingActivitiesAbstract.  This concept is not a component of financing activities and should be presented outside of this group in the presentation linkbase.

Rule Element Id:9867
Rule version: 25.0.4 - https://xbrl.fasb.org/us-gaap/2024/elts/us-gaap-2024.xsd 2106",2024-11-19,ERROR,DQC,145,1796949,"GenFlat Holdings, Inc.",2024-11-15 17:03:00,0001654954-24-014560,US GAAP 2024,XBRL Document Created with XBRLMaster,10-Q,http://www.sec.gov/Archives/edgar/data/1796949/000165495424014560/hbr_10q.htm,2024-11-15,2024,781521,https://www.sec.gov/Archives/edgar/data/1796949/000165495424014560/0001654954-24-014560-index.htm,8742,10q-hbr-20240930
DQC.US.0145.9868,"2024-11-18 19:16:11,734 [DQC.US.0145.9868] The company has reported the concept us-gaap:IncomeTaxesPaid as a descendant of the presentation concept NetCashProvidedByUsedInInvestingActivitiesAbstract.  This concept is not a component of investing activities and should be presented outside of this group in the presentation linkbase.

Rule Element Id:9868
Rule version: 25.0.4 - https://xbrl.fasb.org/us-gaap/2024/elts/us-gaap-2024.xsd 6847",2024-11-19,ERROR,DQC,145,1796949,"GenFlat Holdings, Inc.",2024-11-15 17:03:00,0001654954-24-014560,US GAAP 2024,XBRL Document Created with XBRLMaster,10-Q,http://www.sec.gov/Archives/edgar/data/1796949/000165495424014560/hbr_10q.htm,2024-11-15,2024,781521,https://www.sec.gov/Archives/edgar/data/1796949/000165495424014560/0001654954-24-014560-index.htm,8742,10q-hbr-20240930
DQC.US.0145.9868,"2024-11-18 19:16:11,734 [DQC.US.0145.9868] The company has reported the concept us-gaap:InterestPaidNet as a descendant of the presentation concept NetCashProvidedByUsedInInvestingActivitiesAbstract.  This concept is not a component of investing activities and should be presented outside of this group in the presentation linkbase.

Rule Element Id:9868
Rule version: 25.0.4 - https://xbrl.fasb.org/us-gaap/2024/elts/us-gaap-2024.xsd 2106",2024-11-19,ERROR,DQC,145,1796949,"GenFlat Holdings, Inc.",2024-11-15 17:03:00,0001654954-24-014560,US GAAP 2024,XBRL Document Created with XBRLMaster,10-Q,http://www.sec.gov/Archives/edgar/data/1796949/000165495424014560/hbr_10q.htm,2024-11-15,2024,781521,https://www.sec.gov/Archives/edgar/data/1796949/000165495424014560/0001654954-24-014560-index.htm,8742,10q-hbr-20240930
DQC.US.0145.9868,"2024-11-18 19:16:11,734 [DQC.US.0145.9868] The company has reported the concept us-gaap:NetCashProvidedByUsedInFinancingActivities as a descendant of the presentation concept NetCashProvidedByUsedInInvestingActivitiesAbstract.  This concept is not a component of investing activities and should be presented outside of this group in the presentation linkbase.

Rule Element Id:9868
Rule version: 25.0.4 - https://xbrl.fasb.org/us-gaap/2024/elts/us-gaap-2024.xsd 4808",2024-11-19,ERROR,DQC,145,1796949,"GenFlat Holdings, Inc.",2024-11-15 17:03:00,0001654954-24-014560,US GAAP 2024,XBRL Document Created with XBRLMaster,10-Q,http://www.sec.gov/Archives/edgar/data/1796949/000165495424014560/hbr_10q.htm,2024-11-15,2024,781521,https://www.sec.gov/Archives/edgar/data/1796949/000165495424014560/0001654954-24-014560-index.htm,8742,10q-hbr-20240930
DQC.US.0145.9868,"2024-11-18 19:16:11,734 [DQC.US.0145.9868] The company has reported the concept us-gaap:ProceedsFromIssuanceOfCommonStock as a descendant of the presentation concept NetCashProvidedByUsedInInvestingActivitiesAbstract.  This concept is not a component of investing activities and should be presented outside of this group in the presentation linkbase.

Rule Element Id:9868
Rule version: 25.0.4 - https://xbrl.fasb.org/us-gaap/2024/elts/us-gaap-2024.xsd 5588",2024-11-19,ERROR,DQC,145,1796949,"GenFlat Holdings, Inc.",2024-11-15 17:03:00,0001654954-24-014560,US GAAP 2024,XBRL Document Created with XBRLMaster,10-Q,http://www.sec.gov/Archives/edgar/data/1796949/000165495424014560/hbr_10q.htm,2024-11-15,2024,781521,https://www.sec.gov/Archives/edgar/data/1796949/000165495424014560/0001654954-24-014560-index.htm,8742,10q-hbr-20240930
DQC.US.0145.9868,"2024-11-18 19:16:11,734 [DQC.US.0145.9868] The company has reported the concept us-gaap:ProceedsFromRelatedPartyDebt as a descendant of the presentation concept NetCashProvidedByUsedInInvestingActivitiesAbstract.  This concept is not a component of investing activities and should be presented outside of this group in the presentation linkbase.

Rule Element Id:9868
Rule version: 25.0.4 - https://xbrl.fasb.org/us-gaap/2024/elts/us-gaap-2024.xsd 5630",2024-11-19,ERROR,DQC,145,1796949,"GenFlat Holdings, Inc.",2024-11-15 17:03:00,0001654954-24-014560,US GAAP 2024,XBRL Document Created with XBRLMaster,10-Q,http://www.sec.gov/Archives/edgar/data/1796949/000165495424014560/hbr_10q.htm,2024-11-15,2024,781521,https://www.sec.gov/Archives/edgar/data/1796949/000165495424014560/0001654954-24-014560-index.htm,8742,10q-hbr-20240930
DQC.US.0145.9868,"2024-11-18 19:16:11,734 [DQC.US.0145.9868] The company has reported the concept us-gaap:RepaymentsOfNotesPayable as a descendant of the presentation concept NetCashProvidedByUsedInInvestingActivitiesAbstract.  This concept is not a component of investing activities and should be presented outside of this group in the presentation linkbase.

Rule Element Id:9868
Rule version: 25.0.4 - https://xbrl.fasb.org/us-gaap/2024/elts/us-gaap-2024.xsd 6048",2024-11-19,ERROR,DQC,145,1796949,"GenFlat Holdings, Inc.",2024-11-15 17:03:00,0001654954-24-014560,US GAAP 2024,XBRL Document Created with XBRLMaster,10-Q,http://www.sec.gov/Archives/edgar/data/1796949/000165495424014560/hbr_10q.htm,2024-11-15,2024,781521,https://www.sec.gov/Archives/edgar/data/1796949/000165495424014560/0001654954-24-014560-index.htm,8742,10q-hbr-20240930
DQC.US.0145.9868,"2024-11-18 19:16:11,734 [DQC.US.0145.9868] The company has reported the concept us-gaap:RepaymentsOfRelatedPartyDebt as a descendant of the presentation concept NetCashProvidedByUsedInInvestingActivitiesAbstract.  This concept is not a component of investing activities and should be presented outside of this group in the presentation linkbase.

Rule Element Id:9868
Rule version: 25.0.4 - https://xbrl.fasb.org/us-gaap/2024/elts/us-gaap-2024.xsd 6055",2024-11-19,ERROR,DQC,145,1796949,"GenFlat Holdings, Inc.",2024-11-15 17:03:00,0001654954-24-014560,US GAAP 2024,XBRL Document Created with XBRLMaster,10-Q,http://www.sec.gov/Archives/edgar/data/1796949/000165495424014560/hbr_10q.htm,2024-11-15,2024,781521,https://www.sec.gov/Archives/edgar/data/1796949/000165495424014560/0001654954-24-014560-index.htm,8742,10q-hbr-20240930
DQC.US.0145.9867,"2024-11-19 14:46:45,367 [DQC.US.0145.9867] The company has reported the concept us-gaap:EffectOfExchangeRateOnCashCashEquivalentsRestrictedCashAndRestrictedCashEquivalents as a descendant of the presentation concept NetCashProvidedByUsedInFinancingActivitiesAbstract.  This concept is not a component of financing activities and should be presented outside of this group in the presentation linkbase.

Rule Element Id:9867
Rule version: 25.0.5 - https://xbrl.fasb.org/us-gaap/2024/elts/us-gaap-2024.xsd 15033",2024-11-19,ERROR,DQC,145,87802,"SCIENTIFIC INDUSTRIES, INC.",2024-11-14 16:14:00,0001654954-24-014460,US GAAP 2024,XBRL Document Created with XBRLMaster,10-Q,http://www.sec.gov/Archives/edgar/data/87802/000165495424014460/scnd_10q.htm,2024-11-14,2024,781989,https://www.sec.gov/Archives/edgar/data/87802/000165495424014460/0001654954-24-014460-index.htm,3826,10q-scnd-20240930
DQC.US.0145.9868,"2024-11-19 14:46:45,367 [DQC.US.0145.9868] The company has reported the concept us-gaap:ProceedsFromIssuanceOfCommonStock as a descendant of the presentation concept NetCashProvidedByUsedInInvestingActivitiesAbstract.  This concept is not a component of investing activities and should be presented outside of this group in the presentation linkbase.

Rule Element Id:9868
Rule version: 25.0.5 - https://xbrl.fasb.org/us-gaap/2024/elts/us-gaap-2024.xsd 5588",2024-11-19,ERROR,DQC,145,87802,"SCIENTIFIC INDUSTRIES, INC.",2024-11-14 16:14:00,0001654954-24-014460,US GAAP 2024,XBRL Document Created with XBRLMaster,10-Q,http://www.sec.gov/Archives/edgar/data/87802/000165495424014460/scnd_10q.htm,2024-11-14,2024,781989,https://www.sec.gov/Archives/edgar/data/87802/000165495424014460/0001654954-24-014460-index.htm,3826,10q-scnd-20240930
DQC.US.0145.9868,"2024-11-19 14:46:45,368 [DQC.US.0145.9868] The company has reported the concept us-gaap:EffectOfExchangeRateOnCashCashEquivalentsRestrictedCashAndRestrictedCashEquivalents as a descendant of the presentation concept NetCashProvidedByUsedInInvestingActivitiesAbstract.  This concept is not a component of investing activities and should be presented outside of this group in the presentation linkbase.

Rule Element Id:9868
Rule version: 25.0.5 - https://xbrl.fasb.org/us-gaap/2024/elts/us-gaap-2024.xsd 15033",2024-11-19,ERROR,DQC,145,87802,"SCIENTIFIC INDUSTRIES, INC.",2024-11-14 16:14:00,0001654954-24-014460,US GAAP 2024,XBRL Document Created with XBRLMaster,10-Q,http://www.sec.gov/Archives/edgar/data/87802/000165495424014460/scnd_10q.htm,2024-11-14,2024,781989,https://www.sec.gov/Archives/edgar/data/87802/000165495424014460/0001654954-24-014460-index.htm,3826,10q-scnd-20240930
DQC.US.0145.9868,"2024-11-19 14:46:45,368 [DQC.US.0145.9868] The company has reported the concept us-gaap:NetCashProvidedByUsedInFinancingActivities as a descendant of the presentation concept NetCashProvidedByUsedInInvestingActivitiesAbstract.  This concept is not a component of investing activities and should be presented outside of this group in the presentation linkbase.

Rule Element Id:9868
Rule version: 25.0.5 - https://xbrl.fasb.org/us-gaap/2024/elts/us-gaap-2024.xsd 4808",2024-11-19,ERROR,DQC,145,87802,"SCIENTIFIC INDUSTRIES, INC.",2024-11-14 16:14:00,0001654954-24-014460,US GAAP 2024,XBRL Document Created with XBRLMaster,10-Q,http://www.sec.gov/Archives/edgar/data/87802/000165495424014460/scnd_10q.htm,2024-11-14,2024,781989,https://www.sec.gov/Archives/edgar/data/87802/000165495424014460/0001654954-24-014460-index.htm,3826,10q-scnd-20240930
DQC.US.0145.9868,"2024-11-19 14:46:45,368 [DQC.US.0145.9868] The company has reported the concept us-gaap:PaymentsOfStockIssuanceCosts as a descendant of the presentation concept NetCashProvidedByUsedInInvestingActivitiesAbstract.  This concept is not a component of investing activities and should be presented outside of this group in the presentation linkbase.

Rule Element Id:9868
Rule version: 25.0.5 - https://xbrl.fasb.org/us-gaap/2024/elts/us-gaap-2024.xsd 6737",2024-11-19,ERROR,DQC,145,87802,"SCIENTIFIC INDUSTRIES, INC.",2024-11-14 16:14:00,0001654954-24-014460,US GAAP 2024,XBRL Document Created with XBRLMaster,10-Q,http://www.sec.gov/Archives/edgar/data/87802/000165495424014460/scnd_10q.htm,2024-11-14,2024,781989,https://www.sec.gov/Archives/edgar/data/87802/000165495424014460/0001654954-24-014460-index.htm,3826,10q-scnd-20240930
DQC.US.0145.9868,"2024-11-19 14:46:45,368 [DQC.US.0145.9868] The company has reported the concept us-gaap:ProceedsFromRepaymentsOfBankOverdrafts as a descendant of the presentation concept NetCashProvidedByUsedInInvestingActivitiesAbstract.  This concept is not a component of investing activities and should be presented outside of this group in the presentation linkbase.

Rule Element Id:9868
Rule version: 25.0.5 - https://xbrl.fasb.org/us-gaap/2024/elts/us-gaap-2024.xsd 2194",2024-11-19,ERROR,DQC,145,87802,"SCIENTIFIC INDUSTRIES, INC.",2024-11-14 16:14:00,0001654954-24-014460,US GAAP 2024,XBRL Document Created with XBRLMaster,10-Q,http://www.sec.gov/Archives/edgar/data/87802/000165495424014460/scnd_10q.htm,2024-11-14,2024,781989,https://www.sec.gov/Archives/edgar/data/87802/000165495424014460/0001654954-24-014460-index.htm,3826,10q-scnd-20240930
