assertion.code,assertion.detail,assertion.run-date,assertion.severity,assertion.source,assertion.type,entity.cik,entity.name,report.accepted-timestamp,report.accession,report.base-taxonomy,report.creation-software,report.document-type,report.entry-url,report.filing-date,report.filing-year,report.id,report.sec-url,report.sic-code,folder_name
DQC.US.0001.75,"2022-03-09 20:00:03,342 [DQC.US.0001.75] The concept NetIncomeLoss with a value of 0 is dimensionally qualified with the StatementEquityComponentsAxis and the base taxonomy member SeriesEPreferredStockMember. Only extension members and the elements defined as children of this axis in the US GAAP taxonomy should be used with the axis StatementEquityComponentsAxis. 
When using the member SeriesEPreferredStockMember this member should be used on the class of stock axis and not the StatementEquityComponentsAxis. Any facts reported using the member SeriesEPreferredStockMember should have both the StatementClassOfStockAxis and the StatementEquityComponentsAxis axis associated with the fact. The StatementEquityComponentsAxis should use a generic stock type like CommonStockMember, PreferredStockMember etc.
The properties of the fact for NetIncomeLoss are:
Period: 2019-10-01 to 2020-09-30
Dimensions: us-gaap:StatementEquityComponentsAxis=us-gaap:SeriesEPreferredStockMember 
Unit: USD

Rule Element Id:75
Rule version: 17.0.2 - cyca-20210930.xml 1200",2022-03-10,ERROR,DQC,1,1383088,CYTTA CORP.,2022-01-12 13:46:00,0001477932-22-000209,US GAAP 2020,XBRL Document Created with XBRLMaster,10-K,http://www.sec.gov/Archives/edgar/data/1383088/000147793222000209/cyca-20210930.xml,2022-01-12,2022,411725,https://www.sec.gov/Archives/edgar/data/1383088/000147793222000209/0001477932-22-000209-index.htm,7372,10k-cyca-20210930
DQC.US.0001.75,"2022-03-09 20:00:03,342 [DQC.US.0001.75] The concept NetIncomeLoss with a value of 0 is dimensionally qualified with the StatementEquityComponentsAxis and the base taxonomy member SeriesEPreferredStockMember. Only extension members and the elements defined as children of this axis in the US GAAP taxonomy should be used with the axis StatementEquityComponentsAxis. 
When using the member SeriesEPreferredStockMember this member should be used on the class of stock axis and not the StatementEquityComponentsAxis. Any facts reported using the member SeriesEPreferredStockMember should have both the StatementClassOfStockAxis and the StatementEquityComponentsAxis axis associated with the fact. The StatementEquityComponentsAxis should use a generic stock type like CommonStockMember, PreferredStockMember etc.
The properties of the fact for NetIncomeLoss are:
Period: 2020-10-01 to 2021-09-30
Dimensions: us-gaap:StatementEquityComponentsAxis=us-gaap:SeriesEPreferredStockMember 
Unit: USD

Rule Element Id:75
Rule version: 17.0.2 - cyca-20210930.xml 1275",2022-03-10,ERROR,DQC,1,1383088,CYTTA CORP.,2022-01-12 13:46:00,0001477932-22-000209,US GAAP 2020,XBRL Document Created with XBRLMaster,10-K,http://www.sec.gov/Archives/edgar/data/1383088/000147793222000209/cyca-20210930.xml,2022-01-12,2022,411725,https://www.sec.gov/Archives/edgar/data/1383088/000147793222000209/0001477932-22-000209-index.htm,7372,10k-cyca-20210930
DQC.US.0001.75,"2022-03-09 20:00:03,342 [DQC.US.0001.75] The concept StockIssuedDuringPeriodSharesNewIssues with a value of 13,650,000 is dimensionally qualified with the StatementEquityComponentsAxis and the base taxonomy member SeriesEPreferredStockMember. Only extension members and the elements defined as children of this axis in the US GAAP taxonomy should be used with the axis StatementEquityComponentsAxis. 
When using the member SeriesEPreferredStockMember this member should be used on the class of stock axis and not the StatementEquityComponentsAxis. Any facts reported using the member SeriesEPreferredStockMember should have both the StatementClassOfStockAxis and the StatementEquityComponentsAxis axis associated with the fact. The StatementEquityComponentsAxis should use a generic stock type like CommonStockMember, PreferredStockMember etc.
The properties of the fact for StockIssuedDuringPeriodSharesNewIssues are:
Period: 2020-10-01 to 2021-09-30
Dimensions: us-gaap:StatementEquityComponentsAxis=us-gaap:SeriesEPreferredStockMember 
Unit: shares

Rule Element Id:75
Rule version: 17.0.2 - cyca-20210930.xml 1260",2022-03-10,ERROR,DQC,1,1383088,CYTTA CORP.,2022-01-12 13:46:00,0001477932-22-000209,US GAAP 2020,XBRL Document Created with XBRLMaster,10-K,http://www.sec.gov/Archives/edgar/data/1383088/000147793222000209/cyca-20210930.xml,2022-01-12,2022,411725,https://www.sec.gov/Archives/edgar/data/1383088/000147793222000209/0001477932-22-000209-index.htm,7372,10k-cyca-20210930
DQC.US.0001.75,"2022-03-09 20:00:03,343 [DQC.US.0001.75] The concept CommonStockIssuedForCashShares with a value of None is dimensionally qualified with the StatementEquityComponentsAxis and the base taxonomy member SeriesEPreferredStockMember. Only extension members and the elements defined as children of this axis in the US GAAP taxonomy should be used with the axis StatementEquityComponentsAxis. 
When using the member SeriesEPreferredStockMember this member should be used on the class of stock axis and not the StatementEquityComponentsAxis. Any facts reported using the member SeriesEPreferredStockMember should have both the StatementClassOfStockAxis and the StatementEquityComponentsAxis axis associated with the fact. The StatementEquityComponentsAxis should use a generic stock type like CommonStockMember, PreferredStockMember etc.
The properties of the fact for CommonStockIssuedForCashShares are:
Period: 2020-10-01 to 2021-09-30
Dimensions: us-gaap:StatementEquityComponentsAxis=us-gaap:SeriesEPreferredStockMember 
Unit: shares

Rule Element Id:75
Rule version: 17.0.2 - cyca-20210930.xml 1238",2022-03-10,ERROR,DQC,1,1383088,CYTTA CORP.,2022-01-12 13:46:00,0001477932-22-000209,US GAAP 2020,XBRL Document Created with XBRLMaster,10-K,http://www.sec.gov/Archives/edgar/data/1383088/000147793222000209/cyca-20210930.xml,2022-01-12,2022,411725,https://www.sec.gov/Archives/edgar/data/1383088/000147793222000209/0001477932-22-000209-index.htm,7372,10k-cyca-20210930
DQC.US.0001.75,"2022-03-09 20:00:03,343 [DQC.US.0001.75] The concept CommonStockIssuedForStockToBeIssuedShares with a value of None is dimensionally qualified with the StatementEquityComponentsAxis and the base taxonomy member SeriesEPreferredStockMember. Only extension members and the elements defined as children of this axis in the US GAAP taxonomy should be used with the axis StatementEquityComponentsAxis. 
When using the member SeriesEPreferredStockMember this member should be used on the class of stock axis and not the StatementEquityComponentsAxis. Any facts reported using the member SeriesEPreferredStockMember should have both the StatementClassOfStockAxis and the StatementEquityComponentsAxis axis associated with the fact. The StatementEquityComponentsAxis should use a generic stock type like CommonStockMember, PreferredStockMember etc.
The properties of the fact for CommonStockIssuedForStockToBeIssuedShares are:
Period: 2019-10-01 to 2020-09-30
Dimensions: us-gaap:StatementEquityComponentsAxis=us-gaap:SeriesEPreferredStockMember 
Unit: shares

Rule Element Id:75
Rule version: 17.0.2 - cyca-20210930.xml 1156",2022-03-10,ERROR,DQC,1,1383088,CYTTA CORP.,2022-01-12 13:46:00,0001477932-22-000209,US GAAP 2020,XBRL Document Created with XBRLMaster,10-K,http://www.sec.gov/Archives/edgar/data/1383088/000147793222000209/cyca-20210930.xml,2022-01-12,2022,411725,https://www.sec.gov/Archives/edgar/data/1383088/000147793222000209/0001477932-22-000209-index.htm,7372,10k-cyca-20210930
DQC.US.0001.75,"2022-03-09 20:00:03,343 [DQC.US.0001.75] The concept ProceedsFromIssuanceOrSaleOfEquity with a value of 682,500 is dimensionally qualified with the StatementEquityComponentsAxis and the base taxonomy member SeriesEPreferredStockMember. Only extension members and the elements defined as children of this axis in the US GAAP taxonomy should be used with the axis StatementEquityComponentsAxis. 
When using the member SeriesEPreferredStockMember this member should be used on the class of stock axis and not the StatementEquityComponentsAxis. Any facts reported using the member SeriesEPreferredStockMember should have both the StatementClassOfStockAxis and the StatementEquityComponentsAxis axis associated with the fact. The StatementEquityComponentsAxis should use a generic stock type like CommonStockMember, PreferredStockMember etc.
The properties of the fact for ProceedsFromIssuanceOrSaleOfEquity are:
Period: 2021-06-01 to 2021-06-02
Dimensions: us-gaap:StatementEquityComponentsAxis=us-gaap:SeriesEPreferredStockMember 
Unit: USD

Rule Element Id:75
Rule version: 17.0.2 - cyca-20210930.xml 1437",2022-03-10,ERROR,DQC,1,1383088,CYTTA CORP.,2022-01-12 13:46:00,0001477932-22-000209,US GAAP 2020,XBRL Document Created with XBRLMaster,10-K,http://www.sec.gov/Archives/edgar/data/1383088/000147793222000209/cyca-20210930.xml,2022-01-12,2022,411725,https://www.sec.gov/Archives/edgar/data/1383088/000147793222000209/0001477932-22-000209-index.htm,7372,10k-cyca-20210930
DQC.US.0001.75,"2022-03-09 20:00:03,344 [DQC.US.0001.75] The concept CommonStockCancelledAmount with a value of 0 is dimensionally qualified with the StatementEquityComponentsAxis and the base taxonomy member SeriesEPreferredStockMember. Only extension members and the elements defined as children of this axis in the US GAAP taxonomy should be used with the axis StatementEquityComponentsAxis. 
When using the member SeriesEPreferredStockMember this member should be used on the class of stock axis and not the StatementEquityComponentsAxis. Any facts reported using the member SeriesEPreferredStockMember should have both the StatementClassOfStockAxis and the StatementEquityComponentsAxis axis associated with the fact. The StatementEquityComponentsAxis should use a generic stock type like CommonStockMember, PreferredStockMember etc.
The properties of the fact for CommonStockCancelledAmount are:
Period: 2020-10-01 to 2021-09-30
Dimensions: us-gaap:StatementEquityComponentsAxis=us-gaap:SeriesEPreferredStockMember 
Unit: USD

Rule Element Id:75
Rule version: 17.0.2 - cyca-20210930.xml 1268",2022-03-10,ERROR,DQC,1,1383088,CYTTA CORP.,2022-01-12 13:46:00,0001477932-22-000209,US GAAP 2020,XBRL Document Created with XBRLMaster,10-K,http://www.sec.gov/Archives/edgar/data/1383088/000147793222000209/cyca-20210930.xml,2022-01-12,2022,411725,https://www.sec.gov/Archives/edgar/data/1383088/000147793222000209/0001477932-22-000209-index.htm,7372,10k-cyca-20210930
DQC.US.0001.75,"2022-03-09 20:00:03,344 [DQC.US.0001.75] The concept PreferredStockSharesIssued with a value of 13,650,000 is dimensionally qualified with the StatementEquityComponentsAxis and the base taxonomy member SeriesEPreferredStockMember. Only extension members and the elements defined as children of this axis in the US GAAP taxonomy should be used with the axis StatementEquityComponentsAxis. 
When using the member SeriesEPreferredStockMember this member should be used on the class of stock axis and not the StatementEquityComponentsAxis. Any facts reported using the member SeriesEPreferredStockMember should have both the StatementClassOfStockAxis and the StatementEquityComponentsAxis axis associated with the fact. The StatementEquityComponentsAxis should use a generic stock type like CommonStockMember, PreferredStockMember etc.
The properties of the fact for PreferredStockSharesIssued are:
Period: 2021-06-02
Dimensions: us-gaap:StatementEquityComponentsAxis=us-gaap:SeriesEPreferredStockMember 
Unit: shares

Rule Element Id:75
Rule version: 17.0.2 - cyca-20210930.xml 1438",2022-03-10,ERROR,DQC,1,1383088,CYTTA CORP.,2022-01-12 13:46:00,0001477932-22-000209,US GAAP 2020,XBRL Document Created with XBRLMaster,10-K,http://www.sec.gov/Archives/edgar/data/1383088/000147793222000209/cyca-20210930.xml,2022-01-12,2022,411725,https://www.sec.gov/Archives/edgar/data/1383088/000147793222000209/0001477932-22-000209-index.htm,7372,10k-cyca-20210930
DQC.US.0001.75,"2022-03-09 20:00:03,344 [DQC.US.0001.75] The concept SharePrice with a value of 0.05 is dimensionally qualified with the StatementEquityComponentsAxis and the base taxonomy member SeriesEPreferredStockMember. Only extension members and the elements defined as children of this axis in the US GAAP taxonomy should be used with the axis StatementEquityComponentsAxis. 
When using the member SeriesEPreferredStockMember this member should be used on the class of stock axis and not the StatementEquityComponentsAxis. Any facts reported using the member SeriesEPreferredStockMember should have both the StatementClassOfStockAxis and the StatementEquityComponentsAxis axis associated with the fact. The StatementEquityComponentsAxis should use a generic stock type like CommonStockMember, PreferredStockMember etc.
The properties of the fact for SharePrice are:
Period: 2021-09-30
Dimensions: us-gaap:StatementEquityComponentsAxis=us-gaap:SeriesEPreferredStockMember 
Unit: USD/shares

Rule Element Id:75
Rule version: 17.0.2 - cyca-20210930.xml 1366",2022-03-10,ERROR,DQC,1,1383088,CYTTA CORP.,2022-01-12 13:46:00,0001477932-22-000209,US GAAP 2020,XBRL Document Created with XBRLMaster,10-K,http://www.sec.gov/Archives/edgar/data/1383088/000147793222000209/cyca-20210930.xml,2022-01-12,2022,411725,https://www.sec.gov/Archives/edgar/data/1383088/000147793222000209/0001477932-22-000209-index.htm,7372,10k-cyca-20210930
DQC.US.0001.75,"2022-03-09 20:00:03,345 [DQC.US.0001.75] The concept CapitalStockIssuedForCashAmount with a value of 0 is dimensionally qualified with the StatementEquityComponentsAxis and the base taxonomy member SeriesEPreferredStockMember. Only extension members and the elements defined as children of this axis in the US GAAP taxonomy should be used with the axis StatementEquityComponentsAxis. 
When using the member SeriesEPreferredStockMember this member should be used on the class of stock axis and not the StatementEquityComponentsAxis. Any facts reported using the member SeriesEPreferredStockMember should have both the StatementClassOfStockAxis and the StatementEquityComponentsAxis axis associated with the fact. The StatementEquityComponentsAxis should use a generic stock type like CommonStockMember, PreferredStockMember etc.
The properties of the fact for CapitalStockIssuedForCashAmount are:
Period: 2019-10-01 to 2020-09-30
Dimensions: us-gaap:StatementEquityComponentsAxis=us-gaap:SeriesEPreferredStockMember 
Unit: USD

Rule Element Id:75
Rule version: 17.0.2 - cyca-20210930.xml 1149",2022-03-10,ERROR,DQC,1,1383088,CYTTA CORP.,2022-01-12 13:46:00,0001477932-22-000209,US GAAP 2020,XBRL Document Created with XBRLMaster,10-K,http://www.sec.gov/Archives/edgar/data/1383088/000147793222000209/cyca-20210930.xml,2022-01-12,2022,411725,https://www.sec.gov/Archives/edgar/data/1383088/000147793222000209/0001477932-22-000209-index.htm,7372,10k-cyca-20210930
DQC.US.0001.75,"2022-03-09 20:00:03,345 [DQC.US.0001.75] The concept CommonStockIssuedForStockPayableShares with a value of None is dimensionally qualified with the StatementEquityComponentsAxis and the base taxonomy member SeriesEPreferredStockMember. Only extension members and the elements defined as children of this axis in the US GAAP taxonomy should be used with the axis StatementEquityComponentsAxis. 
When using the member SeriesEPreferredStockMember this member should be used on the class of stock axis and not the StatementEquityComponentsAxis. Any facts reported using the member SeriesEPreferredStockMember should have both the StatementClassOfStockAxis and the StatementEquityComponentsAxis axis associated with the fact. The StatementEquityComponentsAxis should use a generic stock type like CommonStockMember, PreferredStockMember etc.
The properties of the fact for CommonStockIssuedForStockPayableShares are:
Period: 2020-10-01 to 2021-09-30
Dimensions: us-gaap:StatementEquityComponentsAxis=us-gaap:SeriesEPreferredStockMember 
Unit: shares

Rule Element Id:75
Rule version: 17.0.2 - cyca-20210930.xml 1227",2022-03-10,ERROR,DQC,1,1383088,CYTTA CORP.,2022-01-12 13:46:00,0001477932-22-000209,US GAAP 2020,XBRL Document Created with XBRLMaster,10-K,http://www.sec.gov/Archives/edgar/data/1383088/000147793222000209/cyca-20210930.xml,2022-01-12,2022,411725,https://www.sec.gov/Archives/edgar/data/1383088/000147793222000209/0001477932-22-000209-index.htm,7372,10k-cyca-20210930
DQC.US.0001.75,"2022-03-09 20:00:03,345 [DQC.US.0001.75] The concept PreferredStockParOrStatedValuePerShare with a value of 0.05 is dimensionally qualified with the StatementEquityComponentsAxis and the base taxonomy member SeriesEPreferredStockMember. Only extension members and the elements defined as children of this axis in the US GAAP taxonomy should be used with the axis StatementEquityComponentsAxis. 
When using the member SeriesEPreferredStockMember this member should be used on the class of stock axis and not the StatementEquityComponentsAxis. Any facts reported using the member SeriesEPreferredStockMember should have both the StatementClassOfStockAxis and the StatementEquityComponentsAxis axis associated with the fact. The StatementEquityComponentsAxis should use a generic stock type like CommonStockMember, PreferredStockMember etc.
The properties of the fact for PreferredStockParOrStatedValuePerShare are:
Period: 2021-06-02
Dimensions: us-gaap:StatementEquityComponentsAxis=us-gaap:SeriesEPreferredStockMember 
Unit: USD/shares

Rule Element Id:75
Rule version: 17.0.2 - cyca-20210930.xml 1439",2022-03-10,ERROR,DQC,1,1383088,CYTTA CORP.,2022-01-12 13:46:00,0001477932-22-000209,US GAAP 2020,XBRL Document Created with XBRLMaster,10-K,http://www.sec.gov/Archives/edgar/data/1383088/000147793222000209/cyca-20210930.xml,2022-01-12,2022,411725,https://www.sec.gov/Archives/edgar/data/1383088/000147793222000209/0001477932-22-000209-index.htm,7372,10k-cyca-20210930
DQC.US.0001.75,"2022-03-09 20:00:03,346 [DQC.US.0001.75] The concept CommonStockIssuedForAccountsPayableShares with a value of None is dimensionally qualified with the StatementEquityComponentsAxis and the base taxonomy member SeriesEPreferredStockMember. Only extension members and the elements defined as children of this axis in the US GAAP taxonomy should be used with the axis StatementEquityComponentsAxis. 
When using the member SeriesEPreferredStockMember this member should be used on the class of stock axis and not the StatementEquityComponentsAxis. Any facts reported using the member SeriesEPreferredStockMember should have both the StatementClassOfStockAxis and the StatementEquityComponentsAxis axis associated with the fact. The StatementEquityComponentsAxis should use a generic stock type like CommonStockMember, PreferredStockMember etc.
The properties of the fact for CommonStockIssuedForAccountsPayableShares are:
Period: 2020-10-01 to 2021-09-30
Dimensions: us-gaap:StatementEquityComponentsAxis=us-gaap:SeriesEPreferredStockMember 
Unit: shares

Rule Element Id:75
Rule version: 17.0.2 - cyca-20210930.xml 1249",2022-03-10,ERROR,DQC,1,1383088,CYTTA CORP.,2022-01-12 13:46:00,0001477932-22-000209,US GAAP 2020,XBRL Document Created with XBRLMaster,10-K,http://www.sec.gov/Archives/edgar/data/1383088/000147793222000209/cyca-20210930.xml,2022-01-12,2022,411725,https://www.sec.gov/Archives/edgar/data/1383088/000147793222000209/0001477932-22-000209-index.htm,7372,10k-cyca-20210930
DQC.US.0001.75,"2022-03-09 20:00:03,346 [DQC.US.0001.75] The concept CommonStockIssuedForTechnologyAmount with a value of 0 is dimensionally qualified with the StatementEquityComponentsAxis and the base taxonomy member SeriesEPreferredStockMember. Only extension members and the elements defined as children of this axis in the US GAAP taxonomy should be used with the axis StatementEquityComponentsAxis. 
When using the member SeriesEPreferredStockMember this member should be used on the class of stock axis and not the StatementEquityComponentsAxis. Any facts reported using the member SeriesEPreferredStockMember should have both the StatementClassOfStockAxis and the StatementEquityComponentsAxis axis associated with the fact. The StatementEquityComponentsAxis should use a generic stock type like CommonStockMember, PreferredStockMember etc.
The properties of the fact for CommonStockIssuedForTechnologyAmount are:
Period: 2019-10-01 to 2020-09-30
Dimensions: us-gaap:StatementEquityComponentsAxis=us-gaap:SeriesEPreferredStockMember 
Unit: USD

Rule Element Id:75
Rule version: 17.0.2 - cyca-20210930.xml 1171",2022-03-10,ERROR,DQC,1,1383088,CYTTA CORP.,2022-01-12 13:46:00,0001477932-22-000209,US GAAP 2020,XBRL Document Created with XBRLMaster,10-K,http://www.sec.gov/Archives/edgar/data/1383088/000147793222000209/cyca-20210930.xml,2022-01-12,2022,411725,https://www.sec.gov/Archives/edgar/data/1383088/000147793222000209/0001477932-22-000209-index.htm,7372,10k-cyca-20210930
DQC.US.0001.75,"2022-03-09 20:00:03,346 [DQC.US.0001.75] The concept ConversionOfStockSharesConverted1 with a value of 13,650,000 is dimensionally qualified with the StatementEquityComponentsAxis and the base taxonomy member SeriesEPreferredStockMember. Only extension members and the elements defined as children of this axis in the US GAAP taxonomy should be used with the axis StatementEquityComponentsAxis. 
When using the member SeriesEPreferredStockMember this member should be used on the class of stock axis and not the StatementEquityComponentsAxis. Any facts reported using the member SeriesEPreferredStockMember should have both the StatementClassOfStockAxis and the StatementEquityComponentsAxis axis associated with the fact. The StatementEquityComponentsAxis should use a generic stock type like CommonStockMember, PreferredStockMember etc.
The properties of the fact for ConversionOfStockSharesConverted1 are:
Period: 2021-06-01 to 2021-06-02
Dimensions: us-gaap:StatementEquityComponentsAxis=us-gaap:SeriesEPreferredStockMember 
Unit: shares

Rule Element Id:75
Rule version: 17.0.2 - cyca-20210930.xml 1440",2022-03-10,ERROR,DQC,1,1383088,CYTTA CORP.,2022-01-12 13:46:00,0001477932-22-000209,US GAAP 2020,XBRL Document Created with XBRLMaster,10-K,http://www.sec.gov/Archives/edgar/data/1383088/000147793222000209/cyca-20210930.xml,2022-01-12,2022,411725,https://www.sec.gov/Archives/edgar/data/1383088/000147793222000209/0001477932-22-000209-index.htm,7372,10k-cyca-20210930
DQC.US.0001.75,"2022-03-09 20:00:03,346 [DQC.US.0001.75] The concept SeriesDPreferredStockIssuedForSubscriptionsPayableShares with a value of None is dimensionally qualified with the StatementEquityComponentsAxis and the base taxonomy member SeriesEPreferredStockMember. Only extension members and the elements defined as children of this axis in the US GAAP taxonomy should be used with the axis StatementEquityComponentsAxis. 
When using the member SeriesEPreferredStockMember this member should be used on the class of stock axis and not the StatementEquityComponentsAxis. Any facts reported using the member SeriesEPreferredStockMember should have both the StatementClassOfStockAxis and the StatementEquityComponentsAxis axis associated with the fact. The StatementEquityComponentsAxis should use a generic stock type like CommonStockMember, PreferredStockMember etc.
The properties of the fact for SeriesDPreferredStockIssuedForSubscriptionsPayableShares are:
Period: 2019-10-01 to 2020-09-30
Dimensions: us-gaap:StatementEquityComponentsAxis=us-gaap:SeriesEPreferredStockMember 
Unit: shares

Rule Element Id:75
Rule version: 17.0.2 - cyca-20210930.xml 1189",2022-03-10,ERROR,DQC,1,1383088,CYTTA CORP.,2022-01-12 13:46:00,0001477932-22-000209,US GAAP 2020,XBRL Document Created with XBRLMaster,10-K,http://www.sec.gov/Archives/edgar/data/1383088/000147793222000209/cyca-20210930.xml,2022-01-12,2022,411725,https://www.sec.gov/Archives/edgar/data/1383088/000147793222000209/0001477932-22-000209-index.htm,7372,10k-cyca-20210930
DQC.US.0001.75,"2022-03-09 20:00:03,347 [DQC.US.0001.75] The concept PreferredStockConversionPrice with a value of 0.2 is dimensionally qualified with the StatementEquityComponentsAxis and the base taxonomy member SeriesEPreferredStockMember. Only extension members and the elements defined as children of this axis in the US GAAP taxonomy should be used with the axis StatementEquityComponentsAxis. 
When using the member SeriesEPreferredStockMember this member should be used on the class of stock axis and not the StatementEquityComponentsAxis. Any facts reported using the member SeriesEPreferredStockMember should have both the StatementClassOfStockAxis and the StatementEquityComponentsAxis axis associated with the fact. The StatementEquityComponentsAxis should use a generic stock type like CommonStockMember, PreferredStockMember etc.
The properties of the fact for PreferredStockConversionPrice are:
Period: 2021-06-01 to 2021-06-02
Dimensions: us-gaap:StatementEquityComponentsAxis=us-gaap:SeriesEPreferredStockMember 
Unit: USD/shares

Rule Element Id:75
Rule version: 17.0.2 - cyca-20210930.xml 1442",2022-03-10,ERROR,DQC,1,1383088,CYTTA CORP.,2022-01-12 13:46:00,0001477932-22-000209,US GAAP 2020,XBRL Document Created with XBRLMaster,10-K,http://www.sec.gov/Archives/edgar/data/1383088/000147793222000209/cyca-20210930.xml,2022-01-12,2022,411725,https://www.sec.gov/Archives/edgar/data/1383088/000147793222000209/0001477932-22-000209-index.htm,7372,10k-cyca-20210930
DQC.US.0001.75,"2022-03-09 20:00:03,347 [DQC.US.0001.75] The concept PreferredStockSharesReceived with a value of 682,500 is dimensionally qualified with the StatementEquityComponentsAxis and the base taxonomy member SeriesEPreferredStockMember. Only extension members and the elements defined as children of this axis in the US GAAP taxonomy should be used with the axis StatementEquityComponentsAxis. 
When using the member SeriesEPreferredStockMember this member should be used on the class of stock axis and not the StatementEquityComponentsAxis. Any facts reported using the member SeriesEPreferredStockMember should have both the StatementClassOfStockAxis and the StatementEquityComponentsAxis axis associated with the fact. The StatementEquityComponentsAxis should use a generic stock type like CommonStockMember, PreferredStockMember etc.
The properties of the fact for PreferredStockSharesReceived are:
Period: 2021-09-30
Dimensions: us-gaap:StatementEquityComponentsAxis=us-gaap:SeriesEPreferredStockMember 
Unit: USD

Rule Element Id:75
Rule version: 17.0.2 - cyca-20210930.xml 1367",2022-03-10,ERROR,DQC,1,1383088,CYTTA CORP.,2022-01-12 13:46:00,0001477932-22-000209,US GAAP 2020,XBRL Document Created with XBRLMaster,10-K,http://www.sec.gov/Archives/edgar/data/1383088/000147793222000209/cyca-20210930.xml,2022-01-12,2022,411725,https://www.sec.gov/Archives/edgar/data/1383088/000147793222000209/0001477932-22-000209-index.htm,7372,10k-cyca-20210930
DQC.US.0001.75,"2022-03-09 20:00:03,347 [DQC.US.0001.75] The concept SharesIssued with a value of None is dimensionally qualified with the StatementEquityComponentsAxis and the base taxonomy member SeriesEPreferredStockMember. Only extension members and the elements defined as children of this axis in the US GAAP taxonomy should be used with the axis StatementEquityComponentsAxis. 
When using the member SeriesEPreferredStockMember this member should be used on the class of stock axis and not the StatementEquityComponentsAxis. Any facts reported using the member SeriesEPreferredStockMember should have both the StatementClassOfStockAxis and the StatementEquityComponentsAxis axis associated with the fact. The StatementEquityComponentsAxis should use a generic stock type like CommonStockMember, PreferredStockMember etc.
The properties of the fact for SharesIssued are:
Period: 2019-09-30
Dimensions: us-gaap:StatementEquityComponentsAxis=us-gaap:SeriesEPreferredStockMember 
Unit: shares

Rule Element Id:75
Rule version: 17.0.2 - cyca-20210930.xml 1134",2022-03-10,ERROR,DQC,1,1383088,CYTTA CORP.,2022-01-12 13:46:00,0001477932-22-000209,US GAAP 2020,XBRL Document Created with XBRLMaster,10-K,http://www.sec.gov/Archives/edgar/data/1383088/000147793222000209/cyca-20210930.xml,2022-01-12,2022,411725,https://www.sec.gov/Archives/edgar/data/1383088/000147793222000209/0001477932-22-000209-index.htm,7372,10k-cyca-20210930
DQC.US.0001.75,"2022-03-09 20:00:03,348 [DQC.US.0001.75] The concept CommonStockIssuedForCashAmount with a value of 0 is dimensionally qualified with the StatementEquityComponentsAxis and the base taxonomy member SeriesEPreferredStockMember. Only extension members and the elements defined as children of this axis in the US GAAP taxonomy should be used with the axis StatementEquityComponentsAxis. 
When using the member SeriesEPreferredStockMember this member should be used on the class of stock axis and not the StatementEquityComponentsAxis. Any facts reported using the member SeriesEPreferredStockMember should have both the StatementClassOfStockAxis and the StatementEquityComponentsAxis axis associated with the fact. The StatementEquityComponentsAxis should use a generic stock type like CommonStockMember, PreferredStockMember etc.
The properties of the fact for CommonStockIssuedForCashAmount are:
Period: 2020-10-01 to 2021-09-30
Dimensions: us-gaap:StatementEquityComponentsAxis=us-gaap:SeriesEPreferredStockMember 
Unit: USD

Rule Element Id:75
Rule version: 17.0.2 - cyca-20210930.xml 1242",2022-03-10,ERROR,DQC,1,1383088,CYTTA CORP.,2022-01-12 13:46:00,0001477932-22-000209,US GAAP 2020,XBRL Document Created with XBRLMaster,10-K,http://www.sec.gov/Archives/edgar/data/1383088/000147793222000209/cyca-20210930.xml,2022-01-12,2022,411725,https://www.sec.gov/Archives/edgar/data/1383088/000147793222000209/0001477932-22-000209-index.htm,7372,10k-cyca-20210930
DQC.US.0001.75,"2022-03-09 20:00:03,348 [DQC.US.0001.75] The concept CommonStockIssuedForStockToBeIssuedAmount with a value of 0 is dimensionally qualified with the StatementEquityComponentsAxis and the base taxonomy member SeriesEPreferredStockMember. Only extension members and the elements defined as children of this axis in the US GAAP taxonomy should be used with the axis StatementEquityComponentsAxis. 
When using the member SeriesEPreferredStockMember this member should be used on the class of stock axis and not the StatementEquityComponentsAxis. Any facts reported using the member SeriesEPreferredStockMember should have both the StatementClassOfStockAxis and the StatementEquityComponentsAxis axis associated with the fact. The StatementEquityComponentsAxis should use a generic stock type like CommonStockMember, PreferredStockMember etc.
The properties of the fact for CommonStockIssuedForStockToBeIssuedAmount are:
Period: 2019-10-01 to 2020-09-30
Dimensions: us-gaap:StatementEquityComponentsAxis=us-gaap:SeriesEPreferredStockMember 
Unit: USD

Rule Element Id:75
Rule version: 17.0.2 - cyca-20210930.xml 1160",2022-03-10,ERROR,DQC,1,1383088,CYTTA CORP.,2022-01-12 13:46:00,0001477932-22-000209,US GAAP 2020,XBRL Document Created with XBRLMaster,10-K,http://www.sec.gov/Archives/edgar/data/1383088/000147793222000209/cyca-20210930.xml,2022-01-12,2022,411725,https://www.sec.gov/Archives/edgar/data/1383088/000147793222000209/0001477932-22-000209-index.htm,7372,10k-cyca-20210930
DQC.US.0001.75,"2022-03-09 20:00:03,348 [DQC.US.0001.75] The concept SharesIssued with a value of 13,650,000 is dimensionally qualified with the StatementEquityComponentsAxis and the base taxonomy member SeriesEPreferredStockMember. Only extension members and the elements defined as children of this axis in the US GAAP taxonomy should be used with the axis StatementEquityComponentsAxis. 
When using the member SeriesEPreferredStockMember this member should be used on the class of stock axis and not the StatementEquityComponentsAxis. Any facts reported using the member SeriesEPreferredStockMember should have both the StatementClassOfStockAxis and the StatementEquityComponentsAxis axis associated with the fact. The StatementEquityComponentsAxis should use a generic stock type like CommonStockMember, PreferredStockMember etc.
The properties of the fact for SharesIssued are:
Period: 2021-09-30
Dimensions: us-gaap:StatementEquityComponentsAxis=us-gaap:SeriesEPreferredStockMember 
Unit: shares

Rule Element Id:75
Rule version: 17.0.2 - cyca-20210930.xml 1281",2022-03-10,ERROR,DQC,1,1383088,CYTTA CORP.,2022-01-12 13:46:00,0001477932-22-000209,US GAAP 2020,XBRL Document Created with XBRLMaster,10-K,http://www.sec.gov/Archives/edgar/data/1383088/000147793222000209/cyca-20210930.xml,2022-01-12,2022,411725,https://www.sec.gov/Archives/edgar/data/1383088/000147793222000209/0001477932-22-000209-index.htm,7372,10k-cyca-20210930
DQC.US.0001.75,"2022-03-09 20:00:03,349 [DQC.US.0001.75] The concept CommonStockCancelledShares with a value of None is dimensionally qualified with the StatementEquityComponentsAxis and the base taxonomy member SeriesEPreferredStockMember. Only extension members and the elements defined as children of this axis in the US GAAP taxonomy should be used with the axis StatementEquityComponentsAxis. 
When using the member SeriesEPreferredStockMember this member should be used on the class of stock axis and not the StatementEquityComponentsAxis. Any facts reported using the member SeriesEPreferredStockMember should have both the StatementClassOfStockAxis and the StatementEquityComponentsAxis axis associated with the fact. The StatementEquityComponentsAxis should use a generic stock type like CommonStockMember, PreferredStockMember etc.
The properties of the fact for CommonStockCancelledShares are:
Period: 2020-10-01 to 2021-09-30
Dimensions: us-gaap:StatementEquityComponentsAxis=us-gaap:SeriesEPreferredStockMember 
Unit: shares

Rule Element Id:75
Rule version: 17.0.2 - cyca-20210930.xml 1264",2022-03-10,ERROR,DQC,1,1383088,CYTTA CORP.,2022-01-12 13:46:00,0001477932-22-000209,US GAAP 2020,XBRL Document Created with XBRLMaster,10-K,http://www.sec.gov/Archives/edgar/data/1383088/000147793222000209/cyca-20210930.xml,2022-01-12,2022,411725,https://www.sec.gov/Archives/edgar/data/1383088/000147793222000209/0001477932-22-000209-index.htm,7372,10k-cyca-20210930
DQC.US.0001.75,"2022-03-09 20:00:03,349 [DQC.US.0001.75] The concept CommonStockIssuedForStockPayableAmount with a value of 0 is dimensionally qualified with the StatementEquityComponentsAxis and the base taxonomy member SeriesEPreferredStockMember. Only extension members and the elements defined as children of this axis in the US GAAP taxonomy should be used with the axis StatementEquityComponentsAxis. 
When using the member SeriesEPreferredStockMember this member should be used on the class of stock axis and not the StatementEquityComponentsAxis. Any facts reported using the member SeriesEPreferredStockMember should have both the StatementClassOfStockAxis and the StatementEquityComponentsAxis axis associated with the fact. The StatementEquityComponentsAxis should use a generic stock type like CommonStockMember, PreferredStockMember etc.
The properties of the fact for CommonStockIssuedForStockPayableAmount are:
Period: 2020-10-01 to 2021-09-30
Dimensions: us-gaap:StatementEquityComponentsAxis=us-gaap:SeriesEPreferredStockMember 
Unit: USD

Rule Element Id:75
Rule version: 17.0.2 - cyca-20210930.xml 1231",2022-03-10,ERROR,DQC,1,1383088,CYTTA CORP.,2022-01-12 13:46:00,0001477932-22-000209,US GAAP 2020,XBRL Document Created with XBRLMaster,10-K,http://www.sec.gov/Archives/edgar/data/1383088/000147793222000209/cyca-20210930.xml,2022-01-12,2022,411725,https://www.sec.gov/Archives/edgar/data/1383088/000147793222000209/0001477932-22-000209-index.htm,7372,10k-cyca-20210930
DQC.US.0001.75,"2022-03-09 20:00:03,349 [DQC.US.0001.75] The concept SharesIssued with a value of None is dimensionally qualified with the StatementEquityComponentsAxis and the base taxonomy member SeriesEPreferredStockMember. Only extension members and the elements defined as children of this axis in the US GAAP taxonomy should be used with the axis StatementEquityComponentsAxis. 
When using the member SeriesEPreferredStockMember this member should be used on the class of stock axis and not the StatementEquityComponentsAxis. Any facts reported using the member SeriesEPreferredStockMember should have both the StatementClassOfStockAxis and the StatementEquityComponentsAxis axis associated with the fact. The StatementEquityComponentsAxis should use a generic stock type like CommonStockMember, PreferredStockMember etc.
The properties of the fact for SharesIssued are:
Period: 2020-09-30
Dimensions: us-gaap:StatementEquityComponentsAxis=us-gaap:SeriesEPreferredStockMember 
Unit: shares

Rule Element Id:75
Rule version: 17.0.2 - cyca-20210930.xml 1206",2022-03-10,ERROR,DQC,1,1383088,CYTTA CORP.,2022-01-12 13:46:00,0001477932-22-000209,US GAAP 2020,XBRL Document Created with XBRLMaster,10-K,http://www.sec.gov/Archives/edgar/data/1383088/000147793222000209/cyca-20210930.xml,2022-01-12,2022,411725,https://www.sec.gov/Archives/edgar/data/1383088/000147793222000209/0001477932-22-000209-index.htm,7372,10k-cyca-20210930
DQC.US.0001.75,"2022-03-09 20:00:03,349 [DQC.US.0001.75] The concept StockIssuedDuringPeriodSharesIssuedForServices with a value of None is dimensionally qualified with the StatementEquityComponentsAxis and the base taxonomy member SeriesEPreferredStockMember. Only extension members and the elements defined as children of this axis in the US GAAP taxonomy should be used with the axis StatementEquityComponentsAxis. 
When using the member SeriesEPreferredStockMember this member should be used on the class of stock axis and not the StatementEquityComponentsAxis. Any facts reported using the member SeriesEPreferredStockMember should have both the StatementClassOfStockAxis and the StatementEquityComponentsAxis axis associated with the fact. The StatementEquityComponentsAxis should use a generic stock type like CommonStockMember, PreferredStockMember etc.
The properties of the fact for StockIssuedDuringPeriodSharesIssuedForServices are:
Period: 2020-10-01 to 2021-09-30
Dimensions: us-gaap:StatementEquityComponentsAxis=us-gaap:SeriesEPreferredStockMember 
Unit: shares

Rule Element Id:75
Rule version: 17.0.2 - cyca-20210930.xml 1216",2022-03-10,ERROR,DQC,1,1383088,CYTTA CORP.,2022-01-12 13:46:00,0001477932-22-000209,US GAAP 2020,XBRL Document Created with XBRLMaster,10-K,http://www.sec.gov/Archives/edgar/data/1383088/000147793222000209/cyca-20210930.xml,2022-01-12,2022,411725,https://www.sec.gov/Archives/edgar/data/1383088/000147793222000209/0001477932-22-000209-index.htm,7372,10k-cyca-20210930
DQC.US.0001.75,"2022-03-09 20:00:03,350 [DQC.US.0001.75] The concept SeriesDPreferredStockIssuedForSubscriptionsPayableAmount with a value of 0 is dimensionally qualified with the StatementEquityComponentsAxis and the base taxonomy member SeriesEPreferredStockMember. Only extension members and the elements defined as children of this axis in the US GAAP taxonomy should be used with the axis StatementEquityComponentsAxis. 
When using the member SeriesEPreferredStockMember this member should be used on the class of stock axis and not the StatementEquityComponentsAxis. Any facts reported using the member SeriesEPreferredStockMember should have both the StatementClassOfStockAxis and the StatementEquityComponentsAxis axis associated with the fact. The StatementEquityComponentsAxis should use a generic stock type like CommonStockMember, PreferredStockMember etc.
The properties of the fact for SeriesDPreferredStockIssuedForSubscriptionsPayableAmount are:
Period: 2019-10-01 to 2020-09-30
Dimensions: us-gaap:StatementEquityComponentsAxis=us-gaap:SeriesEPreferredStockMember 
Unit: USD

Rule Element Id:75
Rule version: 17.0.2 - cyca-20210930.xml 1193",2022-03-10,ERROR,DQC,1,1383088,CYTTA CORP.,2022-01-12 13:46:00,0001477932-22-000209,US GAAP 2020,XBRL Document Created with XBRLMaster,10-K,http://www.sec.gov/Archives/edgar/data/1383088/000147793222000209/cyca-20210930.xml,2022-01-12,2022,411725,https://www.sec.gov/Archives/edgar/data/1383088/000147793222000209/0001477932-22-000209-index.htm,7372,10k-cyca-20210930
DQC.US.0001.75,"2022-03-09 20:00:03,350 [DQC.US.0001.75] The concept StockholdersEquity with a value of 0 is dimensionally qualified with the StatementEquityComponentsAxis and the base taxonomy member SeriesEPreferredStockMember. Only extension members and the elements defined as children of this axis in the US GAAP taxonomy should be used with the axis StatementEquityComponentsAxis. 
When using the member SeriesEPreferredStockMember this member should be used on the class of stock axis and not the StatementEquityComponentsAxis. Any facts reported using the member SeriesEPreferredStockMember should have both the StatementClassOfStockAxis and the StatementEquityComponentsAxis axis associated with the fact. The StatementEquityComponentsAxis should use a generic stock type like CommonStockMember, PreferredStockMember etc.
The properties of the fact for StockholdersEquity are:
Period: 2020-09-30
Dimensions: us-gaap:StatementEquityComponentsAxis=us-gaap:SeriesEPreferredStockMember 
Unit: USD

Rule Element Id:75
Rule version: 17.0.2 - cyca-20210930.xml 1210",2022-03-10,ERROR,DQC,1,1383088,CYTTA CORP.,2022-01-12 13:46:00,0001477932-22-000209,US GAAP 2020,XBRL Document Created with XBRLMaster,10-K,http://www.sec.gov/Archives/edgar/data/1383088/000147793222000209/cyca-20210930.xml,2022-01-12,2022,411725,https://www.sec.gov/Archives/edgar/data/1383088/000147793222000209/0001477932-22-000209-index.htm,7372,10k-cyca-20210930
DQC.US.0001.75,"2022-03-09 20:00:03,350 [DQC.US.0001.75] The concept StockIssuedDuringPeriodSharesIssuedForServices with a value of None is dimensionally qualified with the StatementEquityComponentsAxis and the base taxonomy member SeriesEPreferredStockMember. Only extension members and the elements defined as children of this axis in the US GAAP taxonomy should be used with the axis StatementEquityComponentsAxis. 
When using the member SeriesEPreferredStockMember this member should be used on the class of stock axis and not the StatementEquityComponentsAxis. Any facts reported using the member SeriesEPreferredStockMember should have both the StatementClassOfStockAxis and the StatementEquityComponentsAxis axis associated with the fact. The StatementEquityComponentsAxis should use a generic stock type like CommonStockMember, PreferredStockMember etc.
The properties of the fact for StockIssuedDuringPeriodSharesIssuedForServices are:
Period: 2019-10-01 to 2020-09-30
Dimensions: us-gaap:StatementEquityComponentsAxis=us-gaap:SeriesEPreferredStockMember 
Unit: shares

Rule Element Id:75
Rule version: 17.0.2 - cyca-20210930.xml 1178",2022-03-10,ERROR,DQC,1,1383088,CYTTA CORP.,2022-01-12 13:46:00,0001477932-22-000209,US GAAP 2020,XBRL Document Created with XBRLMaster,10-K,http://www.sec.gov/Archives/edgar/data/1383088/000147793222000209/cyca-20210930.xml,2022-01-12,2022,411725,https://www.sec.gov/Archives/edgar/data/1383088/000147793222000209/0001477932-22-000209-index.htm,7372,10k-cyca-20210930
DQC.US.0001.75,"2022-03-09 20:00:03,351 [DQC.US.0001.75] The concept CommonStockIssuedForAccountsPayableAmount with a value of 0 is dimensionally qualified with the StatementEquityComponentsAxis and the base taxonomy member SeriesEPreferredStockMember. Only extension members and the elements defined as children of this axis in the US GAAP taxonomy should be used with the axis StatementEquityComponentsAxis. 
When using the member SeriesEPreferredStockMember this member should be used on the class of stock axis and not the StatementEquityComponentsAxis. Any facts reported using the member SeriesEPreferredStockMember should have both the StatementClassOfStockAxis and the StatementEquityComponentsAxis axis associated with the fact. The StatementEquityComponentsAxis should use a generic stock type like CommonStockMember, PreferredStockMember etc.
The properties of the fact for CommonStockIssuedForAccountsPayableAmount are:
Period: 2020-10-01 to 2021-09-30
Dimensions: us-gaap:StatementEquityComponentsAxis=us-gaap:SeriesEPreferredStockMember 
Unit: USD

Rule Element Id:75
Rule version: 17.0.2 - cyca-20210930.xml 1253",2022-03-10,ERROR,DQC,1,1383088,CYTTA CORP.,2022-01-12 13:46:00,0001477932-22-000209,US GAAP 2020,XBRL Document Created with XBRLMaster,10-K,http://www.sec.gov/Archives/edgar/data/1383088/000147793222000209/cyca-20210930.xml,2022-01-12,2022,411725,https://www.sec.gov/Archives/edgar/data/1383088/000147793222000209/0001477932-22-000209-index.htm,7372,10k-cyca-20210930
DQC.US.0001.75,"2022-03-09 20:00:03,351 [DQC.US.0001.75] The concept PreferredStockSharesIssued with a value of 13,650,000 is dimensionally qualified with the StatementEquityComponentsAxis and the base taxonomy member SeriesEPreferredStockMember. Only extension members and the elements defined as children of this axis in the US GAAP taxonomy should be used with the axis StatementEquityComponentsAxis. 
When using the member SeriesEPreferredStockMember this member should be used on the class of stock axis and not the StatementEquityComponentsAxis. Any facts reported using the member SeriesEPreferredStockMember should have both the StatementClassOfStockAxis and the StatementEquityComponentsAxis axis associated with the fact. The StatementEquityComponentsAxis should use a generic stock type like CommonStockMember, PreferredStockMember etc.
The properties of the fact for PreferredStockSharesIssued are:
Period: 2021-09-30
Dimensions: us-gaap:StatementEquityComponentsAxis=us-gaap:SeriesEPreferredStockMember 
Unit: shares

Rule Element Id:75
Rule version: 17.0.2 - cyca-20210930.xml 1365",2022-03-10,ERROR,DQC,1,1383088,CYTTA CORP.,2022-01-12 13:46:00,0001477932-22-000209,US GAAP 2020,XBRL Document Created with XBRLMaster,10-K,http://www.sec.gov/Archives/edgar/data/1383088/000147793222000209/cyca-20210930.xml,2022-01-12,2022,411725,https://www.sec.gov/Archives/edgar/data/1383088/000147793222000209/0001477932-22-000209-index.htm,7372,10k-cyca-20210930
DQC.US.0001.75,"2022-03-09 20:00:03,351 [DQC.US.0001.75] The concept StockIssuedDuringPeriodValueIssuedForServices with a value of 0 is dimensionally qualified with the StatementEquityComponentsAxis and the base taxonomy member SeriesEPreferredStockMember. Only extension members and the elements defined as children of this axis in the US GAAP taxonomy should be used with the axis StatementEquityComponentsAxis. 
When using the member SeriesEPreferredStockMember this member should be used on the class of stock axis and not the StatementEquityComponentsAxis. Any facts reported using the member SeriesEPreferredStockMember should have both the StatementClassOfStockAxis and the StatementEquityComponentsAxis axis associated with the fact. The StatementEquityComponentsAxis should use a generic stock type like CommonStockMember, PreferredStockMember etc.
The properties of the fact for StockIssuedDuringPeriodValueIssuedForServices are:
Period: 2020-10-01 to 2021-09-30
Dimensions: us-gaap:StatementEquityComponentsAxis=us-gaap:SeriesEPreferredStockMember 
Unit: USD

Rule Element Id:75
Rule version: 17.0.2 - cyca-20210930.xml 1220",2022-03-10,ERROR,DQC,1,1383088,CYTTA CORP.,2022-01-12 13:46:00,0001477932-22-000209,US GAAP 2020,XBRL Document Created with XBRLMaster,10-K,http://www.sec.gov/Archives/edgar/data/1383088/000147793222000209/cyca-20210930.xml,2022-01-12,2022,411725,https://www.sec.gov/Archives/edgar/data/1383088/000147793222000209/0001477932-22-000209-index.htm,7372,10k-cyca-20210930
DQC.US.0001.75,"2022-03-09 20:00:03,353 [DQC.US.0001.75] The concept CapitalStockIssuedForCashShares with a value of None is dimensionally qualified with the StatementEquityComponentsAxis and the base taxonomy member SeriesEPreferredStockMember. Only extension members and the elements defined as children of this axis in the US GAAP taxonomy should be used with the axis StatementEquityComponentsAxis. 
When using the member SeriesEPreferredStockMember this member should be used on the class of stock axis and not the StatementEquityComponentsAxis. Any facts reported using the member SeriesEPreferredStockMember should have both the StatementClassOfStockAxis and the StatementEquityComponentsAxis axis associated with the fact. The StatementEquityComponentsAxis should use a generic stock type like CommonStockMember, PreferredStockMember etc.
The properties of the fact for CapitalStockIssuedForCashShares are:
Period: 2019-10-01 to 2020-09-30
Dimensions: us-gaap:StatementEquityComponentsAxis=us-gaap:SeriesEPreferredStockMember 
Unit: shares

Rule Element Id:75
Rule version: 17.0.2 - cyca-20210930.xml 1145",2022-03-10,ERROR,DQC,1,1383088,CYTTA CORP.,2022-01-12 13:46:00,0001477932-22-000209,US GAAP 2020,XBRL Document Created with XBRLMaster,10-K,http://www.sec.gov/Archives/edgar/data/1383088/000147793222000209/cyca-20210930.xml,2022-01-12,2022,411725,https://www.sec.gov/Archives/edgar/data/1383088/000147793222000209/0001477932-22-000209-index.htm,7372,10k-cyca-20210930
DQC.US.0001.75,"2022-03-09 20:00:03,354 [DQC.US.0001.75] The concept CommonStockIssuedForTechnologyShares with a value of None is dimensionally qualified with the StatementEquityComponentsAxis and the base taxonomy member SeriesEPreferredStockMember. Only extension members and the elements defined as children of this axis in the US GAAP taxonomy should be used with the axis StatementEquityComponentsAxis. 
When using the member SeriesEPreferredStockMember this member should be used on the class of stock axis and not the StatementEquityComponentsAxis. Any facts reported using the member SeriesEPreferredStockMember should have both the StatementClassOfStockAxis and the StatementEquityComponentsAxis axis associated with the fact. The StatementEquityComponentsAxis should use a generic stock type like CommonStockMember, PreferredStockMember etc.
The properties of the fact for CommonStockIssuedForTechnologyShares are:
Period: 2019-10-01 to 2020-09-30
Dimensions: us-gaap:StatementEquityComponentsAxis=us-gaap:SeriesEPreferredStockMember 
Unit: shares

Rule Element Id:75
Rule version: 17.0.2 - cyca-20210930.xml 1167",2022-03-10,ERROR,DQC,1,1383088,CYTTA CORP.,2022-01-12 13:46:00,0001477932-22-000209,US GAAP 2020,XBRL Document Created with XBRLMaster,10-K,http://www.sec.gov/Archives/edgar/data/1383088/000147793222000209/cyca-20210930.xml,2022-01-12,2022,411725,https://www.sec.gov/Archives/edgar/data/1383088/000147793222000209/0001477932-22-000209-index.htm,7372,10k-cyca-20210930
DQC.US.0001.75,"2022-03-09 20:00:03,354 [DQC.US.0001.75] The concept StockholdersEquity with a value of 0 is dimensionally qualified with the StatementEquityComponentsAxis and the base taxonomy member SeriesEPreferredStockMember. Only extension members and the elements defined as children of this axis in the US GAAP taxonomy should be used with the axis StatementEquityComponentsAxis. 
When using the member SeriesEPreferredStockMember this member should be used on the class of stock axis and not the StatementEquityComponentsAxis. Any facts reported using the member SeriesEPreferredStockMember should have both the StatementClassOfStockAxis and the StatementEquityComponentsAxis axis associated with the fact. The StatementEquityComponentsAxis should use a generic stock type like CommonStockMember, PreferredStockMember etc.
The properties of the fact for StockholdersEquity are:
Period: 2019-09-30
Dimensions: us-gaap:StatementEquityComponentsAxis=us-gaap:SeriesEPreferredStockMember 
Unit: USD

Rule Element Id:75
Rule version: 17.0.2 - cyca-20210930.xml 1138",2022-03-10,ERROR,DQC,1,1383088,CYTTA CORP.,2022-01-12 13:46:00,0001477932-22-000209,US GAAP 2020,XBRL Document Created with XBRLMaster,10-K,http://www.sec.gov/Archives/edgar/data/1383088/000147793222000209/cyca-20210930.xml,2022-01-12,2022,411725,https://www.sec.gov/Archives/edgar/data/1383088/000147793222000209/0001477932-22-000209-index.htm,7372,10k-cyca-20210930
DQC.US.0001.75,"2022-03-09 20:00:03,354 [DQC.US.0001.75] The concept StockholdersEquity with a value of 13,650 is dimensionally qualified with the StatementEquityComponentsAxis and the base taxonomy member SeriesEPreferredStockMember. Only extension members and the elements defined as children of this axis in the US GAAP taxonomy should be used with the axis StatementEquityComponentsAxis. 
When using the member SeriesEPreferredStockMember this member should be used on the class of stock axis and not the StatementEquityComponentsAxis. Any facts reported using the member SeriesEPreferredStockMember should have both the StatementClassOfStockAxis and the StatementEquityComponentsAxis axis associated with the fact. The StatementEquityComponentsAxis should use a generic stock type like CommonStockMember, PreferredStockMember etc.
The properties of the fact for StockholdersEquity are:
Period: 2021-09-30
Dimensions: us-gaap:StatementEquityComponentsAxis=us-gaap:SeriesEPreferredStockMember 
Unit: USD

Rule Element Id:75
Rule version: 17.0.2 - cyca-20210930.xml 1285",2022-03-10,ERROR,DQC,1,1383088,CYTTA CORP.,2022-01-12 13:46:00,0001477932-22-000209,US GAAP 2020,XBRL Document Created with XBRLMaster,10-K,http://www.sec.gov/Archives/edgar/data/1383088/000147793222000209/cyca-20210930.xml,2022-01-12,2022,411725,https://www.sec.gov/Archives/edgar/data/1383088/000147793222000209/0001477932-22-000209-index.htm,7372,10k-cyca-20210930
DQC.US.0001.75,"2022-03-09 20:00:03,355 [DQC.US.0001.75] The concept StockIssuedDuringPeriodValueIssuedForServices with a value of 0 is dimensionally qualified with the StatementEquityComponentsAxis and the base taxonomy member SeriesEPreferredStockMember. Only extension members and the elements defined as children of this axis in the US GAAP taxonomy should be used with the axis StatementEquityComponentsAxis. 
When using the member SeriesEPreferredStockMember this member should be used on the class of stock axis and not the StatementEquityComponentsAxis. Any facts reported using the member SeriesEPreferredStockMember should have both the StatementClassOfStockAxis and the StatementEquityComponentsAxis axis associated with the fact. The StatementEquityComponentsAxis should use a generic stock type like CommonStockMember, PreferredStockMember etc.
The properties of the fact for StockIssuedDuringPeriodValueIssuedForServices are:
Period: 2019-10-01 to 2020-09-30
Dimensions: us-gaap:StatementEquityComponentsAxis=us-gaap:SeriesEPreferredStockMember 
Unit: USD

Rule Element Id:75
Rule version: 17.0.2 - cyca-20210930.xml 1182",2022-03-10,ERROR,DQC,1,1383088,CYTTA CORP.,2022-01-12 13:46:00,0001477932-22-000209,US GAAP 2020,XBRL Document Created with XBRLMaster,10-K,http://www.sec.gov/Archives/edgar/data/1383088/000147793222000209/cyca-20210930.xml,2022-01-12,2022,411725,https://www.sec.gov/Archives/edgar/data/1383088/000147793222000209/0001477932-22-000209-index.htm,7372,10k-cyca-20210930
DQC.US.0001.75,"2022-11-17 06:01:47,233 [DQC.US.0001.75] The concept CommonStockSharesOutstanding with a value of 209,850 is dimensionally qualified with the StatementEquityComponentsAxis and the base taxonomy member CommonClassAMember. Only extension members and the elements defined as children of this axis in the US GAAP taxonomy should be used with the axis StatementEquityComponentsAxis. 
When using the member CommonClassAMember this member should be used on the class of stock axis and not the StatementEquityComponentsAxis. Any facts reported using the member CommonClassAMember should have both the StatementClassOfStockAxis and the StatementEquityComponentsAxis axis associated with the fact. The StatementEquityComponentsAxis should use a generic stock type like CommonStockMember, PreferredStockMember etc.
The properties of the fact for CommonStockSharesOutstanding are:
Period: 2022-09-30
Dimensions: us-gaap:StatementEquityComponentsAxis=us-gaap:CommonClassAMember, us-gaap:StatementClassOfStockAxis=GSD:RepresentativesClassASharesMember 
Unit: shares

Rule Element Id:75
Rule version: 19.0.2 - gsd10q.htm 3179",2022-11-17,ERROR,DQC,1,1843248,"GLOBAL     SYSTEM DYNAMICS, INC.",2022-11-14 16:36:00,0001663577-22-000657,US GAAP 2022,Field: Set; Name: xdx; ID: xdx_059_edei%2D%2DDocumentFiscalPeriodFocus_Q3,10-Q,http://www.sec.gov/Archives/edgar/data/1843248/000166357722000657/gsd10q.htm,2022-11-14,2022,529871,https://www.sec.gov/Archives/edgar/data/1843248/000166357722000657/0001663577-22-000657-index.htm,6770,10q-gsd-20220930
DQC.US.0001.75,"2022-11-17 06:01:47,234 [DQC.US.0001.75] The concept CommonStockSharesOutstanding with a value of 10,492,380 is dimensionally qualified with the StatementEquityComponentsAxis and the base taxonomy member CommonClassAMember. Only extension members and the elements defined as children of this axis in the US GAAP taxonomy should be used with the axis StatementEquityComponentsAxis. 
When using the member CommonClassAMember this member should be used on the class of stock axis and not the StatementEquityComponentsAxis. Any facts reported using the member CommonClassAMember should have both the StatementClassOfStockAxis and the StatementEquityComponentsAxis axis associated with the fact. The StatementEquityComponentsAxis should use a generic stock type like CommonStockMember, PreferredStockMember etc.
The properties of the fact for CommonStockSharesOutstanding are:
Period: 2022-09-30
Dimensions: us-gaap:StatementEquityComponentsAxis=us-gaap:CommonClassAMember, us-gaap:StatementClassOfStockAxis=GSD:PublicSharesMember 
Unit: shares

Rule Element Id:75
Rule version: 19.0.2 - gsd10q.htm 3179",2022-11-17,ERROR,DQC,1,1843248,"GLOBAL     SYSTEM DYNAMICS, INC.",2022-11-14 16:36:00,0001663577-22-000657,US GAAP 2022,Field: Set; Name: xdx; ID: xdx_059_edei%2D%2DDocumentFiscalPeriodFocus_Q3,10-Q,http://www.sec.gov/Archives/edgar/data/1843248/000166357722000657/gsd10q.htm,2022-11-14,2022,529871,https://www.sec.gov/Archives/edgar/data/1843248/000166357722000657/0001663577-22-000657-index.htm,6770,10q-gsd-20220930
DQC.US.0001.75,"2022-11-11 06:19:21,629 [DQC.US.0001.75] The concept StockholdersEquityIncludingPortionAttributableToNoncontrollingInterest with a value of -12,883 is dimensionally qualified with the StatementEquityComponentsAxis and the base taxonomy member AdditionalPaidInCapital. Only extension members and the elements defined as children of this axis in the US GAAP taxonomy should be used with the axis StatementEquityComponentsAxis. 
The properties of the fact for StockholdersEquityIncludingPortionAttributableToNoncontrollingInterest are:
Period: 2021-09-30
Dimensions: us-gaap:StatementEquityComponentsAxis=us-gaap:AdditionalPaidInCapital 
Unit: USD

Rule Element Id:75
Rule version: 19.0.2 - shgi_q123to.htm 1254",2022-11-11,ERROR,DQC,1,1874138,"Sparx     Holdings Group, Inc.",2022-11-09 15:08:00,0001599916-22-000299,US GAAP 2022,Field: Set; Name: xdx; ID: xdx_056_edei%2D%2DEntityCurrentReportingStatus_Yes,10-Q,http://www.sec.gov/Archives/edgar/data/1874138/000159991622000299/shgi_q123to.htm,2022-11-09,2022,525644,https://www.sec.gov/Archives/edgar/data/1874138/000159991622000299/0001599916-22-000299-index.htm,6770,10q-shgi-20220930
DQC.US.0001.75,"2022-11-11 06:19:21,630 [DQC.US.0001.75] The concept NetIncomeLoss with a value of None is dimensionally qualified with the StatementEquityComponentsAxis and the base taxonomy member AdditionalPaidInCapital. Only extension members and the elements defined as children of this axis in the US GAAP taxonomy should be used with the axis StatementEquityComponentsAxis. 
The properties of the fact for NetIncomeLoss are:
Period: 2021-07-01 to 2021-09-30
Dimensions: us-gaap:StatementEquityComponentsAxis=us-gaap:AdditionalPaidInCapital 
Unit: USD

Rule Element Id:75
Rule version: 19.0.2 - shgi_q123to.htm 55",2022-11-11,ERROR,DQC,1,1874138,"Sparx     Holdings Group, Inc.",2022-11-09 15:08:00,0001599916-22-000299,US GAAP 2022,Field: Set; Name: xdx; ID: xdx_056_edei%2D%2DEntityCurrentReportingStatus_Yes,10-Q,http://www.sec.gov/Archives/edgar/data/1874138/000159991622000299/shgi_q123to.htm,2022-11-09,2022,525644,https://www.sec.gov/Archives/edgar/data/1874138/000159991622000299/0001599916-22-000299-index.htm,6770,10q-shgi-20220930
DQC.US.0001.75,"2022-11-11 06:19:21,630 [DQC.US.0001.75] The concept NetIncomeLoss with a value of None is dimensionally qualified with the StatementEquityComponentsAxis and the base taxonomy member AdditionalPaidInCapital. Only extension members and the elements defined as children of this axis in the US GAAP taxonomy should be used with the axis StatementEquityComponentsAxis. 
The properties of the fact for NetIncomeLoss are:
Period: 2022-07-01 to 2022-09-30
Dimensions: us-gaap:StatementEquityComponentsAxis=us-gaap:AdditionalPaidInCapital 
Unit: USD

Rule Element Id:75
Rule version: 19.0.2 - shgi_q123to.htm 47",2022-11-11,ERROR,DQC,1,1874138,"Sparx     Holdings Group, Inc.",2022-11-09 15:08:00,0001599916-22-000299,US GAAP 2022,Field: Set; Name: xdx; ID: xdx_056_edei%2D%2DEntityCurrentReportingStatus_Yes,10-Q,http://www.sec.gov/Archives/edgar/data/1874138/000159991622000299/shgi_q123to.htm,2022-11-09,2022,525644,https://www.sec.gov/Archives/edgar/data/1874138/000159991622000299/0001599916-22-000299-index.htm,6770,10q-shgi-20220930
DQC.US.0001.75,"2022-11-11 06:19:21,630 [DQC.US.0001.75] The concept StockholdersEquityIncludingPortionAttributableToNoncontrollingInterest with a value of -7,422 is dimensionally qualified with the StatementEquityComponentsAxis and the base taxonomy member AdditionalPaidInCapital. Only extension members and the elements defined as children of this axis in the US GAAP taxonomy should be used with the axis StatementEquityComponentsAxis. 
The properties of the fact for StockholdersEquityIncludingPortionAttributableToNoncontrollingInterest are:
Period: 2022-06-30
Dimensions: us-gaap:StatementEquityComponentsAxis=us-gaap:AdditionalPaidInCapital 
Unit: USD

Rule Element Id:75
Rule version: 19.0.2 - shgi_q123to.htm 1053",2022-11-11,ERROR,DQC,1,1874138,"Sparx     Holdings Group, Inc.",2022-11-09 15:08:00,0001599916-22-000299,US GAAP 2022,Field: Set; Name: xdx; ID: xdx_056_edei%2D%2DEntityCurrentReportingStatus_Yes,10-Q,http://www.sec.gov/Archives/edgar/data/1874138/000159991622000299/shgi_q123to.htm,2022-11-09,2022,525644,https://www.sec.gov/Archives/edgar/data/1874138/000159991622000299/0001599916-22-000299-index.htm,6770,10q-shgi-20220930
DQC.US.0001.75,"2022-11-11 06:19:21,631 [DQC.US.0001.75] The concept ProceedsFromContributedCapital with a value of 4,775 is dimensionally qualified with the StatementEquityComponentsAxis and the base taxonomy member AdditionalPaidInCapital. Only extension members and the elements defined as children of this axis in the US GAAP taxonomy should be used with the axis StatementEquityComponentsAxis. 
The properties of the fact for ProceedsFromContributedCapital are:
Period: 2022-07-01 to 2022-09-30
Dimensions: us-gaap:StatementEquityComponentsAxis=us-gaap:AdditionalPaidInCapital 
Unit: USD

Rule Element Id:75
Rule version: 19.0.2 - shgi_q123to.htm 1085",2022-11-11,ERROR,DQC,1,1874138,"Sparx     Holdings Group, Inc.",2022-11-09 15:08:00,0001599916-22-000299,US GAAP 2022,Field: Set; Name: xdx; ID: xdx_056_edei%2D%2DEntityCurrentReportingStatus_Yes,10-Q,http://www.sec.gov/Archives/edgar/data/1874138/000159991622000299/shgi_q123to.htm,2022-11-09,2022,525644,https://www.sec.gov/Archives/edgar/data/1874138/000159991622000299/0001599916-22-000299-index.htm,6770,10q-shgi-20220930
DQC.US.0001.75,"2022-11-11 06:19:21,631 [DQC.US.0001.75] The concept StockholdersEquityIncludingPortionAttributableToNoncontrollingInterest with a value of 960 is dimensionally qualified with the StatementEquityComponentsAxis and the base taxonomy member AdditionalPaidInCapital. Only extension members and the elements defined as children of this axis in the US GAAP taxonomy should be used with the axis StatementEquityComponentsAxis. 
The properties of the fact for StockholdersEquityIncludingPortionAttributableToNoncontrollingInterest are:
Period: 2021-06-30
Dimensions: us-gaap:StatementEquityComponentsAxis=us-gaap:AdditionalPaidInCapital 
Unit: USD

Rule Element Id:75
Rule version: 19.0.2 - shgi_q123to.htm 1194",2022-11-11,ERROR,DQC,1,1874138,"Sparx     Holdings Group, Inc.",2022-11-09 15:08:00,0001599916-22-000299,US GAAP 2022,Field: Set; Name: xdx; ID: xdx_056_edei%2D%2DEntityCurrentReportingStatus_Yes,10-Q,http://www.sec.gov/Archives/edgar/data/1874138/000159991622000299/shgi_q123to.htm,2022-11-09,2022,525644,https://www.sec.gov/Archives/edgar/data/1874138/000159991622000299/0001599916-22-000299-index.htm,6770,10q-shgi-20220930
DQC.US.0001.75,"2022-11-11 06:19:21,632 [DQC.US.0001.75] The concept Commonsharesissuedinreorg with a value of -17,875 is dimensionally qualified with the StatementEquityComponentsAxis and the base taxonomy member AdditionalPaidInCapital. Only extension members and the elements defined as children of this axis in the US GAAP taxonomy should be used with the axis StatementEquityComponentsAxis. 
The properties of the fact for Commonsharesissuedinreorg are:
Period: 2021-07-01 to 2021-09-30
Dimensions: us-gaap:StatementEquityComponentsAxis=us-gaap:AdditionalPaidInCapital 
Unit: USD

Rule Element Id:75
Rule version: 19.0.2 - shgi_q123to.htm 1209",2022-11-11,ERROR,DQC,1,1874138,"Sparx     Holdings Group, Inc.",2022-11-09 15:08:00,0001599916-22-000299,US GAAP 2022,Field: Set; Name: xdx; ID: xdx_056_edei%2D%2DEntityCurrentReportingStatus_Yes,10-Q,http://www.sec.gov/Archives/edgar/data/1874138/000159991622000299/shgi_q123to.htm,2022-11-09,2022,525644,https://www.sec.gov/Archives/edgar/data/1874138/000159991622000299/0001599916-22-000299-index.htm,6770,10q-shgi-20220930
DQC.US.0001.75,"2022-11-11 06:19:21,632 [DQC.US.0001.75] The concept ProceedsFromContributedCapital with a value of 4,032 is dimensionally qualified with the StatementEquityComponentsAxis and the base taxonomy member AdditionalPaidInCapital. Only extension members and the elements defined as children of this axis in the US GAAP taxonomy should be used with the axis StatementEquityComponentsAxis. 
The properties of the fact for ProceedsFromContributedCapital are:
Period: 2021-07-01 to 2021-09-30
Dimensions: us-gaap:StatementEquityComponentsAxis=us-gaap:AdditionalPaidInCapital 
Unit: USD

Rule Element Id:75
Rule version: 19.0.2 - shgi_q123to.htm 1224",2022-11-11,ERROR,DQC,1,1874138,"Sparx     Holdings Group, Inc.",2022-11-09 15:08:00,0001599916-22-000299,US GAAP 2022,Field: Set; Name: xdx; ID: xdx_056_edei%2D%2DEntityCurrentReportingStatus_Yes,10-Q,http://www.sec.gov/Archives/edgar/data/1874138/000159991622000299/shgi_q123to.htm,2022-11-09,2022,525644,https://www.sec.gov/Archives/edgar/data/1874138/000159991622000299/0001599916-22-000299-index.htm,6770,10q-shgi-20220930
DQC.US.0001.75,"2022-11-11 06:19:21,632 [DQC.US.0001.75] The concept StockholdersEquityIncludingPortionAttributableToNoncontrollingInterest with a value of -2,647 is dimensionally qualified with the StatementEquityComponentsAxis and the base taxonomy member AdditionalPaidInCapital. Only extension members and the elements defined as children of this axis in the US GAAP taxonomy should be used with the axis StatementEquityComponentsAxis. 
The properties of the fact for StockholdersEquityIncludingPortionAttributableToNoncontrollingInterest are:
Period: 2022-09-30
Dimensions: us-gaap:StatementEquityComponentsAxis=us-gaap:AdditionalPaidInCapital 
Unit: USD

Rule Element Id:75
Rule version: 19.0.2 - shgi_q123to.htm 1117",2022-11-11,ERROR,DQC,1,1874138,"Sparx     Holdings Group, Inc.",2022-11-09 15:08:00,0001599916-22-000299,US GAAP 2022,Field: Set; Name: xdx; ID: xdx_056_edei%2D%2DEntityCurrentReportingStatus_Yes,10-Q,http://www.sec.gov/Archives/edgar/data/1874138/000159991622000299/shgi_q123to.htm,2022-11-09,2022,525644,https://www.sec.gov/Archives/edgar/data/1874138/000159991622000299/0001599916-22-000299-index.htm,6770,10q-shgi-20220930
DQC.US.0001.81,"2022-11-08 10:15:45,198 [DQC.US.0001.81]  The member CorporateNonSegmentMember is used on the axis StatementBusinessSegmentsAxis. The StatementBusinessSegmentsAxis should only be used with extension members and the  following  US-GAAP  members: us-gaap:CorporateAndOtherMember, us-gaap:CorporateMember, us-gaap:SegmentDomain, us-gaap:AllOtherSegmentsMember. There are no facts associated with this member and axis.

Rule Element Id:81
Rule version: 19.0.2 - IXDS rrr-20220930.htm",2022-11-08,ERROR,DQC,1,1653653,"RED ROCK RESORTS, INC.",2022-11-07 19:59:00,0001653653-22-000019,US GAAP 2022,XBRL Document Created with Wdesk from Workiva,10-Q,http://www.sec.gov/Archives/edgar/data/1653653/000165365322000019/rrr-20220930.htm,2022-11-08,2022,524199,https://www.sec.gov/Archives/edgar/data/1653653/000165365322000019/0001653653-22-000019-index.htm,7011,10q-rrr-20220930
DQC.US.0001.75,"2022-11-04 19:04:14,657 [DQC.US.0001.75] The concept GoodwillForeignCurrencyTranslationGainLoss with a value of None is dimensionally qualified with the StatementEquityComponentsAxis and the base taxonomy member AdditionalPaidInCapital. Only extension members and the elements defined as children of this axis in the US GAAP taxonomy should be used with the axis StatementEquityComponentsAxis. 
The properties of the fact for GoodwillForeignCurrencyTranslationGainLoss are:
Period: 2021-05-01 to 2021-07-31
Dimensions: us-gaap:StatementEquityComponentsAxis=us-gaap:AdditionalPaidInCapital 
Unit: USD

Rule Element Id:75
Rule version: 19.0.1 - nxmh10q123o.htm 61",2022-11-04,ERROR,DQC,1,1811530,"Next Meats Holdings, Inc.",2022-11-04 12:36:00,0001599916-22-000286,US GAAP 2022,Field: Set; Name: xdx; ID: xdx_056_edei%2D%2DEntityCurrentReportingStatus_Yes,10-Q,http://www.sec.gov/Archives/edgar/data/1811530/000159991622000286/nxmh10q123o.htm,2022-11-04,2022,523038,https://www.sec.gov/Archives/edgar/data/1811530/000159991622000286/0001599916-22-000286-index.htm,6770,10q-nxmh-20220731
DQC.US.0001.75,"2022-11-04 19:04:14,657 [DQC.US.0001.75] The concept StockholdersEquityIncludingPortionAttributableToNoncontrollingInterest with a value of 5,893,036,428 is dimensionally qualified with the StatementEquityComponentsAxis and the base taxonomy member AdditionalPaidInCapital. Only extension members and the elements defined as children of this axis in the US GAAP taxonomy should be used with the axis StatementEquityComponentsAxis. 
The properties of the fact for StockholdersEquityIncludingPortionAttributableToNoncontrollingInterest are:
Period: 2022-07-31
Dimensions: us-gaap:StatementEquityComponentsAxis=us-gaap:AdditionalPaidInCapital 
Unit: USD

Rule Element Id:75
Rule version: 19.0.1 - nxmh10q123o.htm 1411",2022-11-04,ERROR,DQC,1,1811530,"Next Meats Holdings, Inc.",2022-11-04 12:36:00,0001599916-22-000286,US GAAP 2022,Field: Set; Name: xdx; ID: xdx_056_edei%2D%2DEntityCurrentReportingStatus_Yes,10-Q,http://www.sec.gov/Archives/edgar/data/1811530/000159991622000286/nxmh10q123o.htm,2022-11-04,2022,523038,https://www.sec.gov/Archives/edgar/data/1811530/000159991622000286/0001599916-22-000286-index.htm,6770,10q-nxmh-20220731
DQC.US.0001.75,"2022-11-04 19:04:14,658 [DQC.US.0001.75] The concept GoodwillForeignCurrencyTranslationGainLoss with a value of None is dimensionally qualified with the StatementEquityComponentsAxis and the base taxonomy member AdditionalPaidInCapital. Only extension members and the elements defined as children of this axis in the US GAAP taxonomy should be used with the axis StatementEquityComponentsAxis. 
The properties of the fact for GoodwillForeignCurrencyTranslationGainLoss are:
Period: 2022-05-01 to 2022-07-31
Dimensions: us-gaap:StatementEquityComponentsAxis=us-gaap:AdditionalPaidInCapital 
Unit: USD

Rule Element Id:75
Rule version: 19.0.1 - nxmh10q123o.htm 49",2022-11-04,ERROR,DQC,1,1811530,"Next Meats Holdings, Inc.",2022-11-04 12:36:00,0001599916-22-000286,US GAAP 2022,Field: Set; Name: xdx; ID: xdx_056_edei%2D%2DEntityCurrentReportingStatus_Yes,10-Q,http://www.sec.gov/Archives/edgar/data/1811530/000159991622000286/nxmh10q123o.htm,2022-11-04,2022,523038,https://www.sec.gov/Archives/edgar/data/1811530/000159991622000286/0001599916-22-000286-index.htm,6770,10q-nxmh-20220731
DQC.US.0001.75,"2022-11-04 19:04:14,658 [DQC.US.0001.75] The concept StockholdersEquityIncludingPortionAttributableToNoncontrollingInterest with a value of 5,889,168,832 is dimensionally qualified with the StatementEquityComponentsAxis and the base taxonomy member AdditionalPaidInCapital. Only extension members and the elements defined as children of this axis in the US GAAP taxonomy should be used with the axis StatementEquityComponentsAxis. 
The properties of the fact for StockholdersEquityIncludingPortionAttributableToNoncontrollingInterest are:
Period: 2021-04-30
Dimensions: us-gaap:StatementEquityComponentsAxis=us-gaap:AdditionalPaidInCapital 
Unit: USD

Rule Element Id:75
Rule version: 19.0.1 - nxmh10q123o.htm 1479",2022-11-04,ERROR,DQC,1,1811530,"Next Meats Holdings, Inc.",2022-11-04 12:36:00,0001599916-22-000286,US GAAP 2022,Field: Set; Name: xdx; ID: xdx_056_edei%2D%2DEntityCurrentReportingStatus_Yes,10-Q,http://www.sec.gov/Archives/edgar/data/1811530/000159991622000286/nxmh10q123o.htm,2022-11-04,2022,523038,https://www.sec.gov/Archives/edgar/data/1811530/000159991622000286/0001599916-22-000286-index.htm,6770,10q-nxmh-20220731
DQC.US.0001.75,"2022-11-04 19:04:14,658 [DQC.US.0001.75] The concept StockholdersEquityIncludingPortionAttributableToNoncontrollingInterest with a value of 5,889,372,517 is dimensionally qualified with the StatementEquityComponentsAxis and the base taxonomy member AdditionalPaidInCapital. Only extension members and the elements defined as children of this axis in the US GAAP taxonomy should be used with the axis StatementEquityComponentsAxis. 
The properties of the fact for StockholdersEquityIncludingPortionAttributableToNoncontrollingInterest are:
Period: 2021-07-31
Dimensions: us-gaap:StatementEquityComponentsAxis=us-gaap:AdditionalPaidInCapital 
Unit: USD

Rule Element Id:75
Rule version: 19.0.1 - nxmh10q123o.htm 1549",2022-11-04,ERROR,DQC,1,1811530,"Next Meats Holdings, Inc.",2022-11-04 12:36:00,0001599916-22-000286,US GAAP 2022,Field: Set; Name: xdx; ID: xdx_056_edei%2D%2DEntityCurrentReportingStatus_Yes,10-Q,http://www.sec.gov/Archives/edgar/data/1811530/000159991622000286/nxmh10q123o.htm,2022-11-04,2022,523038,https://www.sec.gov/Archives/edgar/data/1811530/000159991622000286/0001599916-22-000286-index.htm,6770,10q-nxmh-20220731
DQC.US.0001.75,"2022-11-04 19:04:14,659 [DQC.US.0001.75] The concept NetIncomeLoss with a value of None is dimensionally qualified with the StatementEquityComponentsAxis and the base taxonomy member AdditionalPaidInCapital. Only extension members and the elements defined as children of this axis in the US GAAP taxonomy should be used with the axis StatementEquityComponentsAxis. 
The properties of the fact for NetIncomeLoss are:
Period: 2021-05-01 to 2021-07-31
Dimensions: us-gaap:StatementEquityComponentsAxis=us-gaap:AdditionalPaidInCapital 
Unit: USD

Rule Element Id:75
Rule version: 19.0.1 - nxmh10q123o.htm 57",2022-11-04,ERROR,DQC,1,1811530,"Next Meats Holdings, Inc.",2022-11-04 12:36:00,0001599916-22-000286,US GAAP 2022,Field: Set; Name: xdx; ID: xdx_056_edei%2D%2DEntityCurrentReportingStatus_Yes,10-Q,http://www.sec.gov/Archives/edgar/data/1811530/000159991622000286/nxmh10q123o.htm,2022-11-04,2022,523038,https://www.sec.gov/Archives/edgar/data/1811530/000159991622000286/0001599916-22-000286-index.htm,6770,10q-nxmh-20220731
DQC.US.0001.75,"2022-11-04 19:04:14,659 [DQC.US.0001.75] The concept NetIncomeLoss with a value of None is dimensionally qualified with the StatementEquityComponentsAxis and the base taxonomy member AdditionalPaidInCapital. Only extension members and the elements defined as children of this axis in the US GAAP taxonomy should be used with the axis StatementEquityComponentsAxis. 
The properties of the fact for NetIncomeLoss are:
Period: 2022-05-01 to 2022-07-31
Dimensions: us-gaap:StatementEquityComponentsAxis=us-gaap:AdditionalPaidInCapital 
Unit: USD

Rule Element Id:75
Rule version: 19.0.1 - nxmh10q123o.htm 46",2022-11-04,ERROR,DQC,1,1811530,"Next Meats Holdings, Inc.",2022-11-04 12:36:00,0001599916-22-000286,US GAAP 2022,Field: Set; Name: xdx; ID: xdx_056_edei%2D%2DEntityCurrentReportingStatus_Yes,10-Q,http://www.sec.gov/Archives/edgar/data/1811530/000159991622000286/nxmh10q123o.htm,2022-11-04,2022,523038,https://www.sec.gov/Archives/edgar/data/1811530/000159991622000286/0001599916-22-000286-index.htm,6770,10q-nxmh-20220731
DQC.US.0001.75,"2022-11-04 19:04:14,659 [DQC.US.0001.75] The concept StockholdersEquityIncludingPortionAttributableToNoncontrollingInterest with a value of 5,893,031,815 is dimensionally qualified with the StatementEquityComponentsAxis and the base taxonomy member AdditionalPaidInCapital. Only extension members and the elements defined as children of this axis in the US GAAP taxonomy should be used with the axis StatementEquityComponentsAxis. 
The properties of the fact for StockholdersEquityIncludingPortionAttributableToNoncontrollingInterest are:
Period: 2022-04-30
Dimensions: us-gaap:StatementEquityComponentsAxis=us-gaap:AdditionalPaidInCapital 
Unit: USD

Rule Element Id:75
Rule version: 19.0.1 - nxmh10q123o.htm 1351",2022-11-04,ERROR,DQC,1,1811530,"Next Meats Holdings, Inc.",2022-11-04 12:36:00,0001599916-22-000286,US GAAP 2022,Field: Set; Name: xdx; ID: xdx_056_edei%2D%2DEntityCurrentReportingStatus_Yes,10-Q,http://www.sec.gov/Archives/edgar/data/1811530/000159991622000286/nxmh10q123o.htm,2022-11-04,2022,523038,https://www.sec.gov/Archives/edgar/data/1811530/000159991622000286/0001599916-22-000286-index.htm,6770,10q-nxmh-20220731
DQC.US.0001.75,"2022-11-04 19:04:14,660 [DQC.US.0001.75] The concept ProceedsFromContributedCapital with a value of 203,685 is dimensionally qualified with the StatementEquityComponentsAxis and the base taxonomy member AdditionalPaidInCapital. Only extension members and the elements defined as children of this axis in the US GAAP taxonomy should be used with the axis StatementEquityComponentsAxis. 
The properties of the fact for ProceedsFromContributedCapital are:
Period: 2021-05-01 to 2021-07-31
Dimensions: us-gaap:StatementEquityComponentsAxis=us-gaap:AdditionalPaidInCapital 
Unit: USD

Rule Element Id:75
Rule version: 19.0.1 - nxmh10q123o.htm 1497",2022-11-04,ERROR,DQC,1,1811530,"Next Meats Holdings, Inc.",2022-11-04 12:36:00,0001599916-22-000286,US GAAP 2022,Field: Set; Name: xdx; ID: xdx_056_edei%2D%2DEntityCurrentReportingStatus_Yes,10-Q,http://www.sec.gov/Archives/edgar/data/1811530/000159991622000286/nxmh10q123o.htm,2022-11-04,2022,523038,https://www.sec.gov/Archives/edgar/data/1811530/000159991622000286/0001599916-22-000286-index.htm,6770,10q-nxmh-20220731
DQC.US.0001.75,"2022-11-04 19:04:14,660 [DQC.US.0001.75] The concept ProceedsFromContributedCapital with a value of 4,613 is dimensionally qualified with the StatementEquityComponentsAxis and the base taxonomy member AdditionalPaidInCapital. Only extension members and the elements defined as children of this axis in the US GAAP taxonomy should be used with the axis StatementEquityComponentsAxis. 
The properties of the fact for ProceedsFromContributedCapital are:
Period: 2022-05-01 to 2022-07-31
Dimensions: us-gaap:StatementEquityComponentsAxis=us-gaap:AdditionalPaidInCapital 
Unit: USD

Rule Element Id:75
Rule version: 19.0.1 - nxmh10q123o.htm 1365",2022-11-04,ERROR,DQC,1,1811530,"Next Meats Holdings, Inc.",2022-11-04 12:36:00,0001599916-22-000286,US GAAP 2022,Field: Set; Name: xdx; ID: xdx_056_edei%2D%2DEntityCurrentReportingStatus_Yes,10-Q,http://www.sec.gov/Archives/edgar/data/1811530/000159991622000286/nxmh10q123o.htm,2022-11-04,2022,523038,https://www.sec.gov/Archives/edgar/data/1811530/000159991622000286/0001599916-22-000286-index.htm,6770,10q-nxmh-20220731
DQC.US.0001.75,"2022-11-04 19:04:14,661 [DQC.US.0001.75] The concept GoodwillForeignCurrencyTranslationGainLoss with a value of -182,451 is dimensionally qualified with the StatementEquityComponentsAxis and the base taxonomy member OtherComprehensiveIncomeMember. Only extension members and the elements defined as children of this axis in the US GAAP taxonomy should be used with the axis StatementEquityComponentsAxis. 
The properties of the fact for GoodwillForeignCurrencyTranslationGainLoss are:
Period: 2022-05-01 to 2022-07-31
Dimensions: us-gaap:StatementEquityComponentsAxis=us-gaap:OtherComprehensiveIncomeMember 
Unit: USD

Rule Element Id:75
Rule version: 19.0.1 - nxmh10q123o.htm 1399",2022-11-04,ERROR,DQC,1,1811530,"Next Meats Holdings, Inc.",2022-11-04 12:36:00,0001599916-22-000286,US GAAP 2022,Field: Set; Name: xdx; ID: xdx_056_edei%2D%2DEntityCurrentReportingStatus_Yes,10-Q,http://www.sec.gov/Archives/edgar/data/1811530/000159991622000286/nxmh10q123o.htm,2022-11-04,2022,523038,https://www.sec.gov/Archives/edgar/data/1811530/000159991622000286/0001599916-22-000286-index.htm,6770,10q-nxmh-20220731
DQC.US.0001.75,"2022-11-04 19:04:14,661 [DQC.US.0001.75] The concept StockholdersEquityIncludingPortionAttributableToNoncontrollingInterest with a value of -115,367 is dimensionally qualified with the StatementEquityComponentsAxis and the base taxonomy member OtherComprehensiveIncomeMember. Only extension members and the elements defined as children of this axis in the US GAAP taxonomy should be used with the axis StatementEquityComponentsAxis. 
The properties of the fact for StockholdersEquityIncludingPortionAttributableToNoncontrollingInterest are:
Period: 2021-07-31
Dimensions: us-gaap:StatementEquityComponentsAxis=us-gaap:OtherComprehensiveIncomeMember 
Unit: USD

Rule Element Id:75
Rule version: 19.0.1 - nxmh10q123o.htm 1551",2022-11-04,ERROR,DQC,1,1811530,"Next Meats Holdings, Inc.",2022-11-04 12:36:00,0001599916-22-000286,US GAAP 2022,Field: Set; Name: xdx; ID: xdx_056_edei%2D%2DEntityCurrentReportingStatus_Yes,10-Q,http://www.sec.gov/Archives/edgar/data/1811530/000159991622000286/nxmh10q123o.htm,2022-11-04,2022,523038,https://www.sec.gov/Archives/edgar/data/1811530/000159991622000286/0001599916-22-000286-index.htm,6770,10q-nxmh-20220731
DQC.US.0001.75,"2022-11-04 19:04:14,661 [DQC.US.0001.75] The concept StockholdersEquityIncludingPortionAttributableToNoncontrollingInterest with a value of -1,381,478 is dimensionally qualified with the StatementEquityComponentsAxis and the base taxonomy member OtherComprehensiveIncomeMember. Only extension members and the elements defined as children of this axis in the US GAAP taxonomy should be used with the axis StatementEquityComponentsAxis. 
The properties of the fact for StockholdersEquityIncludingPortionAttributableToNoncontrollingInterest are:
Period: 2022-07-31
Dimensions: us-gaap:StatementEquityComponentsAxis=us-gaap:OtherComprehensiveIncomeMember 
Unit: USD

Rule Element Id:75
Rule version: 19.0.1 - nxmh10q123o.htm 1413",2022-11-04,ERROR,DQC,1,1811530,"Next Meats Holdings, Inc.",2022-11-04 12:36:00,0001599916-22-000286,US GAAP 2022,Field: Set; Name: xdx; ID: xdx_056_edei%2D%2DEntityCurrentReportingStatus_Yes,10-Q,http://www.sec.gov/Archives/edgar/data/1811530/000159991622000286/nxmh10q123o.htm,2022-11-04,2022,523038,https://www.sec.gov/Archives/edgar/data/1811530/000159991622000286/0001599916-22-000286-index.htm,6770,10q-nxmh-20220731
DQC.US.0001.75,"2022-11-04 19:04:14,662 [DQC.US.0001.75] The concept GoodwillForeignCurrencyTranslationGainLoss with a value of -45,306 is dimensionally qualified with the StatementEquityComponentsAxis and the base taxonomy member OtherComprehensiveIncomeMember. Only extension members and the elements defined as children of this axis in the US GAAP taxonomy should be used with the axis StatementEquityComponentsAxis. 
The properties of the fact for GoodwillForeignCurrencyTranslationGainLoss are:
Period: 2021-05-01 to 2021-07-31
Dimensions: us-gaap:StatementEquityComponentsAxis=us-gaap:OtherComprehensiveIncomeMember 
Unit: USD

Rule Element Id:75
Rule version: 19.0.1 - nxmh10q123o.htm 1535",2022-11-04,ERROR,DQC,1,1811530,"Next Meats Holdings, Inc.",2022-11-04 12:36:00,0001599916-22-000286,US GAAP 2022,Field: Set; Name: xdx; ID: xdx_056_edei%2D%2DEntityCurrentReportingStatus_Yes,10-Q,http://www.sec.gov/Archives/edgar/data/1811530/000159991622000286/nxmh10q123o.htm,2022-11-04,2022,523038,https://www.sec.gov/Archives/edgar/data/1811530/000159991622000286/0001599916-22-000286-index.htm,6770,10q-nxmh-20220731
DQC.US.0001.75,"2022-11-04 19:04:14,662 [DQC.US.0001.75] The concept StockholdersEquityIncludingPortionAttributableToNoncontrollingInterest with a value of -70,061 is dimensionally qualified with the StatementEquityComponentsAxis and the base taxonomy member OtherComprehensiveIncomeMember. Only extension members and the elements defined as children of this axis in the US GAAP taxonomy should be used with the axis StatementEquityComponentsAxis. 
The properties of the fact for StockholdersEquityIncludingPortionAttributableToNoncontrollingInterest are:
Period: 2021-04-30
Dimensions: us-gaap:StatementEquityComponentsAxis=us-gaap:OtherComprehensiveIncomeMember 
Unit: USD

Rule Element Id:75
Rule version: 19.0.1 - nxmh10q123o.htm 1481",2022-11-04,ERROR,DQC,1,1811530,"Next Meats Holdings, Inc.",2022-11-04 12:36:00,0001599916-22-000286,US GAAP 2022,Field: Set; Name: xdx; ID: xdx_056_edei%2D%2DEntityCurrentReportingStatus_Yes,10-Q,http://www.sec.gov/Archives/edgar/data/1811530/000159991622000286/nxmh10q123o.htm,2022-11-04,2022,523038,https://www.sec.gov/Archives/edgar/data/1811530/000159991622000286/0001599916-22-000286-index.htm,6770,10q-nxmh-20220731
DQC.US.0001.75,"2022-11-04 19:04:14,663 [DQC.US.0001.75] The concept NetIncomeLoss with a value of None is dimensionally qualified with the StatementEquityComponentsAxis and the base taxonomy member OtherComprehensiveIncomeMember. Only extension members and the elements defined as children of this axis in the US GAAP taxonomy should be used with the axis StatementEquityComponentsAxis. 
The properties of the fact for NetIncomeLoss are:
Period: 2021-05-01 to 2021-07-31
Dimensions: us-gaap:StatementEquityComponentsAxis=us-gaap:OtherComprehensiveIncomeMember 
Unit: USD

Rule Element Id:75
Rule version: 19.0.1 - nxmh10q123o.htm 58",2022-11-04,ERROR,DQC,1,1811530,"Next Meats Holdings, Inc.",2022-11-04 12:36:00,0001599916-22-000286,US GAAP 2022,Field: Set; Name: xdx; ID: xdx_056_edei%2D%2DEntityCurrentReportingStatus_Yes,10-Q,http://www.sec.gov/Archives/edgar/data/1811530/000159991622000286/nxmh10q123o.htm,2022-11-04,2022,523038,https://www.sec.gov/Archives/edgar/data/1811530/000159991622000286/0001599916-22-000286-index.htm,6770,10q-nxmh-20220731
DQC.US.0001.75,"2022-11-04 19:04:14,663 [DQC.US.0001.75] The concept NetIncomeLoss with a value of None is dimensionally qualified with the StatementEquityComponentsAxis and the base taxonomy member OtherComprehensiveIncomeMember. Only extension members and the elements defined as children of this axis in the US GAAP taxonomy should be used with the axis StatementEquityComponentsAxis. 
The properties of the fact for NetIncomeLoss are:
Period: 2022-05-01 to 2022-07-31
Dimensions: us-gaap:StatementEquityComponentsAxis=us-gaap:OtherComprehensiveIncomeMember 
Unit: USD

Rule Element Id:75
Rule version: 19.0.1 - nxmh10q123o.htm 47",2022-11-04,ERROR,DQC,1,1811530,"Next Meats Holdings, Inc.",2022-11-04 12:36:00,0001599916-22-000286,US GAAP 2022,Field: Set; Name: xdx; ID: xdx_056_edei%2D%2DEntityCurrentReportingStatus_Yes,10-Q,http://www.sec.gov/Archives/edgar/data/1811530/000159991622000286/nxmh10q123o.htm,2022-11-04,2022,523038,https://www.sec.gov/Archives/edgar/data/1811530/000159991622000286/0001599916-22-000286-index.htm,6770,10q-nxmh-20220731
DQC.US.0001.75,"2022-11-04 19:04:14,663 [DQC.US.0001.75] The concept ProceedsFromContributedCapital with a value of None is dimensionally qualified with the StatementEquityComponentsAxis and the base taxonomy member OtherComprehensiveIncomeMember. Only extension members and the elements defined as children of this axis in the US GAAP taxonomy should be used with the axis StatementEquityComponentsAxis. 
The properties of the fact for ProceedsFromContributedCapital are:
Period: 2022-05-01 to 2022-07-31
Dimensions: us-gaap:StatementEquityComponentsAxis=us-gaap:OtherComprehensiveIncomeMember 
Unit: USD

Rule Element Id:75
Rule version: 19.0.1 - nxmh10q123o.htm 43",2022-11-04,ERROR,DQC,1,1811530,"Next Meats Holdings, Inc.",2022-11-04 12:36:00,0001599916-22-000286,US GAAP 2022,Field: Set; Name: xdx; ID: xdx_056_edei%2D%2DEntityCurrentReportingStatus_Yes,10-Q,http://www.sec.gov/Archives/edgar/data/1811530/000159991622000286/nxmh10q123o.htm,2022-11-04,2022,523038,https://www.sec.gov/Archives/edgar/data/1811530/000159991622000286/0001599916-22-000286-index.htm,6770,10q-nxmh-20220731
DQC.US.0001.75,"2022-11-04 19:04:14,663 [DQC.US.0001.75] The concept StockholdersEquityIncludingPortionAttributableToNoncontrollingInterest with a value of -1,199,027 is dimensionally qualified with the StatementEquityComponentsAxis and the base taxonomy member OtherComprehensiveIncomeMember. Only extension members and the elements defined as children of this axis in the US GAAP taxonomy should be used with the axis StatementEquityComponentsAxis. 
The properties of the fact for StockholdersEquityIncludingPortionAttributableToNoncontrollingInterest are:
Period: 2022-04-30
Dimensions: us-gaap:StatementEquityComponentsAxis=us-gaap:OtherComprehensiveIncomeMember 
Unit: USD

Rule Element Id:75
Rule version: 19.0.1 - nxmh10q123o.htm 1353",2022-11-04,ERROR,DQC,1,1811530,"Next Meats Holdings, Inc.",2022-11-04 12:36:00,0001599916-22-000286,US GAAP 2022,Field: Set; Name: xdx; ID: xdx_056_edei%2D%2DEntityCurrentReportingStatus_Yes,10-Q,http://www.sec.gov/Archives/edgar/data/1811530/000159991622000286/nxmh10q123o.htm,2022-11-04,2022,523038,https://www.sec.gov/Archives/edgar/data/1811530/000159991622000286/0001599916-22-000286-index.htm,6770,10q-nxmh-20220731
DQC.US.0001.75,"2022-11-04 19:04:14,664 [DQC.US.0001.75] The concept ProceedsFromContributedCapital with a value of None is dimensionally qualified with the StatementEquityComponentsAxis and the base taxonomy member OtherComprehensiveIncomeMember. Only extension members and the elements defined as children of this axis in the US GAAP taxonomy should be used with the axis StatementEquityComponentsAxis. 
The properties of the fact for ProceedsFromContributedCapital are:
Period: 2021-05-01 to 2021-07-31
Dimensions: us-gaap:StatementEquityComponentsAxis=us-gaap:OtherComprehensiveIncomeMember 
Unit: USD

Rule Element Id:75
Rule version: 19.0.1 - nxmh10q123o.htm 53",2022-11-04,ERROR,DQC,1,1811530,"Next Meats Holdings, Inc.",2022-11-04 12:36:00,0001599916-22-000286,US GAAP 2022,Field: Set; Name: xdx; ID: xdx_056_edei%2D%2DEntityCurrentReportingStatus_Yes,10-Q,http://www.sec.gov/Archives/edgar/data/1811530/000159991622000286/nxmh10q123o.htm,2022-11-04,2022,523038,https://www.sec.gov/Archives/edgar/data/1811530/000159991622000286/0001599916-22-000286-index.htm,6770,10q-nxmh-20220731
DQC.US.0001.75,"2022-09-29 16:03:10,427 [DQC.US.0001.75] The concept Noncontrollinginterest with a value of None is dimensionally qualified with the StatementEquityComponentsAxis and the base taxonomy member OtherComprehensiveIncomeMember. Only extension members and the elements defined as children of this axis in the US GAAP taxonomy should be used with the axis StatementEquityComponentsAxis. 
The properties of the fact for Noncontrollinginterest are:
Period: 2020-05-01 to 2021-04-30
Dimensions: us-gaap:StatementEquityComponentsAxis=us-gaap:OtherComprehensiveIncomeMember 
Unit: USD

Rule Element Id:75
Rule version: 19.0.0 - nxmh_ye22o.htm 53",2022-09-29,ERROR,DQC,1,1811530,"Next Meats Holdings, Inc.",2022-09-29 15:39:00,0001599916-22-000252,US GAAP 2022,Field: Set; Name: xdx; ID: xdx_059_edei%2D%2DEntityExTransitionPeriod_false,10-K,http://www.sec.gov/Archives/edgar/data/1811530/000159991622000252/nxmh_ye22o.htm,2022-09-29,2022,513604,https://www.sec.gov/Archives/edgar/data/1811530/000159991622000252/0001599916-22-000252-index.htm,6770,10k-nxmh-20220430
DQC.US.0001.75,"2022-09-29 16:03:10,428 [DQC.US.0001.75] The concept NetIncomeLoss with a value of None is dimensionally qualified with the StatementEquityComponentsAxis and the base taxonomy member OtherComprehensiveIncomeMember. Only extension members and the elements defined as children of this axis in the US GAAP taxonomy should be used with the axis StatementEquityComponentsAxis. 
The properties of the fact for NetIncomeLoss are:
Period: 2020-05-01 to 2021-04-30
Dimensions: us-gaap:StatementEquityComponentsAxis=us-gaap:OtherComprehensiveIncomeMember 
Unit: USD

Rule Element Id:75
Rule version: 19.0.0 - nxmh_ye22o.htm 73",2022-09-29,ERROR,DQC,1,1811530,"Next Meats Holdings, Inc.",2022-09-29 15:39:00,0001599916-22-000252,US GAAP 2022,Field: Set; Name: xdx; ID: xdx_059_edei%2D%2DEntityExTransitionPeriod_false,10-K,http://www.sec.gov/Archives/edgar/data/1811530/000159991622000252/nxmh_ye22o.htm,2022-09-29,2022,513604,https://www.sec.gov/Archives/edgar/data/1811530/000159991622000252/0001599916-22-000252-index.htm,6770,10k-nxmh-20220430
DQC.US.0001.75,"2022-09-29 16:03:10,428 [DQC.US.0001.75] The concept Sharesissuedreorganization with a value of None is dimensionally qualified with the StatementEquityComponentsAxis and the base taxonomy member OtherComprehensiveIncomeMember. Only extension members and the elements defined as children of this axis in the US GAAP taxonomy should be used with the axis StatementEquityComponentsAxis. 
The properties of the fact for Sharesissuedreorganization are:
Period: 2020-05-01 to 2021-04-30
Dimensions: us-gaap:StatementEquityComponentsAxis=us-gaap:OtherComprehensiveIncomeMember 
Unit: USD

Rule Element Id:75
Rule version: 19.0.0 - nxmh_ye22o.htm 60",2022-09-29,ERROR,DQC,1,1811530,"Next Meats Holdings, Inc.",2022-09-29 15:39:00,0001599916-22-000252,US GAAP 2022,Field: Set; Name: xdx; ID: xdx_059_edei%2D%2DEntityExTransitionPeriod_false,10-K,http://www.sec.gov/Archives/edgar/data/1811530/000159991622000252/nxmh_ye22o.htm,2022-09-29,2022,513604,https://www.sec.gov/Archives/edgar/data/1811530/000159991622000252/0001599916-22-000252-index.htm,6770,10k-nxmh-20220430
DQC.US.0001.75,"2022-09-29 16:03:10,428 [DQC.US.0001.75] The concept StockholdersEquityIncludingPortionAttributableToNoncontrollingInterest with a value of -70,061 is dimensionally qualified with the StatementEquityComponentsAxis and the base taxonomy member OtherComprehensiveIncomeMember. Only extension members and the elements defined as children of this axis in the US GAAP taxonomy should be used with the axis StatementEquityComponentsAxis. 
The properties of the fact for StockholdersEquityIncludingPortionAttributableToNoncontrollingInterest are:
Period: 2021-04-30
Dimensions: us-gaap:StatementEquityComponentsAxis=us-gaap:OtherComprehensiveIncomeMember 
Unit: USD

Rule Element Id:75
Rule version: 19.0.0 - nxmh_ye22o.htm 3279",2022-09-29,ERROR,DQC,1,1811530,"Next Meats Holdings, Inc.",2022-09-29 15:39:00,0001599916-22-000252,US GAAP 2022,Field: Set; Name: xdx; ID: xdx_059_edei%2D%2DEntityExTransitionPeriod_false,10-K,http://www.sec.gov/Archives/edgar/data/1811530/000159991622000252/nxmh_ye22o.htm,2022-09-29,2022,513604,https://www.sec.gov/Archives/edgar/data/1811530/000159991622000252/0001599916-22-000252-index.htm,6770,10k-nxmh-20220430
DQC.US.0001.75,"2022-09-29 16:03:10,429 [DQC.US.0001.75] The concept Commonsharesreturned with a value of None is dimensionally qualified with the StatementEquityComponentsAxis and the base taxonomy member OtherComprehensiveIncomeMember. Only extension members and the elements defined as children of this axis in the US GAAP taxonomy should be used with the axis StatementEquityComponentsAxis. 
The properties of the fact for Commonsharesreturned are:
Period: 2020-05-01 to 2021-04-30
Dimensions: us-gaap:StatementEquityComponentsAxis=us-gaap:OtherComprehensiveIncomeMember 
Unit: USD

Rule Element Id:75
Rule version: 19.0.0 - nxmh_ye22o.htm 56",2022-09-29,ERROR,DQC,1,1811530,"Next Meats Holdings, Inc.",2022-09-29 15:39:00,0001599916-22-000252,US GAAP 2022,Field: Set; Name: xdx; ID: xdx_059_edei%2D%2DEntityExTransitionPeriod_false,10-K,http://www.sec.gov/Archives/edgar/data/1811530/000159991622000252/nxmh_ye22o.htm,2022-09-29,2022,513604,https://www.sec.gov/Archives/edgar/data/1811530/000159991622000252/0001599916-22-000252-index.htm,6770,10k-nxmh-20220430
DQC.US.0001.75,"2022-09-29 16:03:10,429 [DQC.US.0001.75] The concept Noncontrollinginterest with a value of None is dimensionally qualified with the StatementEquityComponentsAxis and the base taxonomy member OtherComprehensiveIncomeMember. Only extension members and the elements defined as children of this axis in the US GAAP taxonomy should be used with the axis StatementEquityComponentsAxis. 
The properties of the fact for Noncontrollinginterest are:
Period: 2021-05-01 to 2022-04-30
Dimensions: us-gaap:StatementEquityComponentsAxis=us-gaap:OtherComprehensiveIncomeMember 
Unit: USD

Rule Element Id:75
Rule version: 19.0.0 - nxmh_ye22o.htm 80",2022-09-29,ERROR,DQC,1,1811530,"Next Meats Holdings, Inc.",2022-09-29 15:39:00,0001599916-22-000252,US GAAP 2022,Field: Set; Name: xdx; ID: xdx_059_edei%2D%2DEntityExTransitionPeriod_false,10-K,http://www.sec.gov/Archives/edgar/data/1811530/000159991622000252/nxmh_ye22o.htm,2022-09-29,2022,513604,https://www.sec.gov/Archives/edgar/data/1811530/000159991622000252/0001599916-22-000252-index.htm,6770,10k-nxmh-20220430
DQC.US.0001.75,"2022-09-29 16:03:10,429 [DQC.US.0001.75] The concept ProceedsFromContributedCapital with a value of None is dimensionally qualified with the StatementEquityComponentsAxis and the base taxonomy member OtherComprehensiveIncomeMember. Only extension members and the elements defined as children of this axis in the US GAAP taxonomy should be used with the axis StatementEquityComponentsAxis. 
The properties of the fact for ProceedsFromContributedCapital are:
Period: 2020-05-01 to 2021-04-30
Dimensions: us-gaap:StatementEquityComponentsAxis=us-gaap:OtherComprehensiveIncomeMember 
Unit: USD

Rule Element Id:75
Rule version: 19.0.0 - nxmh_ye22o.htm 68",2022-09-29,ERROR,DQC,1,1811530,"Next Meats Holdings, Inc.",2022-09-29 15:39:00,0001599916-22-000252,US GAAP 2022,Field: Set; Name: xdx; ID: xdx_059_edei%2D%2DEntityExTransitionPeriod_false,10-K,http://www.sec.gov/Archives/edgar/data/1811530/000159991622000252/nxmh_ye22o.htm,2022-09-29,2022,513604,https://www.sec.gov/Archives/edgar/data/1811530/000159991622000252/0001599916-22-000252-index.htm,6770,10k-nxmh-20220430
DQC.US.0001.75,"2022-09-29 16:03:10,430 [DQC.US.0001.75] The concept GoodwillForeignCurrencyTranslationGainLoss with a value of -1,128,966 is dimensionally qualified with the StatementEquityComponentsAxis and the base taxonomy member OtherComprehensiveIncomeMember. Only extension members and the elements defined as children of this axis in the US GAAP taxonomy should be used with the axis StatementEquityComponentsAxis. 
The properties of the fact for GoodwillForeignCurrencyTranslationGainLoss are:
Period: 2021-05-01 to 2022-04-30
Dimensions: us-gaap:StatementEquityComponentsAxis=us-gaap:OtherComprehensiveIncomeMember 
Unit: USD

Rule Element Id:75
Rule version: 19.0.0 - nxmh_ye22o.htm 3372",2022-09-29,ERROR,DQC,1,1811530,"Next Meats Holdings, Inc.",2022-09-29 15:39:00,0001599916-22-000252,US GAAP 2022,Field: Set; Name: xdx; ID: xdx_059_edei%2D%2DEntityExTransitionPeriod_false,10-K,http://www.sec.gov/Archives/edgar/data/1811530/000159991622000252/nxmh_ye22o.htm,2022-09-29,2022,513604,https://www.sec.gov/Archives/edgar/data/1811530/000159991622000252/0001599916-22-000252-index.htm,6770,10k-nxmh-20220430
DQC.US.0001.75,"2022-09-29 16:03:10,430 [DQC.US.0001.75] The concept NetIncomeLoss with a value of None is dimensionally qualified with the StatementEquityComponentsAxis and the base taxonomy member OtherComprehensiveIncomeMember. Only extension members and the elements defined as children of this axis in the US GAAP taxonomy should be used with the axis StatementEquityComponentsAxis. 
The properties of the fact for NetIncomeLoss are:
Period: 2021-05-01 to 2022-04-30
Dimensions: us-gaap:StatementEquityComponentsAxis=us-gaap:OtherComprehensiveIncomeMember 
Unit: USD

Rule Element Id:75
Rule version: 19.0.0 - nxmh_ye22o.htm 89",2022-09-29,ERROR,DQC,1,1811530,"Next Meats Holdings, Inc.",2022-09-29 15:39:00,0001599916-22-000252,US GAAP 2022,Field: Set; Name: xdx; ID: xdx_059_edei%2D%2DEntityExTransitionPeriod_false,10-K,http://www.sec.gov/Archives/edgar/data/1811530/000159991622000252/nxmh_ye22o.htm,2022-09-29,2022,513604,https://www.sec.gov/Archives/edgar/data/1811530/000159991622000252/0001599916-22-000252-index.htm,6770,10k-nxmh-20220430
DQC.US.0001.75,"2022-09-29 16:03:10,430 [DQC.US.0001.75] The concept StockholdersEquityIncludingPortionAttributableToNoncontrollingInterest with a value of None is dimensionally qualified with the StatementEquityComponentsAxis and the base taxonomy member OtherComprehensiveIncomeMember. Only extension members and the elements defined as children of this axis in the US GAAP taxonomy should be used with the axis StatementEquityComponentsAxis. 
The properties of the fact for StockholdersEquityIncludingPortionAttributableToNoncontrollingInterest are:
Period: 2020-04-30
Dimensions: us-gaap:StatementEquityComponentsAxis=us-gaap:OtherComprehensiveIncomeMember 
Unit: USD

Rule Element Id:75
Rule version: 19.0.0 - nxmh_ye22o.htm 50",2022-09-29,ERROR,DQC,1,1811530,"Next Meats Holdings, Inc.",2022-09-29 15:39:00,0001599916-22-000252,US GAAP 2022,Field: Set; Name: xdx; ID: xdx_059_edei%2D%2DEntityExTransitionPeriod_false,10-K,http://www.sec.gov/Archives/edgar/data/1811530/000159991622000252/nxmh_ye22o.htm,2022-09-29,2022,513604,https://www.sec.gov/Archives/edgar/data/1811530/000159991622000252/0001599916-22-000252-index.htm,6770,10k-nxmh-20220430
DQC.US.0001.75,"2022-09-29 16:03:10,431 [DQC.US.0001.75] The concept Commonsharesissuedforservices with a value of None is dimensionally qualified with the StatementEquityComponentsAxis and the base taxonomy member OtherComprehensiveIncomeMember. Only extension members and the elements defined as children of this axis in the US GAAP taxonomy should be used with the axis StatementEquityComponentsAxis. 
The properties of the fact for Commonsharesissuedforservices are:
Period: 2020-05-01 to 2021-04-30
Dimensions: us-gaap:StatementEquityComponentsAxis=us-gaap:OtherComprehensiveIncomeMember 
Unit: USD

Rule Element Id:75
Rule version: 19.0.0 - nxmh_ye22o.htm 64",2022-09-29,ERROR,DQC,1,1811530,"Next Meats Holdings, Inc.",2022-09-29 15:39:00,0001599916-22-000252,US GAAP 2022,Field: Set; Name: xdx; ID: xdx_059_edei%2D%2DEntityExTransitionPeriod_false,10-K,http://www.sec.gov/Archives/edgar/data/1811530/000159991622000252/nxmh_ye22o.htm,2022-09-29,2022,513604,https://www.sec.gov/Archives/edgar/data/1811530/000159991622000252/0001599916-22-000252-index.htm,6770,10k-nxmh-20220430
DQC.US.0001.75,"2022-09-29 16:03:10,431 [DQC.US.0001.75] The concept GoodwillForeignCurrencyTranslationGainLoss with a value of -70,061 is dimensionally qualified with the StatementEquityComponentsAxis and the base taxonomy member OtherComprehensiveIncomeMember. Only extension members and the elements defined as children of this axis in the US GAAP taxonomy should be used with the axis StatementEquityComponentsAxis. 
The properties of the fact for GoodwillForeignCurrencyTranslationGainLoss are:
Period: 2020-05-01 to 2021-04-30
Dimensions: us-gaap:StatementEquityComponentsAxis=us-gaap:OtherComprehensiveIncomeMember 
Unit: USD

Rule Element Id:75
Rule version: 19.0.0 - nxmh_ye22o.htm 3263",2022-09-29,ERROR,DQC,1,1811530,"Next Meats Holdings, Inc.",2022-09-29 15:39:00,0001599916-22-000252,US GAAP 2022,Field: Set; Name: xdx; ID: xdx_059_edei%2D%2DEntityExTransitionPeriod_false,10-K,http://www.sec.gov/Archives/edgar/data/1811530/000159991622000252/nxmh_ye22o.htm,2022-09-29,2022,513604,https://www.sec.gov/Archives/edgar/data/1811530/000159991622000252/0001599916-22-000252-index.htm,6770,10k-nxmh-20220430
DQC.US.0001.75,"2022-09-29 16:03:10,431 [DQC.US.0001.75] The concept StockholdersEquityIncludingPortionAttributableToNoncontrollingInterest with a value of -1,199,027 is dimensionally qualified with the StatementEquityComponentsAxis and the base taxonomy member OtherComprehensiveIncomeMember. Only extension members and the elements defined as children of this axis in the US GAAP taxonomy should be used with the axis StatementEquityComponentsAxis. 
The properties of the fact for StockholdersEquityIncludingPortionAttributableToNoncontrollingInterest are:
Period: 2022-04-30
Dimensions: us-gaap:StatementEquityComponentsAxis=us-gaap:OtherComprehensiveIncomeMember 
Unit: USD

Rule Element Id:75
Rule version: 19.0.0 - nxmh_ye22o.htm 3392",2022-09-29,ERROR,DQC,1,1811530,"Next Meats Holdings, Inc.",2022-09-29 15:39:00,0001599916-22-000252,US GAAP 2022,Field: Set; Name: xdx; ID: xdx_059_edei%2D%2DEntityExTransitionPeriod_false,10-K,http://www.sec.gov/Archives/edgar/data/1811530/000159991622000252/nxmh_ye22o.htm,2022-09-29,2022,513604,https://www.sec.gov/Archives/edgar/data/1811530/000159991622000252/0001599916-22-000252-index.htm,6770,10k-nxmh-20220430
DQC.US.0001.75,"2022-09-29 16:03:10,432 [DQC.US.0001.75] The concept Noncontrollinginterest with a value of None is dimensionally qualified with the StatementEquityComponentsAxis and the base taxonomy member AdditionalPaidInCapital. Only extension members and the elements defined as children of this axis in the US GAAP taxonomy should be used with the axis StatementEquityComponentsAxis. 
The properties of the fact for Noncontrollinginterest are:
Period: 2021-05-01 to 2022-04-30
Dimensions: us-gaap:StatementEquityComponentsAxis=us-gaap:AdditionalPaidInCapital 
Unit: USD

Rule Element Id:75
Rule version: 19.0.0 - nxmh_ye22o.htm 79",2022-09-29,ERROR,DQC,1,1811530,"Next Meats Holdings, Inc.",2022-09-29 15:39:00,0001599916-22-000252,US GAAP 2022,Field: Set; Name: xdx; ID: xdx_059_edei%2D%2DEntityExTransitionPeriod_false,10-K,http://www.sec.gov/Archives/edgar/data/1811530/000159991622000252/nxmh_ye22o.htm,2022-09-29,2022,513604,https://www.sec.gov/Archives/edgar/data/1811530/000159991622000252/0001599916-22-000252-index.htm,6770,10k-nxmh-20220430
DQC.US.0001.75,"2022-09-29 16:03:10,432 [DQC.US.0001.75] The concept Previouslycontributedexpensespaidbycompany with a value of -4,955 is dimensionally qualified with the StatementEquityComponentsAxis and the base taxonomy member AdditionalPaidInCapital. Only extension members and the elements defined as children of this axis in the US GAAP taxonomy should be used with the axis StatementEquityComponentsAxis. 
The properties of the fact for Previouslycontributedexpensespaidbycompany are:
Period: 2021-05-01 to 2022-04-30
Dimensions: us-gaap:StatementEquityComponentsAxis=us-gaap:AdditionalPaidInCapital 
Unit: USD

Rule Element Id:75
Rule version: 19.0.0 - nxmh_ye22o.htm 3333",2022-09-29,ERROR,DQC,1,1811530,"Next Meats Holdings, Inc.",2022-09-29 15:39:00,0001599916-22-000252,US GAAP 2022,Field: Set; Name: xdx; ID: xdx_059_edei%2D%2DEntityExTransitionPeriod_false,10-K,http://www.sec.gov/Archives/edgar/data/1811530/000159991622000252/nxmh_ye22o.htm,2022-09-29,2022,513604,https://www.sec.gov/Archives/edgar/data/1811530/000159991622000252/0001599916-22-000252-index.htm,6770,10k-nxmh-20220430
DQC.US.0001.75,"2022-09-29 16:03:10,432 [DQC.US.0001.75] The concept Previouslycontributedexpensespaidbycompany with a value of None is dimensionally qualified with the StatementEquityComponentsAxis and the base taxonomy member OtherComprehensiveIncomeMember. Only extension members and the elements defined as children of this axis in the US GAAP taxonomy should be used with the axis StatementEquityComponentsAxis. 
The properties of the fact for Previouslycontributedexpensespaidbycompany are:
Period: 2021-05-01 to 2022-04-30
Dimensions: us-gaap:StatementEquityComponentsAxis=us-gaap:OtherComprehensiveIncomeMember 
Unit: USD

Rule Element Id:75
Rule version: 19.0.0 - nxmh_ye22o.htm 84",2022-09-29,ERROR,DQC,1,1811530,"Next Meats Holdings, Inc.",2022-09-29 15:39:00,0001599916-22-000252,US GAAP 2022,Field: Set; Name: xdx; ID: xdx_059_edei%2D%2DEntityExTransitionPeriod_false,10-K,http://www.sec.gov/Archives/edgar/data/1811530/000159991622000252/nxmh_ye22o.htm,2022-09-29,2022,513604,https://www.sec.gov/Archives/edgar/data/1811530/000159991622000252/0001599916-22-000252-index.htm,6770,10k-nxmh-20220430
DQC.US.0001.75,"2022-09-29 16:03:10,433 [DQC.US.0001.75] The concept GoodwillForeignCurrencyTranslationGainLoss with a value of None is dimensionally qualified with the StatementEquityComponentsAxis and the base taxonomy member AdditionalPaidInCapital. Only extension members and the elements defined as children of this axis in the US GAAP taxonomy should be used with the axis StatementEquityComponentsAxis. 
The properties of the fact for GoodwillForeignCurrencyTranslationGainLoss are:
Period: 2021-05-01 to 2022-04-30
Dimensions: us-gaap:StatementEquityComponentsAxis=us-gaap:AdditionalPaidInCapital 
Unit: USD

Rule Element Id:75
Rule version: 19.0.0 - nxmh_ye22o.htm 92",2022-09-29,ERROR,DQC,1,1811530,"Next Meats Holdings, Inc.",2022-09-29 15:39:00,0001599916-22-000252,US GAAP 2022,Field: Set; Name: xdx; ID: xdx_059_edei%2D%2DEntityExTransitionPeriod_false,10-K,http://www.sec.gov/Archives/edgar/data/1811530/000159991622000252/nxmh_ye22o.htm,2022-09-29,2022,513604,https://www.sec.gov/Archives/edgar/data/1811530/000159991622000252/0001599916-22-000252-index.htm,6770,10k-nxmh-20220430
DQC.US.0001.75,"2022-09-29 16:03:10,433 [DQC.US.0001.75] The concept ProceedsFromContributedCapital with a value of 20,070 is dimensionally qualified with the StatementEquityComponentsAxis and the base taxonomy member AdditionalPaidInCapital. Only extension members and the elements defined as children of this axis in the US GAAP taxonomy should be used with the axis StatementEquityComponentsAxis. 
The properties of the fact for ProceedsFromContributedCapital are:
Period: 2020-05-01 to 2021-04-30
Dimensions: us-gaap:StatementEquityComponentsAxis=us-gaap:AdditionalPaidInCapital 
Unit: USD

Rule Element Id:75
Rule version: 19.0.0 - nxmh_ye22o.htm 3226",2022-09-29,ERROR,DQC,1,1811530,"Next Meats Holdings, Inc.",2022-09-29 15:39:00,0001599916-22-000252,US GAAP 2022,Field: Set; Name: xdx; ID: xdx_059_edei%2D%2DEntityExTransitionPeriod_false,10-K,http://www.sec.gov/Archives/edgar/data/1811530/000159991622000252/nxmh_ye22o.htm,2022-09-29,2022,513604,https://www.sec.gov/Archives/edgar/data/1811530/000159991622000252/0001599916-22-000252-index.htm,6770,10k-nxmh-20220430
DQC.US.0001.75,"2022-09-29 16:03:10,433 [DQC.US.0001.75] The concept StockholdersEquityIncludingPortionAttributableToNoncontrollingInterest with a value of 2,885 is dimensionally qualified with the StatementEquityComponentsAxis and the base taxonomy member AdditionalPaidInCapital. Only extension members and the elements defined as children of this axis in the US GAAP taxonomy should be used with the axis StatementEquityComponentsAxis. 
The properties of the fact for StockholdersEquityIncludingPortionAttributableToNoncontrollingInterest are:
Period: 2020-04-30
Dimensions: us-gaap:StatementEquityComponentsAxis=us-gaap:AdditionalPaidInCapital 
Unit: USD

Rule Element Id:75
Rule version: 19.0.0 - nxmh_ye22o.htm 3134",2022-09-29,ERROR,DQC,1,1811530,"Next Meats Holdings, Inc.",2022-09-29 15:39:00,0001599916-22-000252,US GAAP 2022,Field: Set; Name: xdx; ID: xdx_059_edei%2D%2DEntityExTransitionPeriod_false,10-K,http://www.sec.gov/Archives/edgar/data/1811530/000159991622000252/nxmh_ye22o.htm,2022-09-29,2022,513604,https://www.sec.gov/Archives/edgar/data/1811530/000159991622000252/0001599916-22-000252-index.htm,6770,10k-nxmh-20220430
DQC.US.0001.75,"2022-09-29 16:03:10,434 [DQC.US.0001.75] The concept NetIncomeLoss with a value of None is dimensionally qualified with the StatementEquityComponentsAxis and the base taxonomy member AdditionalPaidInCapital. Only extension members and the elements defined as children of this axis in the US GAAP taxonomy should be used with the axis StatementEquityComponentsAxis. 
The properties of the fact for NetIncomeLoss are:
Period: 2020-05-01 to 2021-04-30
Dimensions: us-gaap:StatementEquityComponentsAxis=us-gaap:AdditionalPaidInCapital 
Unit: USD

Rule Element Id:75
Rule version: 19.0.0 - nxmh_ye22o.htm 72",2022-09-29,ERROR,DQC,1,1811530,"Next Meats Holdings, Inc.",2022-09-29 15:39:00,0001599916-22-000252,US GAAP 2022,Field: Set; Name: xdx; ID: xdx_059_edei%2D%2DEntityExTransitionPeriod_false,10-K,http://www.sec.gov/Archives/edgar/data/1811530/000159991622000252/nxmh_ye22o.htm,2022-09-29,2022,513604,https://www.sec.gov/Archives/edgar/data/1811530/000159991622000252/0001599916-22-000252-index.htm,6770,10k-nxmh-20220430
DQC.US.0001.75,"2022-09-29 16:03:10,434 [DQC.US.0001.75] The concept NetIncomeLoss with a value of None is dimensionally qualified with the StatementEquityComponentsAxis and the base taxonomy member AdditionalPaidInCapital. Only extension members and the elements defined as children of this axis in the US GAAP taxonomy should be used with the axis StatementEquityComponentsAxis. 
The properties of the fact for NetIncomeLoss are:
Period: 2021-05-01 to 2022-04-30
Dimensions: us-gaap:StatementEquityComponentsAxis=us-gaap:AdditionalPaidInCapital 
Unit: USD

Rule Element Id:75
Rule version: 19.0.0 - nxmh_ye22o.htm 88",2022-09-29,ERROR,DQC,1,1811530,"Next Meats Holdings, Inc.",2022-09-29 15:39:00,0001599916-22-000252,US GAAP 2022,Field: Set; Name: xdx; ID: xdx_059_edei%2D%2DEntityExTransitionPeriod_false,10-K,http://www.sec.gov/Archives/edgar/data/1811530/000159991622000252/nxmh_ye22o.htm,2022-09-29,2022,513604,https://www.sec.gov/Archives/edgar/data/1811530/000159991622000252/0001599916-22-000252-index.htm,6770,10k-nxmh-20220430
DQC.US.0001.75,"2022-09-29 16:03:10,434 [DQC.US.0001.75] The concept StockholdersEquityIncludingPortionAttributableToNoncontrollingInterest with a value of 5,889,168,832 is dimensionally qualified with the StatementEquityComponentsAxis and the base taxonomy member AdditionalPaidInCapital. Only extension members and the elements defined as children of this axis in the US GAAP taxonomy should be used with the axis StatementEquityComponentsAxis. 
The properties of the fact for StockholdersEquityIncludingPortionAttributableToNoncontrollingInterest are:
Period: 2021-04-30
Dimensions: us-gaap:StatementEquityComponentsAxis=us-gaap:AdditionalPaidInCapital 
Unit: USD

Rule Element Id:75
Rule version: 19.0.0 - nxmh_ye22o.htm 3277",2022-09-29,ERROR,DQC,1,1811530,"Next Meats Holdings, Inc.",2022-09-29 15:39:00,0001599916-22-000252,US GAAP 2022,Field: Set; Name: xdx; ID: xdx_059_edei%2D%2DEntityExTransitionPeriod_false,10-K,http://www.sec.gov/Archives/edgar/data/1811530/000159991622000252/nxmh_ye22o.htm,2022-09-29,2022,513604,https://www.sec.gov/Archives/edgar/data/1811530/000159991622000252/0001599916-22-000252-index.htm,6770,10k-nxmh-20220430
DQC.US.0001.75,"2022-09-29 16:03:10,435 [DQC.US.0001.75] The concept GoodwillForeignCurrencyTranslationGainLoss with a value of None is dimensionally qualified with the StatementEquityComponentsAxis and the base taxonomy member AdditionalPaidInCapital. Only extension members and the elements defined as children of this axis in the US GAAP taxonomy should be used with the axis StatementEquityComponentsAxis. 
The properties of the fact for GoodwillForeignCurrencyTranslationGainLoss are:
Period: 2020-05-01 to 2021-04-30
Dimensions: us-gaap:StatementEquityComponentsAxis=us-gaap:AdditionalPaidInCapital 
Unit: USD

Rule Element Id:75
Rule version: 19.0.0 - nxmh_ye22o.htm 76",2022-09-29,ERROR,DQC,1,1811530,"Next Meats Holdings, Inc.",2022-09-29 15:39:00,0001599916-22-000252,US GAAP 2022,Field: Set; Name: xdx; ID: xdx_059_edei%2D%2DEntityExTransitionPeriod_false,10-K,http://www.sec.gov/Archives/edgar/data/1811530/000159991622000252/nxmh_ye22o.htm,2022-09-29,2022,513604,https://www.sec.gov/Archives/edgar/data/1811530/000159991622000252/0001599916-22-000252-index.htm,6770,10k-nxmh-20220430
DQC.US.0001.75,"2022-09-29 16:03:10,435 [DQC.US.0001.75] The concept Sharesissuedreorganization with a value of -47,648 is dimensionally qualified with the StatementEquityComponentsAxis and the base taxonomy member AdditionalPaidInCapital. Only extension members and the elements defined as children of this axis in the US GAAP taxonomy should be used with the axis StatementEquityComponentsAxis. 
The properties of the fact for Sharesissuedreorganization are:
Period: 2020-05-01 to 2021-04-30
Dimensions: us-gaap:StatementEquityComponentsAxis=us-gaap:AdditionalPaidInCapital 
Unit: USD

Rule Element Id:75
Rule version: 19.0.0 - nxmh_ye22o.htm 3194",2022-09-29,ERROR,DQC,1,1811530,"Next Meats Holdings, Inc.",2022-09-29 15:39:00,0001599916-22-000252,US GAAP 2022,Field: Set; Name: xdx; ID: xdx_059_edei%2D%2DEntityExTransitionPeriod_false,10-K,http://www.sec.gov/Archives/edgar/data/1811530/000159991622000252/nxmh_ye22o.htm,2022-09-29,2022,513604,https://www.sec.gov/Archives/edgar/data/1811530/000159991622000252/0001599916-22-000252-index.htm,6770,10k-nxmh-20220430
DQC.US.0001.75,"2022-09-29 16:03:10,435 [DQC.US.0001.75] The concept StockholdersEquityIncludingPortionAttributableToNoncontrollingInterest with a value of 5,893,031,815 is dimensionally qualified with the StatementEquityComponentsAxis and the base taxonomy member AdditionalPaidInCapital. Only extension members and the elements defined as children of this axis in the US GAAP taxonomy should be used with the axis StatementEquityComponentsAxis. 
The properties of the fact for StockholdersEquityIncludingPortionAttributableToNoncontrollingInterest are:
Period: 2022-04-30
Dimensions: us-gaap:StatementEquityComponentsAxis=us-gaap:AdditionalPaidInCapital 
Unit: USD

Rule Element Id:75
Rule version: 19.0.0 - nxmh_ye22o.htm 3388",2022-09-29,ERROR,DQC,1,1811530,"Next Meats Holdings, Inc.",2022-09-29 15:39:00,0001599916-22-000252,US GAAP 2022,Field: Set; Name: xdx; ID: xdx_059_edei%2D%2DEntityExTransitionPeriod_false,10-K,http://www.sec.gov/Archives/edgar/data/1811530/000159991622000252/nxmh_ye22o.htm,2022-09-29,2022,513604,https://www.sec.gov/Archives/edgar/data/1811530/000159991622000252/0001599916-22-000252-index.htm,6770,10k-nxmh-20220430
DQC.US.0001.75,"2022-09-29 16:03:10,436 [DQC.US.0001.75] The concept Commonsharesissuedforservices with a value of 5,880,127,522 is dimensionally qualified with the StatementEquityComponentsAxis and the base taxonomy member AdditionalPaidInCapital. Only extension members and the elements defined as children of this axis in the US GAAP taxonomy should be used with the axis StatementEquityComponentsAxis. 
The properties of the fact for Commonsharesissuedforservices are:
Period: 2020-05-01 to 2021-04-30
Dimensions: us-gaap:StatementEquityComponentsAxis=us-gaap:AdditionalPaidInCapital 
Unit: USD

Rule Element Id:75
Rule version: 19.0.0 - nxmh_ye22o.htm 3210",2022-09-29,ERROR,DQC,1,1811530,"Next Meats Holdings, Inc.",2022-09-29 15:39:00,0001599916-22-000252,US GAAP 2022,Field: Set; Name: xdx; ID: xdx_059_edei%2D%2DEntityExTransitionPeriod_false,10-K,http://www.sec.gov/Archives/edgar/data/1811530/000159991622000252/nxmh_ye22o.htm,2022-09-29,2022,513604,https://www.sec.gov/Archives/edgar/data/1811530/000159991622000252/0001599916-22-000252-index.htm,6770,10k-nxmh-20220430
DQC.US.0001.75,"2022-09-29 16:03:10,436 [DQC.US.0001.75] The concept Commonsharesreturned with a value of 10,000 is dimensionally qualified with the StatementEquityComponentsAxis and the base taxonomy member AdditionalPaidInCapital. Only extension members and the elements defined as children of this axis in the US GAAP taxonomy should be used with the axis StatementEquityComponentsAxis. 
The properties of the fact for Commonsharesreturned are:
Period: 2020-05-01 to 2021-04-30
Dimensions: us-gaap:StatementEquityComponentsAxis=us-gaap:AdditionalPaidInCapital 
Unit: USD

Rule Element Id:75
Rule version: 19.0.0 - nxmh_ye22o.htm 3178",2022-09-29,ERROR,DQC,1,1811530,"Next Meats Holdings, Inc.",2022-09-29 15:39:00,0001599916-22-000252,US GAAP 2022,Field: Set; Name: xdx; ID: xdx_059_edei%2D%2DEntityExTransitionPeriod_false,10-K,http://www.sec.gov/Archives/edgar/data/1811530/000159991622000252/nxmh_ye22o.htm,2022-09-29,2022,513604,https://www.sec.gov/Archives/edgar/data/1811530/000159991622000252/0001599916-22-000252-index.htm,6770,10k-nxmh-20220430
DQC.US.0001.75,"2022-09-29 16:03:10,436 [DQC.US.0001.75] The concept Noncontrollinginterest with a value of None is dimensionally qualified with the StatementEquityComponentsAxis and the base taxonomy member AdditionalPaidInCapital. Only extension members and the elements defined as children of this axis in the US GAAP taxonomy should be used with the axis StatementEquityComponentsAxis. 
The properties of the fact for Noncontrollinginterest are:
Period: 2020-05-01 to 2021-04-30
Dimensions: us-gaap:StatementEquityComponentsAxis=us-gaap:AdditionalPaidInCapital 
Unit: USD

Rule Element Id:75
Rule version: 19.0.0 - nxmh_ye22o.htm 52",2022-09-29,ERROR,DQC,1,1811530,"Next Meats Holdings, Inc.",2022-09-29 15:39:00,0001599916-22-000252,US GAAP 2022,Field: Set; Name: xdx; ID: xdx_059_edei%2D%2DEntityExTransitionPeriod_false,10-K,http://www.sec.gov/Archives/edgar/data/1811530/000159991622000252/nxmh_ye22o.htm,2022-09-29,2022,513604,https://www.sec.gov/Archives/edgar/data/1811530/000159991622000252/0001599916-22-000252-index.htm,6770,10k-nxmh-20220430
DQC.US.0001.75,"2022-08-15 09:02:59,264 [DQC.US.0001.75] The concept StockholdersEquityIncludingPortionAttributableToNoncontrollingInterest with a value of -25,000 is dimensionally qualified with the StatementEquityComponentsAxis and the base taxonomy member AccountsReceivableMember. Only extension members and the elements defined as children of this axis in the US GAAP taxonomy should be used with the axis StatementEquityComponentsAxis. 
The properties of the fact for StockholdersEquityIncludingPortionAttributableToNoncontrollingInterest are:
Period: 2022-06-30
Dimensions: us-gaap:StatementEquityComponentsAxis=us-gaap:AccountsReceivableMember 
Unit: USD

Rule Element Id:75
Rule version: 18.0.2 - rmq3_2022o.htm 1956",2022-08-15,ERROR,DQC,1,1657249,"Road Marshall,
Inc.",2022-08-15 08:29:00,0001599916-22-000218,US GAAP 2022,Field: Set; Name: xdx; ID: xdx_052_edei%2D%2DCurrentFiscalYearEndDate_9/30,10-Q,http://www.sec.gov/Archives/edgar/data/1657249/000159991622000218/rmq3_2022o.htm,2022-08-15,2022,505099,https://www.sec.gov/Archives/edgar/data/1657249/000159991622000218/0001599916-22-000218-index.htm,7371,10q-rdmr-20220630
DQC.US.0001.75,"2022-08-15 09:02:59,265 [DQC.US.0001.75] The concept NetIncomeLoss with a value of None is dimensionally qualified with the StatementEquityComponentsAxis and the base taxonomy member AccountsReceivableMember. Only extension members and the elements defined as children of this axis in the US GAAP taxonomy should be used with the axis StatementEquityComponentsAxis. 
The properties of the fact for NetIncomeLoss are:
Period: 2021-04-01 to 2021-06-30
Dimensions: us-gaap:StatementEquityComponentsAxis=us-gaap:AccountsReceivableMember 
Unit: USD

Rule Element Id:75
Rule version: 18.0.2 - rmq3_2022o.htm 76",2022-08-15,ERROR,DQC,1,1657249,"Road Marshall,
Inc.",2022-08-15 08:29:00,0001599916-22-000218,US GAAP 2022,Field: Set; Name: xdx; ID: xdx_052_edei%2D%2DCurrentFiscalYearEndDate_9/30,10-Q,http://www.sec.gov/Archives/edgar/data/1657249/000159991622000218/rmq3_2022o.htm,2022-08-15,2022,505099,https://www.sec.gov/Archives/edgar/data/1657249/000159991622000218/0001599916-22-000218-index.htm,7371,10q-rdmr-20220630
DQC.US.0001.75,"2022-08-15 09:02:59,265 [DQC.US.0001.75] The concept NetIncomeLoss with a value of None is dimensionally qualified with the StatementEquityComponentsAxis and the base taxonomy member AccountsReceivableMember. Only extension members and the elements defined as children of this axis in the US GAAP taxonomy should be used with the axis StatementEquityComponentsAxis. 
The properties of the fact for NetIncomeLoss are:
Period: 2021-10-01 to 2021-12-31
Dimensions: us-gaap:StatementEquityComponentsAxis=us-gaap:AccountsReceivableMember 
Unit: USD

Rule Element Id:75
Rule version: 18.0.2 - rmq3_2022o.htm 36",2022-08-15,ERROR,DQC,1,1657249,"Road Marshall,
Inc.",2022-08-15 08:29:00,0001599916-22-000218,US GAAP 2022,Field: Set; Name: xdx; ID: xdx_052_edei%2D%2DCurrentFiscalYearEndDate_9/30,10-Q,http://www.sec.gov/Archives/edgar/data/1657249/000159991622000218/rmq3_2022o.htm,2022-08-15,2022,505099,https://www.sec.gov/Archives/edgar/data/1657249/000159991622000218/0001599916-22-000218-index.htm,7371,10q-rdmr-20220630
DQC.US.0001.75,"2022-08-15 09:02:59,265 [DQC.US.0001.75] The concept ProceedsFromContributedCapital with a value of None is dimensionally qualified with the StatementEquityComponentsAxis and the base taxonomy member AccountsReceivableMember. Only extension members and the elements defined as children of this axis in the US GAAP taxonomy should be used with the axis StatementEquityComponentsAxis. 
The properties of the fact for ProceedsFromContributedCapital are:
Period: 2020-10-01 to 2020-12-31
Dimensions: us-gaap:StatementEquityComponentsAxis=us-gaap:AccountsReceivableMember 
Unit: USD

Rule Element Id:75
Rule version: 18.0.2 - rmq3_2022o.htm 56",2022-08-15,ERROR,DQC,1,1657249,"Road Marshall,
Inc.",2022-08-15 08:29:00,0001599916-22-000218,US GAAP 2022,Field: Set; Name: xdx; ID: xdx_052_edei%2D%2DCurrentFiscalYearEndDate_9/30,10-Q,http://www.sec.gov/Archives/edgar/data/1657249/000159991622000218/rmq3_2022o.htm,2022-08-15,2022,505099,https://www.sec.gov/Archives/edgar/data/1657249/000159991622000218/0001599916-22-000218-index.htm,7371,10q-rdmr-20220630
DQC.US.0001.75,"2022-08-15 09:02:59,266 [DQC.US.0001.75] The concept ProceedsFromContributedCapital with a value of None is dimensionally qualified with the StatementEquityComponentsAxis and the base taxonomy member AccountsReceivableMember. Only extension members and the elements defined as children of this axis in the US GAAP taxonomy should be used with the axis StatementEquityComponentsAxis. 
The properties of the fact for ProceedsFromContributedCapital are:
Period: 2022-01-01 to 2022-03-31
Dimensions: us-gaap:StatementEquityComponentsAxis=us-gaap:AccountsReceivableMember 
Unit: USD

Rule Element Id:75
Rule version: 18.0.2 - rmq3_2022o.htm 40",2022-08-15,ERROR,DQC,1,1657249,"Road Marshall,
Inc.",2022-08-15 08:29:00,0001599916-22-000218,US GAAP 2022,Field: Set; Name: xdx; ID: xdx_052_edei%2D%2DCurrentFiscalYearEndDate_9/30,10-Q,http://www.sec.gov/Archives/edgar/data/1657249/000159991622000218/rmq3_2022o.htm,2022-08-15,2022,505099,https://www.sec.gov/Archives/edgar/data/1657249/000159991622000218/0001599916-22-000218-index.htm,7371,10q-rdmr-20220630
DQC.US.0001.75,"2022-08-15 09:02:59,266 [DQC.US.0001.75] The concept StockholdersEquityIncludingPortionAttributableToNoncontrollingInterest with a value of -25,000 is dimensionally qualified with the StatementEquityComponentsAxis and the base taxonomy member AccountsReceivableMember. Only extension members and the elements defined as children of this axis in the US GAAP taxonomy should be used with the axis StatementEquityComponentsAxis. 
The properties of the fact for StockholdersEquityIncludingPortionAttributableToNoncontrollingInterest are:
Period: 2020-12-31
Dimensions: us-gaap:StatementEquityComponentsAxis=us-gaap:AccountsReceivableMember 
Unit: USD

Rule Element Id:75
Rule version: 18.0.2 - rmq3_2022o.htm 2089",2022-08-15,ERROR,DQC,1,1657249,"Road Marshall,
Inc.",2022-08-15 08:29:00,0001599916-22-000218,US GAAP 2022,Field: Set; Name: xdx; ID: xdx_052_edei%2D%2DCurrentFiscalYearEndDate_9/30,10-Q,http://www.sec.gov/Archives/edgar/data/1657249/000159991622000218/rmq3_2022o.htm,2022-08-15,2022,505099,https://www.sec.gov/Archives/edgar/data/1657249/000159991622000218/0001599916-22-000218-index.htm,7371,10q-rdmr-20220630
DQC.US.0001.75,"2022-08-15 09:02:59,266 [DQC.US.0001.75] The concept StockholdersEquityIncludingPortionAttributableToNoncontrollingInterest with a value of -25,000 is dimensionally qualified with the StatementEquityComponentsAxis and the base taxonomy member AccountsReceivableMember. Only extension members and the elements defined as children of this axis in the US GAAP taxonomy should be used with the axis StatementEquityComponentsAxis. 
The properties of the fact for StockholdersEquityIncludingPortionAttributableToNoncontrollingInterest are:
Period: 2022-03-31
Dimensions: us-gaap:StatementEquityComponentsAxis=us-gaap:AccountsReceivableMember 
Unit: USD

Rule Element Id:75
Rule version: 18.0.2 - rmq3_2022o.htm 1901",2022-08-15,ERROR,DQC,1,1657249,"Road Marshall,
Inc.",2022-08-15 08:29:00,0001599916-22-000218,US GAAP 2022,Field: Set; Name: xdx; ID: xdx_052_edei%2D%2DCurrentFiscalYearEndDate_9/30,10-Q,http://www.sec.gov/Archives/edgar/data/1657249/000159991622000218/rmq3_2022o.htm,2022-08-15,2022,505099,https://www.sec.gov/Archives/edgar/data/1657249/000159991622000218/0001599916-22-000218-index.htm,7371,10q-rdmr-20220630
DQC.US.0001.75,"2022-08-15 09:02:59,267 [DQC.US.0001.75] The concept ProceedsFromContributedCapital with a value of None is dimensionally qualified with the StatementEquityComponentsAxis and the base taxonomy member AccountsReceivableMember. Only extension members and the elements defined as children of this axis in the US GAAP taxonomy should be used with the axis StatementEquityComponentsAxis. 
The properties of the fact for ProceedsFromContributedCapital are:
Period: 2021-04-01 to 2021-06-30
Dimensions: us-gaap:StatementEquityComponentsAxis=us-gaap:AccountsReceivableMember 
Unit: USD

Rule Element Id:75
Rule version: 18.0.2 - rmq3_2022o.htm 72",2022-08-15,ERROR,DQC,1,1657249,"Road Marshall,
Inc.",2022-08-15 08:29:00,0001599916-22-000218,US GAAP 2022,Field: Set; Name: xdx; ID: xdx_052_edei%2D%2DCurrentFiscalYearEndDate_9/30,10-Q,http://www.sec.gov/Archives/edgar/data/1657249/000159991622000218/rmq3_2022o.htm,2022-08-15,2022,505099,https://www.sec.gov/Archives/edgar/data/1657249/000159991622000218/0001599916-22-000218-index.htm,7371,10q-rdmr-20220630
DQC.US.0001.75,"2022-08-15 09:02:59,267 [DQC.US.0001.75] The concept StockholdersEquityIncludingPortionAttributableToNoncontrollingInterest with a value of -25,000 is dimensionally qualified with the StatementEquityComponentsAxis and the base taxonomy member AccountsReceivableMember. Only extension members and the elements defined as children of this axis in the US GAAP taxonomy should be used with the axis StatementEquityComponentsAxis. 
The properties of the fact for StockholdersEquityIncludingPortionAttributableToNoncontrollingInterest are:
Period: 2021-03-31
Dimensions: us-gaap:StatementEquityComponentsAxis=us-gaap:AccountsReceivableMember 
Unit: USD

Rule Element Id:75
Rule version: 18.0.2 - rmq3_2022o.htm 2145",2022-08-15,ERROR,DQC,1,1657249,"Road Marshall,
Inc.",2022-08-15 08:29:00,0001599916-22-000218,US GAAP 2022,Field: Set; Name: xdx; ID: xdx_052_edei%2D%2DCurrentFiscalYearEndDate_9/30,10-Q,http://www.sec.gov/Archives/edgar/data/1657249/000159991622000218/rmq3_2022o.htm,2022-08-15,2022,505099,https://www.sec.gov/Archives/edgar/data/1657249/000159991622000218/0001599916-22-000218-index.htm,7371,10q-rdmr-20220630
DQC.US.0001.75,"2022-08-15 09:02:59,268 [DQC.US.0001.75] The concept NetIncomeLoss with a value of None is dimensionally qualified with the StatementEquityComponentsAxis and the base taxonomy member AccountsReceivableMember. Only extension members and the elements defined as children of this axis in the US GAAP taxonomy should be used with the axis StatementEquityComponentsAxis. 
The properties of the fact for NetIncomeLoss are:
Period: 2020-10-01 to 2020-12-31
Dimensions: us-gaap:StatementEquityComponentsAxis=us-gaap:AccountsReceivableMember 
Unit: USD

Rule Element Id:75
Rule version: 18.0.2 - rmq3_2022o.htm 60",2022-08-15,ERROR,DQC,1,1657249,"Road Marshall,
Inc.",2022-08-15 08:29:00,0001599916-22-000218,US GAAP 2022,Field: Set; Name: xdx; ID: xdx_052_edei%2D%2DCurrentFiscalYearEndDate_9/30,10-Q,http://www.sec.gov/Archives/edgar/data/1657249/000159991622000218/rmq3_2022o.htm,2022-08-15,2022,505099,https://www.sec.gov/Archives/edgar/data/1657249/000159991622000218/0001599916-22-000218-index.htm,7371,10q-rdmr-20220630
DQC.US.0001.75,"2022-08-15 09:02:59,268 [DQC.US.0001.75] The concept NetIncomeLoss with a value of None is dimensionally qualified with the StatementEquityComponentsAxis and the base taxonomy member AccountsReceivableMember. Only extension members and the elements defined as children of this axis in the US GAAP taxonomy should be used with the axis StatementEquityComponentsAxis. 
The properties of the fact for NetIncomeLoss are:
Period: 2021-01-01 to 2021-03-31
Dimensions: us-gaap:StatementEquityComponentsAxis=us-gaap:AccountsReceivableMember 
Unit: USD

Rule Element Id:75
Rule version: 18.0.2 - rmq3_2022o.htm 68",2022-08-15,ERROR,DQC,1,1657249,"Road Marshall,
Inc.",2022-08-15 08:29:00,0001599916-22-000218,US GAAP 2022,Field: Set; Name: xdx; ID: xdx_052_edei%2D%2DCurrentFiscalYearEndDate_9/30,10-Q,http://www.sec.gov/Archives/edgar/data/1657249/000159991622000218/rmq3_2022o.htm,2022-08-15,2022,505099,https://www.sec.gov/Archives/edgar/data/1657249/000159991622000218/0001599916-22-000218-index.htm,7371,10q-rdmr-20220630
DQC.US.0001.75,"2022-08-15 09:02:59,268 [DQC.US.0001.75] The concept NetIncomeLoss with a value of None is dimensionally qualified with the StatementEquityComponentsAxis and the base taxonomy member AccountsReceivableMember. Only extension members and the elements defined as children of this axis in the US GAAP taxonomy should be used with the axis StatementEquityComponentsAxis. 
The properties of the fact for NetIncomeLoss are:
Period: 2022-04-01 to 2022-06-30
Dimensions: us-gaap:StatementEquityComponentsAxis=us-gaap:AccountsReceivableMember 
Unit: USD

Rule Element Id:75
Rule version: 18.0.2 - rmq3_2022o.htm 52",2022-08-15,ERROR,DQC,1,1657249,"Road Marshall,
Inc.",2022-08-15 08:29:00,0001599916-22-000218,US GAAP 2022,Field: Set; Name: xdx; ID: xdx_052_edei%2D%2DCurrentFiscalYearEndDate_9/30,10-Q,http://www.sec.gov/Archives/edgar/data/1657249/000159991622000218/rmq3_2022o.htm,2022-08-15,2022,505099,https://www.sec.gov/Archives/edgar/data/1657249/000159991622000218/0001599916-22-000218-index.htm,7371,10q-rdmr-20220630
DQC.US.0001.75,"2022-08-15 09:02:59,269 [DQC.US.0001.75] The concept NetIncomeLoss with a value of None is dimensionally qualified with the StatementEquityComponentsAxis and the base taxonomy member AccountsReceivableMember. Only extension members and the elements defined as children of this axis in the US GAAP taxonomy should be used with the axis StatementEquityComponentsAxis. 
The properties of the fact for NetIncomeLoss are:
Period: 2022-01-01 to 2022-03-31
Dimensions: us-gaap:StatementEquityComponentsAxis=us-gaap:AccountsReceivableMember 
Unit: USD

Rule Element Id:75
Rule version: 18.0.2 - rmq3_2022o.htm 44",2022-08-15,ERROR,DQC,1,1657249,"Road Marshall,
Inc.",2022-08-15 08:29:00,0001599916-22-000218,US GAAP 2022,Field: Set; Name: xdx; ID: xdx_052_edei%2D%2DCurrentFiscalYearEndDate_9/30,10-Q,http://www.sec.gov/Archives/edgar/data/1657249/000159991622000218/rmq3_2022o.htm,2022-08-15,2022,505099,https://www.sec.gov/Archives/edgar/data/1657249/000159991622000218/0001599916-22-000218-index.htm,7371,10q-rdmr-20220630
DQC.US.0001.75,"2022-08-15 09:02:59,269 [DQC.US.0001.75] The concept StockholdersEquityIncludingPortionAttributableToNoncontrollingInterest with a value of -25,000 is dimensionally qualified with the StatementEquityComponentsAxis and the base taxonomy member AccountsReceivableMember. Only extension members and the elements defined as children of this axis in the US GAAP taxonomy should be used with the axis StatementEquityComponentsAxis. 
The properties of the fact for StockholdersEquityIncludingPortionAttributableToNoncontrollingInterest are:
Period: 2020-09-30
Dimensions: us-gaap:StatementEquityComponentsAxis=us-gaap:AccountsReceivableMember 
Unit: USD

Rule Element Id:75
Rule version: 18.0.2 - rmq3_2022o.htm 2033",2022-08-15,ERROR,DQC,1,1657249,"Road Marshall,
Inc.",2022-08-15 08:29:00,0001599916-22-000218,US GAAP 2022,Field: Set; Name: xdx; ID: xdx_052_edei%2D%2DCurrentFiscalYearEndDate_9/30,10-Q,http://www.sec.gov/Archives/edgar/data/1657249/000159991622000218/rmq3_2022o.htm,2022-08-15,2022,505099,https://www.sec.gov/Archives/edgar/data/1657249/000159991622000218/0001599916-22-000218-index.htm,7371,10q-rdmr-20220630
DQC.US.0001.75,"2022-08-15 09:02:59,269 [DQC.US.0001.75] The concept StockholdersEquityIncludingPortionAttributableToNoncontrollingInterest with a value of -25,000 is dimensionally qualified with the StatementEquityComponentsAxis and the base taxonomy member AccountsReceivableMember. Only extension members and the elements defined as children of this axis in the US GAAP taxonomy should be used with the axis StatementEquityComponentsAxis. 
The properties of the fact for StockholdersEquityIncludingPortionAttributableToNoncontrollingInterest are:
Period: 2021-09-30
Dimensions: us-gaap:StatementEquityComponentsAxis=us-gaap:AccountsReceivableMember 
Unit: USD

Rule Element Id:75
Rule version: 18.0.2 - rmq3_2022o.htm 1790",2022-08-15,ERROR,DQC,1,1657249,"Road Marshall,
Inc.",2022-08-15 08:29:00,0001599916-22-000218,US GAAP 2022,Field: Set; Name: xdx; ID: xdx_052_edei%2D%2DCurrentFiscalYearEndDate_9/30,10-Q,http://www.sec.gov/Archives/edgar/data/1657249/000159991622000218/rmq3_2022o.htm,2022-08-15,2022,505099,https://www.sec.gov/Archives/edgar/data/1657249/000159991622000218/0001599916-22-000218-index.htm,7371,10q-rdmr-20220630
DQC.US.0001.75,"2022-08-15 09:02:59,270 [DQC.US.0001.75] The concept ProceedsFromContributedCapital with a value of None is dimensionally qualified with the StatementEquityComponentsAxis and the base taxonomy member AccountsReceivableMember. Only extension members and the elements defined as children of this axis in the US GAAP taxonomy should be used with the axis StatementEquityComponentsAxis. 
The properties of the fact for ProceedsFromContributedCapital are:
Period: 2021-01-01 to 2021-03-31
Dimensions: us-gaap:StatementEquityComponentsAxis=us-gaap:AccountsReceivableMember 
Unit: USD

Rule Element Id:75
Rule version: 18.0.2 - rmq3_2022o.htm 64",2022-08-15,ERROR,DQC,1,1657249,"Road Marshall,
Inc.",2022-08-15 08:29:00,0001599916-22-000218,US GAAP 2022,Field: Set; Name: xdx; ID: xdx_052_edei%2D%2DCurrentFiscalYearEndDate_9/30,10-Q,http://www.sec.gov/Archives/edgar/data/1657249/000159991622000218/rmq3_2022o.htm,2022-08-15,2022,505099,https://www.sec.gov/Archives/edgar/data/1657249/000159991622000218/0001599916-22-000218-index.htm,7371,10q-rdmr-20220630
DQC.US.0001.75,"2022-08-15 09:02:59,270 [DQC.US.0001.75] The concept ProceedsFromContributedCapital with a value of None is dimensionally qualified with the StatementEquityComponentsAxis and the base taxonomy member AccountsReceivableMember. Only extension members and the elements defined as children of this axis in the US GAAP taxonomy should be used with the axis StatementEquityComponentsAxis. 
The properties of the fact for ProceedsFromContributedCapital are:
Period: 2022-04-01 to 2022-06-30
Dimensions: us-gaap:StatementEquityComponentsAxis=us-gaap:AccountsReceivableMember 
Unit: USD

Rule Element Id:75
Rule version: 18.0.2 - rmq3_2022o.htm 48",2022-08-15,ERROR,DQC,1,1657249,"Road Marshall,
Inc.",2022-08-15 08:29:00,0001599916-22-000218,US GAAP 2022,Field: Set; Name: xdx; ID: xdx_052_edei%2D%2DCurrentFiscalYearEndDate_9/30,10-Q,http://www.sec.gov/Archives/edgar/data/1657249/000159991622000218/rmq3_2022o.htm,2022-08-15,2022,505099,https://www.sec.gov/Archives/edgar/data/1657249/000159991622000218/0001599916-22-000218-index.htm,7371,10q-rdmr-20220630
DQC.US.0001.75,"2022-08-15 09:02:59,270 [DQC.US.0001.75] The concept StockholdersEquityIncludingPortionAttributableToNoncontrollingInterest with a value of -25,000 is dimensionally qualified with the StatementEquityComponentsAxis and the base taxonomy member AccountsReceivableMember. Only extension members and the elements defined as children of this axis in the US GAAP taxonomy should be used with the axis StatementEquityComponentsAxis. 
The properties of the fact for StockholdersEquityIncludingPortionAttributableToNoncontrollingInterest are:
Period: 2021-12-31
Dimensions: us-gaap:StatementEquityComponentsAxis=us-gaap:AccountsReceivableMember 
Unit: USD

Rule Element Id:75
Rule version: 18.0.2 - rmq3_2022o.htm 1846",2022-08-15,ERROR,DQC,1,1657249,"Road Marshall,
Inc.",2022-08-15 08:29:00,0001599916-22-000218,US GAAP 2022,Field: Set; Name: xdx; ID: xdx_052_edei%2D%2DCurrentFiscalYearEndDate_9/30,10-Q,http://www.sec.gov/Archives/edgar/data/1657249/000159991622000218/rmq3_2022o.htm,2022-08-15,2022,505099,https://www.sec.gov/Archives/edgar/data/1657249/000159991622000218/0001599916-22-000218-index.htm,7371,10q-rdmr-20220630
DQC.US.0001.75,"2022-08-15 09:02:59,271 [DQC.US.0001.75] The concept ProceedsFromContributedCapital with a value of None is dimensionally qualified with the StatementEquityComponentsAxis and the base taxonomy member AccountsReceivableMember. Only extension members and the elements defined as children of this axis in the US GAAP taxonomy should be used with the axis StatementEquityComponentsAxis. 
The properties of the fact for ProceedsFromContributedCapital are:
Period: 2021-10-01 to 2021-12-31
Dimensions: us-gaap:StatementEquityComponentsAxis=us-gaap:AccountsReceivableMember 
Unit: USD

Rule Element Id:75
Rule version: 18.0.2 - rmq3_2022o.htm 32",2022-08-15,ERROR,DQC,1,1657249,"Road Marshall,
Inc.",2022-08-15 08:29:00,0001599916-22-000218,US GAAP 2022,Field: Set; Name: xdx; ID: xdx_052_edei%2D%2DCurrentFiscalYearEndDate_9/30,10-Q,http://www.sec.gov/Archives/edgar/data/1657249/000159991622000218/rmq3_2022o.htm,2022-08-15,2022,505099,https://www.sec.gov/Archives/edgar/data/1657249/000159991622000218/0001599916-22-000218-index.htm,7371,10q-rdmr-20220630
DQC.US.0001.75,"2022-08-15 09:02:59,271 [DQC.US.0001.75] The concept StockholdersEquityIncludingPortionAttributableToNoncontrollingInterest with a value of -25,000 is dimensionally qualified with the StatementEquityComponentsAxis and the base taxonomy member AccountsReceivableMember. Only extension members and the elements defined as children of this axis in the US GAAP taxonomy should be used with the axis StatementEquityComponentsAxis. 
The properties of the fact for StockholdersEquityIncludingPortionAttributableToNoncontrollingInterest are:
Period: 2021-06-30
Dimensions: us-gaap:StatementEquityComponentsAxis=us-gaap:AccountsReceivableMember 
Unit: USD

Rule Element Id:75
Rule version: 18.0.2 - rmq3_2022o.htm 2200",2022-08-15,ERROR,DQC,1,1657249,"Road Marshall,
Inc.",2022-08-15 08:29:00,0001599916-22-000218,US GAAP 2022,Field: Set; Name: xdx; ID: xdx_052_edei%2D%2DCurrentFiscalYearEndDate_9/30,10-Q,http://www.sec.gov/Archives/edgar/data/1657249/000159991622000218/rmq3_2022o.htm,2022-08-15,2022,505099,https://www.sec.gov/Archives/edgar/data/1657249/000159991622000218/0001599916-22-000218-index.htm,7371,10q-rdmr-20220630
DQC.US.0001.75,"2022-08-11 15:31:03,030 [DQC.US.0001.75] The concept StockIssuedDuringPeriodValueConversionOfUnits with a value of -12,500 is dimensionally qualified with the StatementEquityComponentsAxis and the base taxonomy member SeriesAPreferredStockMember. Only extension members and the elements defined as children of this axis in the US GAAP taxonomy should be used with the axis StatementEquityComponentsAxis. 
When using the member SeriesAPreferredStockMember this member should be used on the class of stock axis and not the StatementEquityComponentsAxis. Any facts reported using the member SeriesAPreferredStockMember should have both the StatementClassOfStockAxis and the StatementEquityComponentsAxis axis associated with the fact. The StatementEquityComponentsAxis should use a generic stock type like CommonStockMember, PreferredStockMember etc.
The properties of the fact for StockIssuedDuringPeriodValueConversionOfUnits are:
Period: 2020-12-14 to 2020-12-14
Dimensions: us-gaap:StatementEquityComponentsAxis=us-gaap:SeriesAPreferredStockMember 
Unit: USD

Rule Element Id:75
Rule version: 18.0.2 - exeo-10q.htm 3424",2022-08-11,ERROR,DQC,1,1528760,"EXEO ENTERTAINMENT, INC.",2022-08-09 15:49:00,0001199835-22-000455,US GAAP 2022,Field: Set; Name: xdx; ID: xdx_059_edei%2D%2DCurrentFiscalYearEndDate_%2D%2DLS0xMS0zMA==,10-Q,http://www.sec.gov/Archives/edgar/data/1528760/000119983522000455/exeo-10q.htm,2022-08-09,2022,503067,https://www.sec.gov/Archives/edgar/data/1528760/000119983522000455/0001199835-22-000455-index.htm,3570,10q-exeo-20220228
DQC.US.0001.81,"2022-08-04 19:19:04,615 [DQC.US.0001.81]  The member ConsolidationEliminationsMember is used on the axis StatementBusinessSegmentsAxis. The StatementBusinessSegmentsAxis should only be used with extension members and the  following  US-GAAP  members: us-gaap:CorporateAndOtherMember, us-gaap:AllOtherSegmentsMember, us-gaap:SegmentDomain, us-gaap:CorporateMember. There are no facts associated with this member and axis.

Rule Element Id:81
Rule version: 18.0.2 - IXDS dpl-20220630.htm",2022-08-04,ERROR,DQC,1,787250,DPL Inc.,2022-08-04 17:17:00,0000787250-22-000020,US GAAP 2021,XBRL Document Created with Wdesk from Workiva,10-Q,http://www.sec.gov/Archives/edgar/data/787250/000078725022000020/dpl-20220630.htm,2022-08-04,2022,499205,https://www.sec.gov/Archives/edgar/data/787250/000078725022000020/0000787250-22-000020-index.htm,4931,10q-dpl-20220630
DQC.US.0001.51,"2023-02-13 17:04:07,586 [DQC.US.0001.51] The concept UnrealizedGainLossOnCashFlowHedgingInstruments with a value of 0 is dimensionally qualified with the FairValueByFairValueHierarchyLevelAxis and the unallowable member FairValueMeasurementsRecurringMember. The filer should use members from the US GAAP taxonomy that are children of the FairValueByFairValueHierarchyLevelAxis axis or the allowable extensions of : FairValueInputsLevel2AndLevel3Member, FairValueInputsLevel1AndLevel2Member, FairValueInputsLevel1AndLevel3Member.

The properties of the fact for UnrealizedGainLossOnCashFlowHedgingInstruments are:
Period: 2020-01-01 to 2020-12-31
Dimensions: us-gaap:FairValueByFairValueHierarchyLevelAxis=us-gaap:FairValueMeasurementsRecurringMember 
Unit: USD


Rule Element Id:51
Rule version: 20.0.1 - asb-20221231.htm 4",2023-02-13,ERROR,DQC,1,7789,Associated Banc-Corp,2023-02-13 16:26:00,0000007789-23-000013,US GAAP 2022,XBRL Document Created with Wdesk from Workiva,10-K,http://www.sec.gov/Archives/edgar/data/7789/000000778923000013/asb-20221231.htm,2023-02-13,2023,547911,https://www.sec.gov/Archives/edgar/data/7789/000000778923000013/0000007789-23-000013-index.htm,6022,10k-asb-20221231
DQC.US.0001.51,"2023-02-13 17:04:07,586 [DQC.US.0001.51] The concept UnrealizedGainLossOnCashFlowHedgingInstruments with a value of 3,360,000 is dimensionally qualified with the FairValueByFairValueHierarchyLevelAxis and the unallowable member FairValueMeasurementsRecurringMember. The filer should use members from the US GAAP taxonomy that are children of the FairValueByFairValueHierarchyLevelAxis axis or the allowable extensions of : FairValueInputsLevel2AndLevel3Member, FairValueInputsLevel1AndLevel2Member, FairValueInputsLevel1AndLevel3Member.

The properties of the fact for UnrealizedGainLossOnCashFlowHedgingInstruments are:
Period: 2022-01-01 to 2022-12-31
Dimensions: us-gaap:FairValueByFairValueHierarchyLevelAxis=us-gaap:FairValueMeasurementsRecurringMember 
Unit: USD


Rule Element Id:51
Rule version: 20.0.1 - asb-20221231.htm 4",2023-02-13,ERROR,DQC,1,7789,Associated Banc-Corp,2023-02-13 16:26:00,0000007789-23-000013,US GAAP 2022,XBRL Document Created with Wdesk from Workiva,10-K,http://www.sec.gov/Archives/edgar/data/7789/000000778923000013/asb-20221231.htm,2023-02-13,2023,547911,https://www.sec.gov/Archives/edgar/data/7789/000000778923000013/0000007789-23-000013-index.htm,6022,10k-asb-20221231
DQC.US.0001.51,"2023-02-13 17:04:07,587 [DQC.US.0001.51] The concept UnrealizedGainLossOnCashFlowHedgingInstruments with a value of 0 is dimensionally qualified with the FairValueByFairValueHierarchyLevelAxis and the unallowable member FairValueMeasurementsRecurringMember. The filer should use members from the US GAAP taxonomy that are children of the FairValueByFairValueHierarchyLevelAxis axis or the allowable extensions of : FairValueInputsLevel2AndLevel3Member, FairValueInputsLevel1AndLevel2Member, FairValueInputsLevel1AndLevel3Member.

The properties of the fact for UnrealizedGainLossOnCashFlowHedgingInstruments are:
Period: 2021-01-01 to 2021-12-31
Dimensions: us-gaap:FairValueByFairValueHierarchyLevelAxis=us-gaap:FairValueMeasurementsRecurringMember 
Unit: USD


Rule Element Id:51
Rule version: 20.0.1 - asb-20221231.htm 4",2023-02-13,ERROR,DQC,1,7789,Associated Banc-Corp,2023-02-13 16:26:00,0000007789-23-000013,US GAAP 2022,XBRL Document Created with Wdesk from Workiva,10-K,http://www.sec.gov/Archives/edgar/data/7789/000000778923000013/asb-20221231.htm,2023-02-13,2023,547911,https://www.sec.gov/Archives/edgar/data/7789/000000778923000013/0000007789-23-000013-index.htm,6022,10k-asb-20221231
DQC.US.0001.81,"2023-02-22 18:20:12,344 [DQC.US.0001.81]  The member UnregulatedOperationMember is used on the axis StatementBusinessSegmentsAxis. The StatementBusinessSegmentsAxis should only be used with extension members and the  following  US-GAAP  members: us-gaap:CorporateMember, us-gaap:AllOtherSegmentsMember, us-gaap:CorporateAndOtherMember, us-gaap:SegmentDomain. There are no facts associated with this member and axis.

Rule Element Id:81
Rule version: 20.0.2 - IXDS cpk-20221231.htm",2023-02-22,ERROR,DQC,1,19745,CHESAPEAKE UTILITIES CORP,2023-02-22 17:10:00,0001628280-23-004607,US GAAP 2022,XBRL Document Created with Wdesk from Workiva,10-K,http://www.sec.gov/Archives/edgar/data/19745/000162828023004607/cpk-20221231.htm,2023-02-22,2023,550877,https://www.sec.gov/Archives/edgar/data/19745/000162828023004607/0001628280-23-004607-index.htm,4923,10k-cpk-20221231
DQC.US.0001.81,"2023-02-23 16:31:25,995 [DQC.US.0001.81]  The member CorporateNonSegmentMember is used on the axis StatementBusinessSegmentsAxis. The StatementBusinessSegmentsAxis should only be used with extension members and the  following  US-GAAP  members: us-gaap:CorporateAndOtherMember, us-gaap:CorporateMember, us-gaap:SegmentDomain, us-gaap:AllOtherSegmentsMember. There are no facts associated with this member and axis.

Rule Element Id:81
Rule version: 20.0.2 - IXDS wal-20221231.htm",2023-02-23,ERROR,DQC,1,1212545,WESTERN ALLIANCE BANCORPORATION,2023-02-23 15:54:00,0001212545-23-000093,US GAAP 2022,XBRL Document Created with Wdesk from Workiva,10-K,http://www.sec.gov/Archives/edgar/data/1212545/000121254523000093/wal-20221231.htm,2023-02-23,2023,551297,https://www.sec.gov/Archives/edgar/data/1212545/000121254523000093/0001212545-23-000093-index.htm,6022,10k-wal-20221231
DQC.US.0001.81,"2023-02-23 16:31:25,995 [DQC.US.0001.81]  The member ParentCompanyMember is used on the axis StatementBusinessSegmentsAxis. The StatementBusinessSegmentsAxis should only be used with extension members and the  following  US-GAAP  members: us-gaap:CorporateAndOtherMember, us-gaap:CorporateMember, us-gaap:SegmentDomain, us-gaap:AllOtherSegmentsMember. There are no facts associated with this member and axis.

Rule Element Id:81
Rule version: 20.0.2 - IXDS wal-20221231.htm",2023-02-23,ERROR,DQC,1,1212545,WESTERN ALLIANCE BANCORPORATION,2023-02-23 15:54:00,0001212545-23-000093,US GAAP 2022,XBRL Document Created with Wdesk from Workiva,10-K,http://www.sec.gov/Archives/edgar/data/1212545/000121254523000093/wal-20221231.htm,2023-02-23,2023,551297,https://www.sec.gov/Archives/edgar/data/1212545/000121254523000093/0001212545-23-000093-index.htm,6022,10k-wal-20221231
DQC.US.0001.81,"2023-03-09 18:18:49,842 [DQC.US.0001.81]  The member IntersegmentEliminationMember is used on the axis StatementBusinessSegmentsAxis. The StatementBusinessSegmentsAxis should only be used with extension members and the  following  US-GAAP  members: us-gaap:CorporateMember, us-gaap:SegmentDomain, us-gaap:AllOtherSegmentsMember, us-gaap:CorporateAndOtherMember. There are no facts associated with this member and axis.

Rule Element Id:81
Rule version: 20.0.2 - IXDS bned-20230128.htm",2023-03-09,ERROR,DQC,1,1634117,"BARNES & NOBLE EDUCATION, INC.",2023-03-09 16:11:00,0001634117-23-000010,US GAAP 2022,XBRL Document Created with Wdesk from Workiva,10-Q,http://www.sec.gov/Archives/edgar/data/1634117/000163411723000010/bned-20230128.htm,2023-03-09,2023,556916,https://www.sec.gov/Archives/edgar/data/1634117/000163411723000010/0001634117-23-000010-index.htm,5940,10q-bned-20230128
DQC.US.0001.81,"2023-12-07 17:23:21,960 [DQC.US.0001.81]  The member IntersegmentEliminationMember is used on the axis StatementBusinessSegmentsAxis. The StatementBusinessSegmentsAxis should only be used with extension members and the  following  US-GAAP  members: us-gaap:SegmentDomain, us-gaap:CorporateAndOtherMember, us-gaap:CorporateMember, us-gaap:AllOtherSegmentsMember. There are no facts associated with this member and axis.

Rule Element Id:81
Rule version: 22.0.2 - IXDS bned-20231028.htm",2023-12-07,ERROR,DQC,1,1634117,"BARNES & NOBLE EDUCATION, INC.",2023-12-07 16:37:00,0001634117-23-000076,US GAAP 2023,XBRL Document Created with the Workiva Platform,10-Q,http://www.sec.gov/Archives/edgar/data/1634117/000163411723000076/bned-20231028.htm,2023-12-07,2023,660544,https://www.sec.gov/Archives/edgar/data/1634117/000163411723000076/0001634117-23-000076-index.htm,5940,10q-bned-20231028
DQC.US.0001.75,"2023-11-08 19:04:34,910 [DQC.US.0001.75]  The member TreasuryStockMember is inappropriately used on the axis StatementEquityComponentsAxis. The only members allowed on this axis are extension members defined by the filer and the elements defined as children of this axis in the US GAAP taxonomy. There are no facts associated with this member and axis. 

Rule Element Id:75
Rule version: 22.0.1 - IXDS cpk-20230930.htm",2023-11-09,ERROR,DQC,1,19745,CHESAPEAKE UTILITIES CORP,2023-11-02 16:49:00,0001628280-23-036449,US GAAP 2023,XBRL Document Created with the Workiva Platform,10-Q,http://www.sec.gov/Archives/edgar/data/19745/000162828023036449/cpk-20230930.htm,2023-11-02,2023,645450,https://www.sec.gov/Archives/edgar/data/19745/000162828023036449/0001628280-23-036449-index.htm,4923,10q-cpk-20230930
DQC.US.0001.9366,"2023-11-08 19:04:34,910 [DQC.US.0001.9366]  The member BridgeLoanMember is inappropriately used on the axis BusinessAcquisitionAxis. The only members allowed on this axis are extension members defined by the filer and the members us-gaap:SeriesOfIndividuallyImmaterialBusinessAcquisitionsMember, us-gaap:BusinessAcquisitionAcquireeDomain. There are no facts associated with this member and axis.

Rule Element Id:9366
Rule version: 22.0.1 - IXDS cpk-20230930.htm",2023-11-09,ERROR,DQC,1,19745,CHESAPEAKE UTILITIES CORP,2023-11-02 16:49:00,0001628280-23-036449,US GAAP 2023,XBRL Document Created with the Workiva Platform,10-Q,http://www.sec.gov/Archives/edgar/data/19745/000162828023036449/cpk-20230930.htm,2023-11-02,2023,645450,https://www.sec.gov/Archives/edgar/data/19745/000162828023036449/0001628280-23-036449-index.htm,4923,10q-cpk-20230930
DQC.US.0001.51,"2023-10-26 17:51:48,618 [DQC.US.0001.51] The concept EquitySecuritiesFvNiAndWithoutReadilyDeterminableFairValue with a value of 10,000,000 is dimensionally qualified with the FairValueByFairValueHierarchyLevelAxis and the unallowable member FairValueInputsNAVMember. The filer should use members from the US GAAP taxonomy that are children of the FairValueByFairValueHierarchyLevelAxis axis or the allowable extensions of : FairValueInputsLevel2AndLevel3Member, FairValueInputsLevel1AndLevel3Member, FairValueInputsLevel1AndLevel2Member.

The properties of the fact for EquitySecuritiesFvNiAndWithoutReadilyDeterminableFairValue are:
Period: 2023-09-30
Dimensions: us-gaap:FairValueByFairValueHierarchyLevelAxis=asb:FairValueInputsNAVMember 
Unit: USD


Rule Element Id:51
Rule version: 22.0.1 - asb-20230930.htm 4",2023-10-26,ERROR,DQC,1,7789,Associated Banc-Corp,2023-10-26 16:16:00,0000007789-23-000075,US GAAP 2023,XBRL Document Created with the Workiva Platform,10-Q,http://www.sec.gov/Archives/edgar/data/7789/000000778923000075/asb-20230930.htm,2023-10-26,2023,634539,https://www.sec.gov/Archives/edgar/data/7789/000000778923000075/0000007789-23-000075-index.htm,6022,10q-asb-20230930
DQC.US.0001.51,"2023-10-26 17:51:48,618 [DQC.US.0001.51] The concept EquitySecuritiesWithoutReadilyDeterminableFairValueAmount with a value of 10,000,000 is dimensionally qualified with the FairValueByFairValueHierarchyLevelAxis and the unallowable member FairValueInputsNAVMember. The filer should use members from the US GAAP taxonomy that are children of the FairValueByFairValueHierarchyLevelAxis axis or the allowable extensions of : FairValueInputsLevel2AndLevel3Member, FairValueInputsLevel1AndLevel3Member, FairValueInputsLevel1AndLevel2Member.

The properties of the fact for EquitySecuritiesWithoutReadilyDeterminableFairValueAmount are:
Period: 2023-09-30
Dimensions: us-gaap:FairValueByFairValueHierarchyLevelAxis=asb:FairValueInputsNAVMember 
Unit: USD


Rule Element Id:51
Rule version: 22.0.1 - asb-20230930.htm 4",2023-10-26,ERROR,DQC,1,7789,Associated Banc-Corp,2023-10-26 16:16:00,0000007789-23-000075,US GAAP 2023,XBRL Document Created with the Workiva Platform,10-Q,http://www.sec.gov/Archives/edgar/data/7789/000000778923000075/asb-20230930.htm,2023-10-26,2023,634539,https://www.sec.gov/Archives/edgar/data/7789/000000778923000075/0000007789-23-000075-index.htm,6022,10q-asb-20230930
DQC.US.0001.51,"2023-10-26 17:51:48,619 [DQC.US.0001.51] The concept EquitySecuritiesFvNiAndWithoutReadilyDeterminableFairValue with a value of 0 is dimensionally qualified with the FairValueByFairValueHierarchyLevelAxis and the unallowable member FairValueInputsNAVMember. The filer should use members from the US GAAP taxonomy that are children of the FairValueByFairValueHierarchyLevelAxis axis or the allowable extensions of : FairValueInputsLevel2AndLevel3Member, FairValueInputsLevel1AndLevel3Member, FairValueInputsLevel1AndLevel2Member.

The properties of the fact for EquitySecuritiesFvNiAndWithoutReadilyDeterminableFairValue are:
Period: 2022-12-31
Dimensions: us-gaap:FairValueByFairValueHierarchyLevelAxis=asb:FairValueInputsNAVMember 
Unit: USD


Rule Element Id:51
Rule version: 22.0.1 - asb-20230930.htm 4",2023-10-26,ERROR,DQC,1,7789,Associated Banc-Corp,2023-10-26 16:16:00,0000007789-23-000075,US GAAP 2023,XBRL Document Created with the Workiva Platform,10-Q,http://www.sec.gov/Archives/edgar/data/7789/000000778923000075/asb-20230930.htm,2023-10-26,2023,634539,https://www.sec.gov/Archives/edgar/data/7789/000000778923000075/0000007789-23-000075-index.htm,6022,10q-asb-20230930
DQC.US.0001.51,"2023-10-26 17:51:48,619 [DQC.US.0001.51] The concept EquitySecuritiesWithoutReadilyDeterminableFairValueAmount with a value of 0 is dimensionally qualified with the FairValueByFairValueHierarchyLevelAxis and the unallowable member FairValueInputsNAVMember. The filer should use members from the US GAAP taxonomy that are children of the FairValueByFairValueHierarchyLevelAxis axis or the allowable extensions of : FairValueInputsLevel2AndLevel3Member, FairValueInputsLevel1AndLevel3Member, FairValueInputsLevel1AndLevel2Member.

The properties of the fact for EquitySecuritiesWithoutReadilyDeterminableFairValueAmount are:
Period: 2022-12-31
Dimensions: us-gaap:FairValueByFairValueHierarchyLevelAxis=asb:FairValueInputsNAVMember 
Unit: USD


Rule Element Id:51
Rule version: 22.0.1 - asb-20230930.htm 4",2023-10-26,ERROR,DQC,1,7789,Associated Banc-Corp,2023-10-26 16:16:00,0000007789-23-000075,US GAAP 2023,XBRL Document Created with the Workiva Platform,10-Q,http://www.sec.gov/Archives/edgar/data/7789/000000778923000075/asb-20230930.htm,2023-10-26,2023,634539,https://www.sec.gov/Archives/edgar/data/7789/000000778923000075/0000007789-23-000075-index.htm,6022,10q-asb-20230930
DQC.US.0001.81,"2023-10-25 17:34:04,309 [DQC.US.0001.81]  The member OperatingSegmentsMember is used on the axis StatementBusinessSegmentsAxis. The StatementBusinessSegmentsAxis should only be used with extension members and the  following  US-GAAP  members: us-gaap:SegmentDomain, us-gaap:CorporateMember, us-gaap:AllOtherSegmentsMember, us-gaap:CorporateAndOtherMember. There are no facts associated with this member and axis.

Rule Element Id:81
Rule version: 22.0.1 - IXDS ipg-20230930.htm",2023-10-25,ERROR,DQC,1,51644,"INTERPUBLIC GROUP OF COMPANIES, INC.",2023-10-25 16:42:00,0000051644-23-000051,US GAAP 2022,XBRL Document Created with the Workiva Platform,10-Q,http://www.sec.gov/Archives/edgar/data/51644/000005164423000051/ipg-20230930.htm,2023-10-25,2023,633992,https://www.sec.gov/Archives/edgar/data/51644/000005164423000051/0000051644-23-000051-index.htm,7311,10q-ipg-20230930
DQC.US.0001.81,"2023-09-06 17:46:42,619 [DQC.US.0001.81]  The member IntersegmentEliminationMember is used on the axis StatementBusinessSegmentsAxis. The StatementBusinessSegmentsAxis should only be used with extension members and the  following  US-GAAP  members: us-gaap:AllOtherSegmentsMember, us-gaap:SegmentDomain, us-gaap:CorporateAndOtherMember, us-gaap:CorporateMember. There are no facts associated with this member and axis.

Rule Element Id:81
Rule version: 21.0.6 - IXDS bned-20230729.htm",2023-09-06,ERROR,DQC,1,1634117,"BARNES & NOBLE EDUCATION, INC.",2023-09-06 16:41:00,0001634117-23-000047,US GAAP 2023,XBRL Document Created with the Workiva Platform,10-Q,http://www.sec.gov/Archives/edgar/data/1634117/000163411723000047/bned-20230729.htm,2023-09-06,2023,624069,https://www.sec.gov/Archives/edgar/data/1634117/000163411723000047/0001634117-23-000047-index.htm,5940,10q-bned-20230729
DQC.US.0001.75,"2023-08-03 20:21:06,119 [DQC.US.0001.75]  The member TreasuryStockMember is inappropriately used on the axis StatementEquityComponentsAxis. The only members allowed on this axis are extension members defined by the filer and the elements defined as children of this axis in the US GAAP taxonomy. There are no facts associated with this member and axis. 

Rule Element Id:75
Rule version: 21.0.5 - IXDS cpk-20230630.htm",2023-08-04,ERROR,DQC,1,19745,CHESAPEAKE UTILITIES CORP,2023-08-03 16:56:00,0001628280-23-027319,US GAAP 2023,XBRL Document Created with the Workiva Platform,10-Q,http://www.sec.gov/Archives/edgar/data/19745/000162828023027319/cpk-20230630.htm,2023-08-03,2023,606289,https://www.sec.gov/Archives/edgar/data/19745/000162828023027319/0001628280-23-027319-index.htm,4923,10q-cpk-20230630
DQC.US.0001.75,"2023-08-01 17:21:22,366 [DQC.US.0001.75]  The member TreasuryStockMember is inappropriately used on the axis StatementEquityComponentsAxis. The only members allowed on this axis are extension members defined by the filer and the elements defined as children of this axis in the US GAAP taxonomy. There are no facts associated with this member and axis. 

Rule Element Id:75
Rule version: 21.0.4 - IXDS wal-20230630.htm",2023-08-01,ERROR,DQC,1,1212545,WESTERN ALLIANCE BANCORPORATION,2023-08-01 16:25:00,0001212545-23-000149,US GAAP 2023,XBRL Document Created with the Workiva Platform,10-Q,http://www.sec.gov/Archives/edgar/data/1212545/000121254523000149/wal-20230630.htm,2023-08-01,2023,604404,https://www.sec.gov/Archives/edgar/data/1212545/000121254523000149/0001212545-23-000149-index.htm,6022,10q-wal-20230630
DQC.US.0001.75,"2023-08-01 17:21:22,367 [DQC.US.0001.75] The concept AccumulatedOtherComprehensiveIncomeLossNetOfTax with a value of 1,200,000 is dimensionally qualified with the StatementEquityComponentsAxis and the base taxonomy member AccumulatedOtherThanTemporaryImpairmentMember. Only extension members and the elements defined as children of this axis in the US GAAP taxonomy should be used with the axis StatementEquityComponentsAxis. 
The properties of the fact for AccumulatedOtherComprehensiveIncomeLossNetOfTax are:
Period: 2023-06-30
Dimensions: us-gaap:StatementEquityComponentsAxis=us-gaap:AccumulatedOtherThanTemporaryImpairmentMember 
Unit: USD

Rule Element Id:75
Rule version: 21.0.4 - wal-20230630.htm 4",2023-08-01,ERROR,DQC,1,1212545,WESTERN ALLIANCE BANCORPORATION,2023-08-01 16:25:00,0001212545-23-000149,US GAAP 2023,XBRL Document Created with the Workiva Platform,10-Q,http://www.sec.gov/Archives/edgar/data/1212545/000121254523000149/wal-20230630.htm,2023-08-01,2023,604404,https://www.sec.gov/Archives/edgar/data/1212545/000121254523000149/0001212545-23-000149-index.htm,6022,10q-wal-20230630
DQC.US.0001.75,"2023-08-01 17:21:22,368 [DQC.US.0001.75] The concept OtherComprehensiveIncomeLossBeforeReclassificationsNetOfTax with a value of 1,200,000 is dimensionally qualified with the StatementEquityComponentsAxis and the base taxonomy member AccumulatedOtherThanTemporaryImpairmentMember. Only extension members and the elements defined as children of this axis in the US GAAP taxonomy should be used with the axis StatementEquityComponentsAxis. 
The properties of the fact for OtherComprehensiveIncomeLossBeforeReclassificationsNetOfTax are:
Period: 2023-01-01 to 2023-06-30
Dimensions: us-gaap:StatementEquityComponentsAxis=us-gaap:AccumulatedOtherThanTemporaryImpairmentMember 
Unit: USD

Rule Element Id:75
Rule version: 21.0.4 - wal-20230630.htm 4",2023-08-01,ERROR,DQC,1,1212545,WESTERN ALLIANCE BANCORPORATION,2023-08-01 16:25:00,0001212545-23-000149,US GAAP 2023,XBRL Document Created with the Workiva Platform,10-Q,http://www.sec.gov/Archives/edgar/data/1212545/000121254523000149/wal-20230630.htm,2023-08-01,2023,604404,https://www.sec.gov/Archives/edgar/data/1212545/000121254523000149/0001212545-23-000149-index.htm,6022,10q-wal-20230630
DQC.US.0001.75,"2023-08-01 17:21:22,368 [DQC.US.0001.75] The concept OtherComprehensiveIncomeLossNetOfTax with a value of 1,200,000 is dimensionally qualified with the StatementEquityComponentsAxis and the base taxonomy member AccumulatedOtherThanTemporaryImpairmentMember. Only extension members and the elements defined as children of this axis in the US GAAP taxonomy should be used with the axis StatementEquityComponentsAxis. 
The properties of the fact for OtherComprehensiveIncomeLossNetOfTax are:
Period: 2023-01-01 to 2023-06-30
Dimensions: us-gaap:StatementEquityComponentsAxis=us-gaap:AccumulatedOtherThanTemporaryImpairmentMember 
Unit: USD

Rule Element Id:75
Rule version: 21.0.4 - wal-20230630.htm 4",2023-08-01,ERROR,DQC,1,1212545,WESTERN ALLIANCE BANCORPORATION,2023-08-01 16:25:00,0001212545-23-000149,US GAAP 2023,XBRL Document Created with the Workiva Platform,10-Q,http://www.sec.gov/Archives/edgar/data/1212545/000121254523000149/wal-20230630.htm,2023-08-01,2023,604404,https://www.sec.gov/Archives/edgar/data/1212545/000121254523000149/0001212545-23-000149-index.htm,6022,10q-wal-20230630
DQC.US.0001.75,"2023-08-01 17:21:22,369 [DQC.US.0001.75] The concept OtherComprehensiveIncomeLossNetOfTax with a value of 0 is dimensionally qualified with the StatementEquityComponentsAxis and the base taxonomy member AccumulatedOtherThanTemporaryImpairmentMember. Only extension members and the elements defined as children of this axis in the US GAAP taxonomy should be used with the axis StatementEquityComponentsAxis. 
The properties of the fact for OtherComprehensiveIncomeLossNetOfTax are:
Period: 2022-04-01 to 2022-06-30
Dimensions: us-gaap:StatementEquityComponentsAxis=us-gaap:AccumulatedOtherThanTemporaryImpairmentMember 
Unit: USD

Rule Element Id:75
Rule version: 21.0.4 - wal-20230630.htm 4",2023-08-01,ERROR,DQC,1,1212545,WESTERN ALLIANCE BANCORPORATION,2023-08-01 16:25:00,0001212545-23-000149,US GAAP 2023,XBRL Document Created with the Workiva Platform,10-Q,http://www.sec.gov/Archives/edgar/data/1212545/000121254523000149/wal-20230630.htm,2023-08-01,2023,604404,https://www.sec.gov/Archives/edgar/data/1212545/000121254523000149/0001212545-23-000149-index.htm,6022,10q-wal-20230630
DQC.US.0001.75,"2023-08-01 17:21:22,369 [DQC.US.0001.75] The concept ReclassificationFromAccumulatedOtherComprehensiveIncomeCurrentPeriodNetOfTax with a value of 0 is dimensionally qualified with the StatementEquityComponentsAxis and the base taxonomy member AccumulatedOtherThanTemporaryImpairmentMember. Only extension members and the elements defined as children of this axis in the US GAAP taxonomy should be used with the axis StatementEquityComponentsAxis. 
The properties of the fact for ReclassificationFromAccumulatedOtherComprehensiveIncomeCurrentPeriodNetOfTax are:
Period: 2023-01-01 to 2023-06-30
Dimensions: us-gaap:StatementEquityComponentsAxis=us-gaap:AccumulatedOtherThanTemporaryImpairmentMember 
Unit: USD

Rule Element Id:75
Rule version: 21.0.4 - wal-20230630.htm 4",2023-08-01,ERROR,DQC,1,1212545,WESTERN ALLIANCE BANCORPORATION,2023-08-01 16:25:00,0001212545-23-000149,US GAAP 2023,XBRL Document Created with the Workiva Platform,10-Q,http://www.sec.gov/Archives/edgar/data/1212545/000121254523000149/wal-20230630.htm,2023-08-01,2023,604404,https://www.sec.gov/Archives/edgar/data/1212545/000121254523000149/0001212545-23-000149-index.htm,6022,10q-wal-20230630
DQC.US.0001.75,"2023-08-01 17:21:22,370 [DQC.US.0001.75] The concept AccumulatedOtherComprehensiveIncomeLossNetOfTax with a value of 0 is dimensionally qualified with the StatementEquityComponentsAxis and the base taxonomy member AccumulatedOtherThanTemporaryImpairmentMember. Only extension members and the elements defined as children of this axis in the US GAAP taxonomy should be used with the axis StatementEquityComponentsAxis. 
The properties of the fact for AccumulatedOtherComprehensiveIncomeLossNetOfTax are:
Period: 2022-06-30
Dimensions: us-gaap:StatementEquityComponentsAxis=us-gaap:AccumulatedOtherThanTemporaryImpairmentMember 
Unit: USD

Rule Element Id:75
Rule version: 21.0.4 - wal-20230630.htm 4",2023-08-01,ERROR,DQC,1,1212545,WESTERN ALLIANCE BANCORPORATION,2023-08-01 16:25:00,0001212545-23-000149,US GAAP 2023,XBRL Document Created with the Workiva Platform,10-Q,http://www.sec.gov/Archives/edgar/data/1212545/000121254523000149/wal-20230630.htm,2023-08-01,2023,604404,https://www.sec.gov/Archives/edgar/data/1212545/000121254523000149/0001212545-23-000149-index.htm,6022,10q-wal-20230630
DQC.US.0001.75,"2023-08-01 17:21:22,370 [DQC.US.0001.75] The concept ReclassificationFromAccumulatedOtherComprehensiveIncomeCurrentPeriodNetOfTax with a value of 0 is dimensionally qualified with the StatementEquityComponentsAxis and the base taxonomy member AccumulatedOtherThanTemporaryImpairmentMember. Only extension members and the elements defined as children of this axis in the US GAAP taxonomy should be used with the axis StatementEquityComponentsAxis. 
The properties of the fact for ReclassificationFromAccumulatedOtherComprehensiveIncomeCurrentPeriodNetOfTax are:
Period: 2023-04-01 to 2023-06-30
Dimensions: us-gaap:StatementEquityComponentsAxis=us-gaap:AccumulatedOtherThanTemporaryImpairmentMember 
Unit: USD

Rule Element Id:75
Rule version: 21.0.4 - wal-20230630.htm 4",2023-08-01,ERROR,DQC,1,1212545,WESTERN ALLIANCE BANCORPORATION,2023-08-01 16:25:00,0001212545-23-000149,US GAAP 2023,XBRL Document Created with the Workiva Platform,10-Q,http://www.sec.gov/Archives/edgar/data/1212545/000121254523000149/wal-20230630.htm,2023-08-01,2023,604404,https://www.sec.gov/Archives/edgar/data/1212545/000121254523000149/0001212545-23-000149-index.htm,6022,10q-wal-20230630
DQC.US.0001.75,"2023-08-01 17:21:22,371 [DQC.US.0001.75] The concept AccumulatedOtherComprehensiveIncomeLossNetOfTax with a value of 0 is dimensionally qualified with the StatementEquityComponentsAxis and the base taxonomy member AccumulatedOtherThanTemporaryImpairmentMember. Only extension members and the elements defined as children of this axis in the US GAAP taxonomy should be used with the axis StatementEquityComponentsAxis. 
The properties of the fact for AccumulatedOtherComprehensiveIncomeLossNetOfTax are:
Period: 2022-03-31
Dimensions: us-gaap:StatementEquityComponentsAxis=us-gaap:AccumulatedOtherThanTemporaryImpairmentMember 
Unit: USD

Rule Element Id:75
Rule version: 21.0.4 - wal-20230630.htm 4",2023-08-01,ERROR,DQC,1,1212545,WESTERN ALLIANCE BANCORPORATION,2023-08-01 16:25:00,0001212545-23-000149,US GAAP 2023,XBRL Document Created with the Workiva Platform,10-Q,http://www.sec.gov/Archives/edgar/data/1212545/000121254523000149/wal-20230630.htm,2023-08-01,2023,604404,https://www.sec.gov/Archives/edgar/data/1212545/000121254523000149/0001212545-23-000149-index.htm,6022,10q-wal-20230630
DQC.US.0001.75,"2023-08-01 17:21:22,371 [DQC.US.0001.75] The concept ReclassificationFromAccumulatedOtherComprehensiveIncomeCurrentPeriodNetOfTax with a value of 0 is dimensionally qualified with the StatementEquityComponentsAxis and the base taxonomy member AccumulatedOtherThanTemporaryImpairmentMember. Only extension members and the elements defined as children of this axis in the US GAAP taxonomy should be used with the axis StatementEquityComponentsAxis. 
The properties of the fact for ReclassificationFromAccumulatedOtherComprehensiveIncomeCurrentPeriodNetOfTax are:
Period: 2022-04-01 to 2022-06-30
Dimensions: us-gaap:StatementEquityComponentsAxis=us-gaap:AccumulatedOtherThanTemporaryImpairmentMember 
Unit: USD

Rule Element Id:75
Rule version: 21.0.4 - wal-20230630.htm 4",2023-08-01,ERROR,DQC,1,1212545,WESTERN ALLIANCE BANCORPORATION,2023-08-01 16:25:00,0001212545-23-000149,US GAAP 2023,XBRL Document Created with the Workiva Platform,10-Q,http://www.sec.gov/Archives/edgar/data/1212545/000121254523000149/wal-20230630.htm,2023-08-01,2023,604404,https://www.sec.gov/Archives/edgar/data/1212545/000121254523000149/0001212545-23-000149-index.htm,6022,10q-wal-20230630
DQC.US.0001.75,"2023-08-01 17:21:22,372 [DQC.US.0001.75] The concept AccumulatedOtherComprehensiveIncomeLossNetOfTax with a value of 0 is dimensionally qualified with the StatementEquityComponentsAxis and the base taxonomy member AccumulatedOtherThanTemporaryImpairmentMember. Only extension members and the elements defined as children of this axis in the US GAAP taxonomy should be used with the axis StatementEquityComponentsAxis. 
The properties of the fact for AccumulatedOtherComprehensiveIncomeLossNetOfTax are:
Period: 2021-12-31
Dimensions: us-gaap:StatementEquityComponentsAxis=us-gaap:AccumulatedOtherThanTemporaryImpairmentMember 
Unit: USD

Rule Element Id:75
Rule version: 21.0.4 - wal-20230630.htm 4",2023-08-01,ERROR,DQC,1,1212545,WESTERN ALLIANCE BANCORPORATION,2023-08-01 16:25:00,0001212545-23-000149,US GAAP 2023,XBRL Document Created with the Workiva Platform,10-Q,http://www.sec.gov/Archives/edgar/data/1212545/000121254523000149/wal-20230630.htm,2023-08-01,2023,604404,https://www.sec.gov/Archives/edgar/data/1212545/000121254523000149/0001212545-23-000149-index.htm,6022,10q-wal-20230630
DQC.US.0001.75,"2023-08-01 17:21:22,372 [DQC.US.0001.75] The concept OtherComprehensiveIncomeLossBeforeReclassificationsNetOfTax with a value of 0 is dimensionally qualified with the StatementEquityComponentsAxis and the base taxonomy member AccumulatedOtherThanTemporaryImpairmentMember. Only extension members and the elements defined as children of this axis in the US GAAP taxonomy should be used with the axis StatementEquityComponentsAxis. 
The properties of the fact for OtherComprehensiveIncomeLossBeforeReclassificationsNetOfTax are:
Period: 2023-04-01 to 2023-06-30
Dimensions: us-gaap:StatementEquityComponentsAxis=us-gaap:AccumulatedOtherThanTemporaryImpairmentMember 
Unit: USD

Rule Element Id:75
Rule version: 21.0.4 - wal-20230630.htm 4",2023-08-01,ERROR,DQC,1,1212545,WESTERN ALLIANCE BANCORPORATION,2023-08-01 16:25:00,0001212545-23-000149,US GAAP 2023,XBRL Document Created with the Workiva Platform,10-Q,http://www.sec.gov/Archives/edgar/data/1212545/000121254523000149/wal-20230630.htm,2023-08-01,2023,604404,https://www.sec.gov/Archives/edgar/data/1212545/000121254523000149/0001212545-23-000149-index.htm,6022,10q-wal-20230630
DQC.US.0001.75,"2023-08-01 17:21:22,373 [DQC.US.0001.75] The concept AccumulatedOtherComprehensiveIncomeLossNetOfTax with a value of 1,200,000 is dimensionally qualified with the StatementEquityComponentsAxis and the base taxonomy member AccumulatedOtherThanTemporaryImpairmentMember. Only extension members and the elements defined as children of this axis in the US GAAP taxonomy should be used with the axis StatementEquityComponentsAxis. 
The properties of the fact for AccumulatedOtherComprehensiveIncomeLossNetOfTax are:
Period: 2023-03-31
Dimensions: us-gaap:StatementEquityComponentsAxis=us-gaap:AccumulatedOtherThanTemporaryImpairmentMember 
Unit: USD

Rule Element Id:75
Rule version: 21.0.4 - wal-20230630.htm 4",2023-08-01,ERROR,DQC,1,1212545,WESTERN ALLIANCE BANCORPORATION,2023-08-01 16:25:00,0001212545-23-000149,US GAAP 2023,XBRL Document Created with the Workiva Platform,10-Q,http://www.sec.gov/Archives/edgar/data/1212545/000121254523000149/wal-20230630.htm,2023-08-01,2023,604404,https://www.sec.gov/Archives/edgar/data/1212545/000121254523000149/0001212545-23-000149-index.htm,6022,10q-wal-20230630
DQC.US.0001.75,"2023-08-01 17:21:22,373 [DQC.US.0001.75] The concept OtherComprehensiveIncomeLossNetOfTax with a value of 0 is dimensionally qualified with the StatementEquityComponentsAxis and the base taxonomy member AccumulatedOtherThanTemporaryImpairmentMember. Only extension members and the elements defined as children of this axis in the US GAAP taxonomy should be used with the axis StatementEquityComponentsAxis. 
The properties of the fact for OtherComprehensiveIncomeLossNetOfTax are:
Period: 2022-01-01 to 2022-06-30
Dimensions: us-gaap:StatementEquityComponentsAxis=us-gaap:AccumulatedOtherThanTemporaryImpairmentMember 
Unit: USD

Rule Element Id:75
Rule version: 21.0.4 - wal-20230630.htm 4",2023-08-01,ERROR,DQC,1,1212545,WESTERN ALLIANCE BANCORPORATION,2023-08-01 16:25:00,0001212545-23-000149,US GAAP 2023,XBRL Document Created with the Workiva Platform,10-Q,http://www.sec.gov/Archives/edgar/data/1212545/000121254523000149/wal-20230630.htm,2023-08-01,2023,604404,https://www.sec.gov/Archives/edgar/data/1212545/000121254523000149/0001212545-23-000149-index.htm,6022,10q-wal-20230630
DQC.US.0001.75,"2023-08-01 17:21:22,374 [DQC.US.0001.75] The concept OtherComprehensiveIncomeLossBeforeReclassificationsNetOfTax with a value of 0 is dimensionally qualified with the StatementEquityComponentsAxis and the base taxonomy member AccumulatedOtherThanTemporaryImpairmentMember. Only extension members and the elements defined as children of this axis in the US GAAP taxonomy should be used with the axis StatementEquityComponentsAxis. 
The properties of the fact for OtherComprehensiveIncomeLossBeforeReclassificationsNetOfTax are:
Period: 2022-04-01 to 2022-06-30
Dimensions: us-gaap:StatementEquityComponentsAxis=us-gaap:AccumulatedOtherThanTemporaryImpairmentMember 
Unit: USD

Rule Element Id:75
Rule version: 21.0.4 - wal-20230630.htm 4",2023-08-01,ERROR,DQC,1,1212545,WESTERN ALLIANCE BANCORPORATION,2023-08-01 16:25:00,0001212545-23-000149,US GAAP 2023,XBRL Document Created with the Workiva Platform,10-Q,http://www.sec.gov/Archives/edgar/data/1212545/000121254523000149/wal-20230630.htm,2023-08-01,2023,604404,https://www.sec.gov/Archives/edgar/data/1212545/000121254523000149/0001212545-23-000149-index.htm,6022,10q-wal-20230630
DQC.US.0001.75,"2023-08-01 17:21:22,374 [DQC.US.0001.75] The concept ReclassificationFromAccumulatedOtherComprehensiveIncomeCurrentPeriodNetOfTax with a value of 0 is dimensionally qualified with the StatementEquityComponentsAxis and the base taxonomy member AccumulatedOtherThanTemporaryImpairmentMember. Only extension members and the elements defined as children of this axis in the US GAAP taxonomy should be used with the axis StatementEquityComponentsAxis. 
The properties of the fact for ReclassificationFromAccumulatedOtherComprehensiveIncomeCurrentPeriodNetOfTax are:
Period: 2022-01-01 to 2022-06-30
Dimensions: us-gaap:StatementEquityComponentsAxis=us-gaap:AccumulatedOtherThanTemporaryImpairmentMember 
Unit: USD

Rule Element Id:75
Rule version: 21.0.4 - wal-20230630.htm 4",2023-08-01,ERROR,DQC,1,1212545,WESTERN ALLIANCE BANCORPORATION,2023-08-01 16:25:00,0001212545-23-000149,US GAAP 2023,XBRL Document Created with the Workiva Platform,10-Q,http://www.sec.gov/Archives/edgar/data/1212545/000121254523000149/wal-20230630.htm,2023-08-01,2023,604404,https://www.sec.gov/Archives/edgar/data/1212545/000121254523000149/0001212545-23-000149-index.htm,6022,10q-wal-20230630
DQC.US.0001.75,"2023-08-01 17:21:22,375 [DQC.US.0001.75] The concept AccumulatedOtherComprehensiveIncomeLossNetOfTax with a value of 0 is dimensionally qualified with the StatementEquityComponentsAxis and the base taxonomy member AccumulatedOtherThanTemporaryImpairmentMember. Only extension members and the elements defined as children of this axis in the US GAAP taxonomy should be used with the axis StatementEquityComponentsAxis. 
The properties of the fact for AccumulatedOtherComprehensiveIncomeLossNetOfTax are:
Period: 2022-12-31
Dimensions: us-gaap:StatementEquityComponentsAxis=us-gaap:AccumulatedOtherThanTemporaryImpairmentMember 
Unit: USD

Rule Element Id:75
Rule version: 21.0.4 - wal-20230630.htm 4",2023-08-01,ERROR,DQC,1,1212545,WESTERN ALLIANCE BANCORPORATION,2023-08-01 16:25:00,0001212545-23-000149,US GAAP 2023,XBRL Document Created with the Workiva Platform,10-Q,http://www.sec.gov/Archives/edgar/data/1212545/000121254523000149/wal-20230630.htm,2023-08-01,2023,604404,https://www.sec.gov/Archives/edgar/data/1212545/000121254523000149/0001212545-23-000149-index.htm,6022,10q-wal-20230630
DQC.US.0001.75,"2023-08-01 17:21:22,375 [DQC.US.0001.75] The concept OtherComprehensiveIncomeLossBeforeReclassificationsNetOfTax with a value of 0 is dimensionally qualified with the StatementEquityComponentsAxis and the base taxonomy member AccumulatedOtherThanTemporaryImpairmentMember. Only extension members and the elements defined as children of this axis in the US GAAP taxonomy should be used with the axis StatementEquityComponentsAxis. 
The properties of the fact for OtherComprehensiveIncomeLossBeforeReclassificationsNetOfTax are:
Period: 2022-01-01 to 2022-06-30
Dimensions: us-gaap:StatementEquityComponentsAxis=us-gaap:AccumulatedOtherThanTemporaryImpairmentMember 
Unit: USD

Rule Element Id:75
Rule version: 21.0.4 - wal-20230630.htm 4",2023-08-01,ERROR,DQC,1,1212545,WESTERN ALLIANCE BANCORPORATION,2023-08-01 16:25:00,0001212545-23-000149,US GAAP 2023,XBRL Document Created with the Workiva Platform,10-Q,http://www.sec.gov/Archives/edgar/data/1212545/000121254523000149/wal-20230630.htm,2023-08-01,2023,604404,https://www.sec.gov/Archives/edgar/data/1212545/000121254523000149/0001212545-23-000149-index.htm,6022,10q-wal-20230630
DQC.US.0001.75,"2023-08-01 17:21:22,376 [DQC.US.0001.75] The concept OtherComprehensiveIncomeLossNetOfTax with a value of 0 is dimensionally qualified with the StatementEquityComponentsAxis and the base taxonomy member AccumulatedOtherThanTemporaryImpairmentMember. Only extension members and the elements defined as children of this axis in the US GAAP taxonomy should be used with the axis StatementEquityComponentsAxis. 
The properties of the fact for OtherComprehensiveIncomeLossNetOfTax are:
Period: 2023-04-01 to 2023-06-30
Dimensions: us-gaap:StatementEquityComponentsAxis=us-gaap:AccumulatedOtherThanTemporaryImpairmentMember 
Unit: USD

Rule Element Id:75
Rule version: 21.0.4 - wal-20230630.htm 4",2023-08-01,ERROR,DQC,1,1212545,WESTERN ALLIANCE BANCORPORATION,2023-08-01 16:25:00,0001212545-23-000149,US GAAP 2023,XBRL Document Created with the Workiva Platform,10-Q,http://www.sec.gov/Archives/edgar/data/1212545/000121254523000149/wal-20230630.htm,2023-08-01,2023,604404,https://www.sec.gov/Archives/edgar/data/1212545/000121254523000149/0001212545-23-000149-index.htm,6022,10q-wal-20230630
DQC.US.0001.81,"2023-07-26 17:17:06,951 [DQC.US.0001.81]  The member OperatingSegmentsMember is used on the axis StatementBusinessSegmentsAxis. The StatementBusinessSegmentsAxis should only be used with extension members and the  following  US-GAAP  members: us-gaap:SegmentDomain, us-gaap:CorporateAndOtherMember, us-gaap:CorporateMember, us-gaap:AllOtherSegmentsMember. There are no facts associated with this member and axis.

Rule Element Id:81
Rule version: 21.0.2 - IXDS ipg-20230630.htm",2023-07-26,ERROR,DQC,1,51644,"INTERPUBLIC GROUP OF COMPANIES, INC.",2023-07-26 16:23:00,0000051644-23-000033,US GAAP 2022,XBRL Document Created with the Workiva Platform,10-Q,http://www.sec.gov/Archives/edgar/data/51644/000005164423000033/ipg-20230630.htm,2023-07-26,2023,602234,https://www.sec.gov/Archives/edgar/data/51644/000005164423000033/0000051644-23-000033-index.htm,7311,10q-ipg-20230630
DQC.US.0001.75,"2023-07-17 16:02:27,715 [DQC.US.0001.75] The concept StockholdersEquity with a value of -52,954 is dimensionally qualified with the StatementEquityComponentsAxis and the base taxonomy member TreasuryStockMember. Only extension members and the elements defined as children of this axis in the US GAAP taxonomy should be used with the axis StatementEquityComponentsAxis. 
The properties of the fact for StockholdersEquity are:
Period: 2023-03-31
Dimensions: us-gaap:StatementEquityComponentsAxis=us-gaap:TreasuryStockMember 
Unit: USD

Rule Element Id:75
Rule version: 21.0.1 - pvnc_10q.htm 1",2023-07-17,ERROR,DQC,1,1134982,"APPLE iSPORTS GROUP, INC.",2023-07-14 17:13:00,0001477932-23-005320,US GAAP 2023,XBRL Document Created with XBRLMaster,10-Q,http://www.sec.gov/Archives/edgar/data/1134982/000147793223005320/pvnc_10q.htm,2023-07-14,2023,600032,https://www.sec.gov/Archives/edgar/data/1134982/000147793223005320/0001477932-23-005320-index.htm,6411,10q-pvnc-20230331
DQC.US.0001.75,"2023-07-17 16:02:27,716 [DQC.US.0001.75] The concept StockholdersEquity with a value of -52,954 is dimensionally qualified with the StatementEquityComponentsAxis and the base taxonomy member TreasuryStockMember. Only extension members and the elements defined as children of this axis in the US GAAP taxonomy should be used with the axis StatementEquityComponentsAxis. 
The properties of the fact for StockholdersEquity are:
Period: 2021-12-31
Dimensions: us-gaap:StatementEquityComponentsAxis=us-gaap:TreasuryStockMember 
Unit: USD

Rule Element Id:75
Rule version: 21.0.1 - pvnc_10q.htm 1",2023-07-17,ERROR,DQC,1,1134982,"APPLE iSPORTS GROUP, INC.",2023-07-14 17:13:00,0001477932-23-005320,US GAAP 2023,XBRL Document Created with XBRLMaster,10-Q,http://www.sec.gov/Archives/edgar/data/1134982/000147793223005320/pvnc_10q.htm,2023-07-14,2023,600032,https://www.sec.gov/Archives/edgar/data/1134982/000147793223005320/0001477932-23-005320-index.htm,6411,10q-pvnc-20230331
DQC.US.0001.75,"2023-07-17 16:02:27,716 [DQC.US.0001.75] The concept StockholdersEquity with a value of -52,954 is dimensionally qualified with the StatementEquityComponentsAxis and the base taxonomy member TreasuryStockMember. Only extension members and the elements defined as children of this axis in the US GAAP taxonomy should be used with the axis StatementEquityComponentsAxis. 
The properties of the fact for StockholdersEquity are:
Period: 2022-12-31
Dimensions: us-gaap:StatementEquityComponentsAxis=us-gaap:TreasuryStockMember 
Unit: USD

Rule Element Id:75
Rule version: 21.0.1 - pvnc_10q.htm 1",2023-07-17,ERROR,DQC,1,1134982,"APPLE iSPORTS GROUP, INC.",2023-07-14 17:13:00,0001477932-23-005320,US GAAP 2023,XBRL Document Created with XBRLMaster,10-Q,http://www.sec.gov/Archives/edgar/data/1134982/000147793223005320/pvnc_10q.htm,2023-07-14,2023,600032,https://www.sec.gov/Archives/edgar/data/1134982/000147793223005320/0001477932-23-005320-index.htm,6411,10q-pvnc-20230331
DQC.US.0001.75,"2023-07-17 16:02:27,717 [DQC.US.0001.75] The concept StockholdersEquity with a value of -52,954 is dimensionally qualified with the StatementEquityComponentsAxis and the base taxonomy member TreasuryStockMember. Only extension members and the elements defined as children of this axis in the US GAAP taxonomy should be used with the axis StatementEquityComponentsAxis. 
The properties of the fact for StockholdersEquity are:
Period: 2022-03-31
Dimensions: us-gaap:StatementEquityComponentsAxis=us-gaap:TreasuryStockMember 
Unit: USD

Rule Element Id:75
Rule version: 21.0.1 - pvnc_10q.htm 1",2023-07-17,ERROR,DQC,1,1134982,"APPLE iSPORTS GROUP, INC.",2023-07-14 17:13:00,0001477932-23-005320,US GAAP 2023,XBRL Document Created with XBRLMaster,10-Q,http://www.sec.gov/Archives/edgar/data/1134982/000147793223005320/pvnc_10q.htm,2023-07-14,2023,600032,https://www.sec.gov/Archives/edgar/data/1134982/000147793223005320/0001477932-23-005320-index.htm,6411,10q-pvnc-20230331
DQC.US.0001.76,"2024-02-26 13:22:22,166 [DQC.US.0001.76]  The member ExtendedMaturityMember is inappropriately used on the axis srt:StatementScenarioAxis. The only members allowed on this axis are extension members defined by the filer and the elements defined as children of this axis in the US GAAP taxonomy. There are no facts associated with this member and axis.

Rule Element Id:76
Rule version: 23.0.5 - IXDS cci-20231231.htm",2024-02-26,ERROR,DQC,1,1051470,Crown Castle Inc,2024-02-23 16:08:00,0001051470-24-000062,US GAAP 2023,XBRL Document Created with the Workiva Platform,10-K,http://www.sec.gov/Archives/edgar/data/1051470/000105147024000062/cci-20231231.htm,2024-02-23,2024,678434,https://www.sec.gov/Archives/edgar/data/1051470/000105147024000062/0001051470-24-000062-index.htm,6798,10k-cci-20231231
DQC.US.0001.61,"2024-02-27 16:33:13,458 [DQC.US.0001.61] The concept ShareBasedCompensationArrangementByShareBasedPaymentAwardNumberOfSharesAuthorized with a value of 161,026 is dimensionally qualified with the RangeAxis and the unallowable member bxp:TargetMember. 
The properties of the fact for ShareBasedCompensationArrangementByShareBasedPaymentAwardNumberOfSharesAuthorized are:
Period: 2023-02-07
Dimensions: srt:RangeAxis=bxp:TargetMember, dei:LegalEntityAxis=bxp:BostonPropertiesLimitedPartnershipMember, us-gaap:AwardTypeAxis=bxp:MYLTIPTwoThousandTwentyThreeMember 
Unit: shares

Rule Element Id:61
Rule version: 23.0.5 - bxp-20231231.htm 5",2024-02-27,ERROR,DQC,1,1037540,"BXP, INC.",2024-02-27 15:56:00,0001656423-24-000007,US GAAP 2023,XBRL Document Created with the Workiva Platform,10-K,http://www.sec.gov/Archives/edgar/data/1037540/000165642324000007/bxp-20231231.htm,2024-02-27,2024,679225,https://www.sec.gov/Archives/edgar/data/1037540/000165642324000007/0001656423-24-000007-index.htm,6798,10k-bxp-20231231
DQC.US.0001.61,"2024-02-27 16:33:13,459 [DQC.US.0001.61] The concept ShareBasedCompensationArrangementByShareBasedPaymentAwardNumberOfSharesAuthorized with a value of 165,240 is dimensionally qualified with the RangeAxis and the unallowable member bxp:TargetMember. 
The properties of the fact for ShareBasedCompensationArrangementByShareBasedPaymentAwardNumberOfSharesAuthorized are:
Period: 2024-01-25
Dimensions: dei:LegalEntityAxis=bxp:BostonPropertiesLimitedPartnershipMember, srt:RangeAxis=bxp:TargetMember, us-gaap:AwardTypeAxis=bxp:MYLTIPTwoThousandTwentyFourMember, us-gaap:SubsequentEventTypeAxis=us-gaap:SubsequentEventMember 
Unit: shares

Rule Element Id:61
Rule version: 23.0.5 - bxp-20231231.htm 5",2024-02-27,ERROR,DQC,1,1037540,"BXP, INC.",2024-02-27 15:56:00,0001656423-24-000007,US GAAP 2023,XBRL Document Created with the Workiva Platform,10-K,http://www.sec.gov/Archives/edgar/data/1037540/000165642324000007/bxp-20231231.htm,2024-02-27,2024,679225,https://www.sec.gov/Archives/edgar/data/1037540/000165642324000007/0001656423-24-000007-index.htm,6798,10k-bxp-20231231
DQC.US.0001.75,"2024-02-27 16:33:13,459 [DQC.US.0001.75] The concept PartnersCapitalIncludingPortionAttributableToNoncontrollingInterest with a value of 0 is dimensionally qualified with the StatementEquityComponentsAxis and the base taxonomy member RedeemablePreferredStockMember. Only extension members and the elements defined as children of this axis in the US GAAP taxonomy should be used with the axis StatementEquityComponentsAxis. 
When using the member RedeemablePreferredStockMember this member should be used on the class of stock axis and not the StatementEquityComponentsAxis. Any facts reported using the member RedeemablePreferredStockMember should have both the StatementClassOfStockAxis and the StatementEquityComponentsAxis axis associated with the fact. The StatementEquityComponentsAxis should use a generic stock type like CommonStockMember, PreferredStockMember etc.
The properties of the fact for PartnersCapitalIncludingPortionAttributableToNoncontrollingInterest are:
Period: 2021-12-31
Dimensions: us-gaap:StatementEquityComponentsAxis=us-gaap:RedeemablePreferredStockMember 
Unit: USD

Rule Element Id:75
Rule version: 23.0.5 - bxp-20231231.htm 5",2024-02-27,ERROR,DQC,1,1037540,"BXP, INC.",2024-02-27 15:56:00,0001656423-24-000007,US GAAP 2023,XBRL Document Created with the Workiva Platform,10-K,http://www.sec.gov/Archives/edgar/data/1037540/000165642324000007/bxp-20231231.htm,2024-02-27,2024,679225,https://www.sec.gov/Archives/edgar/data/1037540/000165642324000007/0001656423-24-000007-index.htm,6798,10k-bxp-20231231
DQC.US.0001.75,"2024-02-27 16:33:13,459 [DQC.US.0001.75] The concept PartnersCapitalIncludingPortionAttributableToNoncontrollingInterest with a value of 193,623,000 is dimensionally qualified with the StatementEquityComponentsAxis and the base taxonomy member RedeemablePreferredStockMember. Only extension members and the elements defined as children of this axis in the US GAAP taxonomy should be used with the axis StatementEquityComponentsAxis. 
When using the member RedeemablePreferredStockMember this member should be used on the class of stock axis and not the StatementEquityComponentsAxis. Any facts reported using the member RedeemablePreferredStockMember should have both the StatementClassOfStockAxis and the StatementEquityComponentsAxis axis associated with the fact. The StatementEquityComponentsAxis should use a generic stock type like CommonStockMember, PreferredStockMember etc.
The properties of the fact for PartnersCapitalIncludingPortionAttributableToNoncontrollingInterest are:
Period: 2020-12-31
Dimensions: us-gaap:StatementEquityComponentsAxis=us-gaap:RedeemablePreferredStockMember 
Unit: USD

Rule Element Id:75
Rule version: 23.0.5 - bxp-20231231.htm 5",2024-02-27,ERROR,DQC,1,1037540,"BXP, INC.",2024-02-27 15:56:00,0001656423-24-000007,US GAAP 2023,XBRL Document Created with the Workiva Platform,10-K,http://www.sec.gov/Archives/edgar/data/1037540/000165642324000007/bxp-20231231.htm,2024-02-27,2024,679225,https://www.sec.gov/Archives/edgar/data/1037540/000165642324000007/0001656423-24-000007-index.htm,6798,10k-bxp-20231231
DQC.US.0001.75,"2024-02-27 16:33:13,460 [DQC.US.0001.75] The concept PartnersCapitalAccountDistributions with a value of 2,560,000 is dimensionally qualified with the StatementEquityComponentsAxis and the base taxonomy member RedeemablePreferredStockMember. Only extension members and the elements defined as children of this axis in the US GAAP taxonomy should be used with the axis StatementEquityComponentsAxis. 
When using the member RedeemablePreferredStockMember this member should be used on the class of stock axis and not the StatementEquityComponentsAxis. Any facts reported using the member RedeemablePreferredStockMember should have both the StatementClassOfStockAxis and the StatementEquityComponentsAxis axis associated with the fact. The StatementEquityComponentsAxis should use a generic stock type like CommonStockMember, PreferredStockMember etc.
The properties of the fact for PartnersCapitalAccountDistributions are:
Period: 2021-01-01 to 2021-12-31
Dimensions: us-gaap:StatementEquityComponentsAxis=us-gaap:RedeemablePreferredStockMember 
Unit: USD

Rule Element Id:75
Rule version: 23.0.5 - bxp-20231231.htm 5",2024-02-27,ERROR,DQC,1,1037540,"BXP, INC.",2024-02-27 15:56:00,0001656423-24-000007,US GAAP 2023,XBRL Document Created with the Workiva Platform,10-K,http://www.sec.gov/Archives/edgar/data/1037540/000165642324000007/bxp-20231231.htm,2024-02-27,2024,679225,https://www.sec.gov/Archives/edgar/data/1037540/000165642324000007/0001656423-24-000007-index.htm,6798,10k-bxp-20231231
DQC.US.0001.75,"2024-02-27 16:33:13,460 [DQC.US.0001.75] The concept PartnersCapitalIncludingPortionAttributableToNoncontrollingInterest with a value of 0 is dimensionally qualified with the StatementEquityComponentsAxis and the base taxonomy member RedeemablePreferredStockMember. Only extension members and the elements defined as children of this axis in the US GAAP taxonomy should be used with the axis StatementEquityComponentsAxis. 
When using the member RedeemablePreferredStockMember this member should be used on the class of stock axis and not the StatementEquityComponentsAxis. Any facts reported using the member RedeemablePreferredStockMember should have both the StatementClassOfStockAxis and the StatementEquityComponentsAxis axis associated with the fact. The StatementEquityComponentsAxis should use a generic stock type like CommonStockMember, PreferredStockMember etc.
The properties of the fact for PartnersCapitalIncludingPortionAttributableToNoncontrollingInterest are:
Period: 2022-12-31
Dimensions: us-gaap:StatementEquityComponentsAxis=us-gaap:RedeemablePreferredStockMember 
Unit: USD

Rule Element Id:75
Rule version: 23.0.5 - bxp-20231231.htm 5",2024-02-27,ERROR,DQC,1,1037540,"BXP, INC.",2024-02-27 15:56:00,0001656423-24-000007,US GAAP 2023,XBRL Document Created with the Workiva Platform,10-K,http://www.sec.gov/Archives/edgar/data/1037540/000165642324000007/bxp-20231231.htm,2024-02-27,2024,679225,https://www.sec.gov/Archives/edgar/data/1037540/000165642324000007/0001656423-24-000007-index.htm,6798,10k-bxp-20231231
DQC.US.0001.75,"2024-02-27 16:33:13,460 [DQC.US.0001.75] The concept PartnersCapitalIncludingPortionAttributableToNoncontrollingInterest with a value of 0 is dimensionally qualified with the StatementEquityComponentsAxis and the base taxonomy member RedeemablePreferredStockMember. Only extension members and the elements defined as children of this axis in the US GAAP taxonomy should be used with the axis StatementEquityComponentsAxis. 
When using the member RedeemablePreferredStockMember this member should be used on the class of stock axis and not the StatementEquityComponentsAxis. Any facts reported using the member RedeemablePreferredStockMember should have both the StatementClassOfStockAxis and the StatementEquityComponentsAxis axis associated with the fact. The StatementEquityComponentsAxis should use a generic stock type like CommonStockMember, PreferredStockMember etc.
The properties of the fact for PartnersCapitalIncludingPortionAttributableToNoncontrollingInterest are:
Period: 2023-12-31
Dimensions: us-gaap:StatementEquityComponentsAxis=us-gaap:RedeemablePreferredStockMember 
Unit: USD

Rule Element Id:75
Rule version: 23.0.5 - bxp-20231231.htm 5",2024-02-27,ERROR,DQC,1,1037540,"BXP, INC.",2024-02-27 15:56:00,0001656423-24-000007,US GAAP 2023,XBRL Document Created with the Workiva Platform,10-K,http://www.sec.gov/Archives/edgar/data/1037540/000165642324000007/bxp-20231231.htm,2024-02-27,2024,679225,https://www.sec.gov/Archives/edgar/data/1037540/000165642324000007/0001656423-24-000007-index.htm,6798,10k-bxp-20231231
DQC.US.0001.75,"2024-02-27 16:33:13,461 [DQC.US.0001.75] The concept NetIncomeAllocableToGeneralAndLimitedPartnerUnits with a value of 2,560,000 is dimensionally qualified with the StatementEquityComponentsAxis and the base taxonomy member RedeemablePreferredStockMember. Only extension members and the elements defined as children of this axis in the US GAAP taxonomy should be used with the axis StatementEquityComponentsAxis. 
When using the member RedeemablePreferredStockMember this member should be used on the class of stock axis and not the StatementEquityComponentsAxis. Any facts reported using the member RedeemablePreferredStockMember should have both the StatementClassOfStockAxis and the StatementEquityComponentsAxis axis associated with the fact. The StatementEquityComponentsAxis should use a generic stock type like CommonStockMember, PreferredStockMember etc.
The properties of the fact for NetIncomeAllocableToGeneralAndLimitedPartnerUnits are:
Period: 2021-01-01 to 2021-12-31
Dimensions: us-gaap:StatementEquityComponentsAxis=us-gaap:RedeemablePreferredStockMember 
Unit: USD

Rule Element Id:75
Rule version: 23.0.5 - bxp-20231231.htm 5",2024-02-27,ERROR,DQC,1,1037540,"BXP, INC.",2024-02-27 15:56:00,0001656423-24-000007,US GAAP 2023,XBRL Document Created with the Workiva Platform,10-K,http://www.sec.gov/Archives/edgar/data/1037540/000165642324000007/bxp-20231231.htm,2024-02-27,2024,679225,https://www.sec.gov/Archives/edgar/data/1037540/000165642324000007/0001656423-24-000007-index.htm,6798,10k-bxp-20231231
DQC.US.0001.75,"2024-02-27 16:33:13,461 [DQC.US.0001.75] The concept PreferredStockRedemptionAmount with a value of 193,623,000 is dimensionally qualified with the StatementEquityComponentsAxis and the base taxonomy member RedeemablePreferredStockMember. Only extension members and the elements defined as children of this axis in the US GAAP taxonomy should be used with the axis StatementEquityComponentsAxis. 
When using the member RedeemablePreferredStockMember this member should be used on the class of stock axis and not the StatementEquityComponentsAxis. Any facts reported using the member RedeemablePreferredStockMember should have both the StatementClassOfStockAxis and the StatementEquityComponentsAxis axis associated with the fact. The StatementEquityComponentsAxis should use a generic stock type like CommonStockMember, PreferredStockMember etc.
The properties of the fact for PreferredStockRedemptionAmount are:
Period: 2021-12-31
Dimensions: us-gaap:StatementEquityComponentsAxis=us-gaap:RedeemablePreferredStockMember 
Unit: USD

Rule Element Id:75
Rule version: 23.0.5 - bxp-20231231.htm 5",2024-02-27,ERROR,DQC,1,1037540,"BXP, INC.",2024-02-27 15:56:00,0001656423-24-000007,US GAAP 2023,XBRL Document Created with the Workiva Platform,10-K,http://www.sec.gov/Archives/edgar/data/1037540/000165642324000007/bxp-20231231.htm,2024-02-27,2024,679225,https://www.sec.gov/Archives/edgar/data/1037540/000165642324000007/0001656423-24-000007-index.htm,6798,10k-bxp-20231231
DQC.US.0001.79,"2024-02-27 16:33:13,462 [DQC.US.0001.79] The concept MinorityInterestOwnershipPercentageByNoncontrollingOwners with a value of 0.45 is dimensionally qualified with the OwnershipAxis and the base taxonomy member NoncontrollingInterestMember. Only extension members should be used with the axis OwnershipAxis.
The properties of the fact for MinorityInterestOwnershipPercentageByNoncontrollingOwners are:
Period: 2023-11-13
Dimensions: srt:OwnershipAxis=us-gaap:NoncontrollingInterestMember, srt:RealEstateAndAccumulatedDepreciationDescriptionOfPropertyAxis=bxp:ThreeZeroZeroBinneyStreetMember 
Unit: pure

Rule Element Id:79
Rule version: 23.0.5 - bxp-20231231.htm 5",2024-02-27,ERROR,DQC,1,1037540,"BXP, INC.",2024-02-27 15:56:00,0001656423-24-000007,US GAAP 2023,XBRL Document Created with the Workiva Platform,10-K,http://www.sec.gov/Archives/edgar/data/1037540/000165642324000007/bxp-20231231.htm,2024-02-27,2024,679225,https://www.sec.gov/Archives/edgar/data/1037540/000165642324000007/0001656423-24-000007-index.htm,6798,10k-bxp-20231231
DQC.US.0001.79,"2024-02-27 16:33:13,462 [DQC.US.0001.79] The concept MinorityInterestOwnershipPercentageByParent with a value of 0.55 is dimensionally qualified with the OwnershipAxis and the base taxonomy member NoncontrollingInterestMember. Only extension members should be used with the axis OwnershipAxis.
The properties of the fact for MinorityInterestOwnershipPercentageByParent are:
Period: 2023-11-13
Dimensions: srt:RealEstateAndAccumulatedDepreciationDescriptionOfPropertyAxis=bxp:ThreeZeroZeroBinneyStreetMember, srt:OwnershipAxis=us-gaap:NoncontrollingInterestMember 
Unit: pure

Rule Element Id:79
Rule version: 23.0.5 - bxp-20231231.htm 5",2024-02-27,ERROR,DQC,1,1037540,"BXP, INC.",2024-02-27 15:56:00,0001656423-24-000007,US GAAP 2023,XBRL Document Created with the Workiva Platform,10-K,http://www.sec.gov/Archives/edgar/data/1037540/000165642324000007/bxp-20231231.htm,2024-02-27,2024,679225,https://www.sec.gov/Archives/edgar/data/1037540/000165642324000007/0001656423-24-000007-index.htm,6798,10k-bxp-20231231
DQC.US.0001.61,"2024-05-11 11:03:43,355 [DQC.US.0001.61] The concept ShareBasedCompensationArrangementByShareBasedPaymentAwardNumberOfSharesAuthorized with a value of 165,240 is dimensionally qualified with the RangeAxis and the unallowable member bxp:TargetMember. 
The properties of the fact for ShareBasedCompensationArrangementByShareBasedPaymentAwardNumberOfSharesAuthorized are:
Period: 2024-01-25
Dimensions: dei:LegalEntityAxis=bxp:BostonPropertiesLimitedPartnershipMember, us-gaap:AwardTypeAxis=bxp:MYLTIPTwoThousandTwentyFourMember, srt:RangeAxis=bxp:TargetMember 
Unit: shares

Rule Element Id:61
Rule version: 23.0.11 - bxp-20240331.htm 8",2024-05-11,ERROR,DQC,1,1037540,"BXP, INC.",2024-05-10 10:48:00,0001656423-24-000028,US GAAP 2023,XBRL Document Created with the Workiva Platform,10-Q,http://www.sec.gov/Archives/edgar/data/1037540/000165642324000028/bxp-20240331.htm,2024-05-10,2024,713362,https://www.sec.gov/Archives/edgar/data/1037540/000165642324000028/0001656423-24-000028-index.htm,6798,10q-bxp-20240331
DQC.US.0001.79,"2024-05-11 11:03:43,356 [DQC.US.0001.79] The concept MinorityInterestOwnershipPercentageByParent with a value of 0.55 is dimensionally qualified with the OwnershipAxis and the base taxonomy member NoncontrollingInterestMember. Only extension members should be used with the axis OwnershipAxis.
The properties of the fact for MinorityInterestOwnershipPercentageByParent are:
Period: 2024-03-21
Dimensions: srt:RealEstateAndAccumulatedDepreciationDescriptionOfPropertyAxis=bxp:TwoNineZeroBinneyMember, srt:OwnershipAxis=us-gaap:NoncontrollingInterestMember 
Unit: pure

Rule Element Id:79
Rule version: 23.0.11 - bxp-20240331.htm 8",2024-05-11,ERROR,DQC,1,1037540,"BXP, INC.",2024-05-10 10:48:00,0001656423-24-000028,US GAAP 2023,XBRL Document Created with the Workiva Platform,10-Q,http://www.sec.gov/Archives/edgar/data/1037540/000165642324000028/bxp-20240331.htm,2024-05-10,2024,713362,https://www.sec.gov/Archives/edgar/data/1037540/000165642324000028/0001656423-24-000028-index.htm,6798,10q-bxp-20240331
DQC.US.0001.81,"2024-05-11 11:03:43,356 [DQC.US.0001.81]  The member IntersegmentEliminationMember is used on the axis StatementBusinessSegmentsAxis. The StatementBusinessSegmentsAxis should only be used with extension members and the  following  US-GAAP  members: us-gaap:AllOtherSegmentsMember, us-gaap:CorporateMember, us-gaap:SegmentDomain, us-gaap:CorporateAndOtherMember. There are no facts associated with this member and axis.

Rule Element Id:81
Rule version: 23.0.11 - IXDS bxp-20240331.htm",2024-05-11,ERROR,DQC,1,1037540,"BXP, INC.",2024-05-10 10:48:00,0001656423-24-000028,US GAAP 2023,XBRL Document Created with the Workiva Platform,10-Q,http://www.sec.gov/Archives/edgar/data/1037540/000165642324000028/bxp-20240331.htm,2024-05-10,2024,713362,https://www.sec.gov/Archives/edgar/data/1037540/000165642324000028/0001656423-24-000028-index.htm,6798,10q-bxp-20240331
DQC.US.0001.74,"2024-06-05 06:48:37,374 [DQC.US.0001.74] The concept SubsequentEventDescription with a value of On April 24, 2024, HST Global, Inc., a Nevada Corporation (the “Company”) entered into a Reorganization and Stock Purchase Agreement (the “Reorganization Agreement”) by and among HP Auto Fund LLP (“HPAF”), HST Global Holdings, LLC (“HGHI”), Ron Howell (“Howell”) and The Health Network, Inc. (“Health Network”). Howell and Health Network were the principal shareholders of the Company.  Effective April 26, 2024, the parties closed the Reorganization Agreement. As part of the transaction, Howell and Health Network, the then majority shareholders of the Company (the “the Company Shareholders”) delivered 1,634,738 shares of common stock of the Company to each of HPAF and HGHI.  In addition, the Company issued to each of HPAF and HGHI 18,156,322 shares of newly-issued common stock, which, together with the transferred shares, represented approximately 95% of the outstanding equity of the Company.  Further, as part of the transaction, Howell agreed to cancel $624,808 in debt obligations previously owed to Howell.  As a consequence, immediately subsequent to the close of the Reorganization Agreement, the Company has 41,561,226 shares of common stock outstanding.  Also as part of the reorganization, the Company will undertake a 1 for 10 reverse stock split of its outstanding shares effective upon approval by FINRA.  is dimensionally qualified with the SubsequentEventTypeAxis and the unallowable member ReorganizationAgreementMember. 
The properties of the fact for SubsequentEventDescription are:
Period: 2024-01-01 to 2024-03-31
Dimensions: us-gaap:SubsequentEventTypeAxis=fil:ReorganizationAgreementMember 
Unit: None

Rule Element Id:74
Rule version: 23.0.13 - hstc-20240331.htm 1168",2024-06-05,ERROR,DQC,1,797564,"HST Global, Inc.",2024-06-04 17:47:00,0001674796-24-000015,US GAAP 2024,"Produced by EDGARsuite software, Advanced Computer Innovations, Inc., Copyright (C) 2008-2024 [PPX88P7FA1Y3VEFT4KDF]. www.edgarsuite.com",10-Q,http://www.sec.gov/Archives/edgar/data/797564/000167479624000015/hstc-20240331.htm,2024-06-05,2024,722248,https://www.sec.gov/Archives/edgar/data/797564/000167479624000015/0001674796-24-000015-index.htm,2834,10q-hstc-20240331
DQC.US.0001.74,"2024-06-05 06:48:37,374 [DQC.US.0001.74] The concept SubsequentEventsDate with a value of 2024-04-24 is dimensionally qualified with the SubsequentEventTypeAxis and the unallowable member ReorganizationAgreementMember. 
The properties of the fact for SubsequentEventsDate are:
Period: 2024-01-01 to 2024-03-31
Dimensions: us-gaap:SubsequentEventTypeAxis=fil:ReorganizationAgreementMember 
Unit: None

Rule Element Id:74
Rule version: 23.0.13 - hstc-20240331.htm 1168",2024-06-05,ERROR,DQC,1,797564,"HST Global, Inc.",2024-06-04 17:47:00,0001674796-24-000015,US GAAP 2024,"Produced by EDGARsuite software, Advanced Computer Innovations, Inc., Copyright (C) 2008-2024 [PPX88P7FA1Y3VEFT4KDF]. www.edgarsuite.com",10-Q,http://www.sec.gov/Archives/edgar/data/797564/000167479624000015/hstc-20240331.htm,2024-06-05,2024,722248,https://www.sec.gov/Archives/edgar/data/797564/000167479624000015/0001674796-24-000015-index.htm,2834,10q-hstc-20240331
DQC.US.0001.74,"2024-06-05 06:48:37,375 [DQC.US.0001.74] The concept SubsequentEventDescription with a value of Effective April 26, 2024 HSTC announced the appointment of Mike Field and Jason Murphy as Directors of the Company.  is dimensionally qualified with the SubsequentEventTypeAxis and the unallowable member ElectionOfDirectorsMember. 
The properties of the fact for SubsequentEventDescription are:
Period: 2024-01-01 to 2024-03-31
Dimensions: us-gaap:SubsequentEventTypeAxis=fil:ElectionOfDirectorsMember 
Unit: None

Rule Element Id:74
Rule version: 23.0.13 - hstc-20240331.htm 1170",2024-06-05,ERROR,DQC,1,797564,"HST Global, Inc.",2024-06-04 17:47:00,0001674796-24-000015,US GAAP 2024,"Produced by EDGARsuite software, Advanced Computer Innovations, Inc., Copyright (C) 2008-2024 [PPX88P7FA1Y3VEFT4KDF]. www.edgarsuite.com",10-Q,http://www.sec.gov/Archives/edgar/data/797564/000167479624000015/hstc-20240331.htm,2024-06-05,2024,722248,https://www.sec.gov/Archives/edgar/data/797564/000167479624000015/0001674796-24-000015-index.htm,2834,10q-hstc-20240331
DQC.US.0001.74,"2024-06-05 06:48:37,375 [DQC.US.0001.74] The concept SubsequentEventDescription with a value of Subsequently, the Directors appointed Mike Field as President and Acting CFO and Jason Murphy as CEO, Vice President and Secretary.  is dimensionally qualified with the SubsequentEventTypeAxis and the unallowable member AppointmentOfOfficersMember. 
The properties of the fact for SubsequentEventDescription are:
Period: 2024-01-01 to 2024-03-31
Dimensions: us-gaap:SubsequentEventTypeAxis=fil:AppointmentOfOfficersMember 
Unit: None

Rule Element Id:74
Rule version: 23.0.13 - hstc-20240331.htm 1172",2024-06-05,ERROR,DQC,1,797564,"HST Global, Inc.",2024-06-04 17:47:00,0001674796-24-000015,US GAAP 2024,"Produced by EDGARsuite software, Advanced Computer Innovations, Inc., Copyright (C) 2008-2024 [PPX88P7FA1Y3VEFT4KDF]. www.edgarsuite.com",10-Q,http://www.sec.gov/Archives/edgar/data/797564/000167479624000015/hstc-20240331.htm,2024-06-05,2024,722248,https://www.sec.gov/Archives/edgar/data/797564/000167479624000015/0001674796-24-000015-index.htm,2834,10q-hstc-20240331
DQC.US.0001.74,"2024-06-05 06:48:37,375 [DQC.US.0001.74] The concept SubsequentEventsDate with a value of 2024-04-26 is dimensionally qualified with the SubsequentEventTypeAxis and the unallowable member ElectionOfDirectorsMember. 
The properties of the fact for SubsequentEventsDate are:
Period: 2024-01-01 to 2024-03-31
Dimensions: us-gaap:SubsequentEventTypeAxis=fil:ElectionOfDirectorsMember 
Unit: None

Rule Element Id:74
Rule version: 23.0.13 - hstc-20240331.htm 1170",2024-06-05,ERROR,DQC,1,797564,"HST Global, Inc.",2024-06-04 17:47:00,0001674796-24-000015,US GAAP 2024,"Produced by EDGARsuite software, Advanced Computer Innovations, Inc., Copyright (C) 2008-2024 [PPX88P7FA1Y3VEFT4KDF]. www.edgarsuite.com",10-Q,http://www.sec.gov/Archives/edgar/data/797564/000167479624000015/hstc-20240331.htm,2024-06-05,2024,722248,https://www.sec.gov/Archives/edgar/data/797564/000167479624000015/0001674796-24-000015-index.htm,2834,10q-hstc-20240331
DQC.US.0001.62,"2024-08-02 06:04:06,618 [DQC.US.0001.62] The concept LettersOfCreditOutstandingAmount with a value of 154,400,000 is dimensionally qualified with the CurrencyAxis and the unallowable member pwr:AustralianAndCanadianDollarsMember. 
The properties of the fact for LettersOfCreditOutstandingAmount are:
Period: 2024-06-30
Dimensions: us-gaap:DebtInstrumentAxis=pwr:SeniorCreditFacilityMember, us-gaap:CreditFacilityAxis=pwr:LettersOfCreditAndBankGuaranteesMember, srt:CurrencyAxis=pwr:AustralianAndCanadianDollarsMember 
Unit: USD

Rule Element Id:62
Rule version: 24.0.1 - pwr-20240630.htm 8",2024-08-02,ERROR,DQC,1,1050915,"Quanta Services, Inc.",2024-08-01 09:55:00,0001050915-24-000140,US GAAP 2024,XBRL Document Created with the Workiva Platform,10-Q,http://www.sec.gov/Archives/edgar/data/1050915/000105091524000140/pwr-20240630.htm,2024-08-01,2024,744410,https://www.sec.gov/Archives/edgar/data/1050915/000105091524000140/0001050915-24-000140-index.htm,1731,10q-pwr-20240630
DQC.US.0001.69,"2024-08-05 13:19:03,238 [DQC.US.0001.69]  The member CorporateAndOtherMember is inappropriately used on the axis ProductOrServiceAxis. The only members allowed on this axis are extensions or products defined in the US GAAP taxonomy. There are no facts associated with this member and axis.

Rule Element Id:69
Rule version: 24.0.1 - IXDS cps-20240630.htm",2024-08-05,ERROR,DQC,1,1320461,COOPER-STANDARD HOLDINGS INC.,2024-08-02 16:07:00,0001320461-24-000120,US GAAP 2023,XBRL Document Created with the Workiva Platform,10-Q,http://www.sec.gov/Archives/edgar/data/1320461/000132046124000120/cps-20240630.htm,2024-08-02,2024,745362,https://www.sec.gov/Archives/edgar/data/1320461/000132046124000120/0001320461-24-000120-index.htm,3714,10q-cps-20240630
DQC.US.0001.81,"2024-08-05 13:19:03,238 [DQC.US.0001.81]  The member NorthAmericaMember is used on the axis StatementBusinessSegmentsAxis. The StatementBusinessSegmentsAxis should only be used with extension members and the  following  US-GAAP  members: us-gaap:SegmentDomain, us-gaap:AllOtherSegmentsMember, us-gaap:CorporateMember, us-gaap:CorporateAndOtherMember. There are no facts associated with this member and axis.

Rule Element Id:81
Rule version: 24.0.1 - IXDS cps-20240630.htm",2024-08-05,ERROR,DQC,1,1320461,COOPER-STANDARD HOLDINGS INC.,2024-08-02 16:07:00,0001320461-24-000120,US GAAP 2023,XBRL Document Created with the Workiva Platform,10-Q,http://www.sec.gov/Archives/edgar/data/1320461/000132046124000120/cps-20240630.htm,2024-08-02,2024,745362,https://www.sec.gov/Archives/edgar/data/1320461/000132046124000120/0001320461-24-000120-index.htm,3714,10q-cps-20240630
DQC.US.0001.81,"2024-08-05 13:19:03,238 [DQC.US.0001.81]  The member OperatingSegmentsMember is used on the axis StatementBusinessSegmentsAxis. The StatementBusinessSegmentsAxis should only be used with extension members and the  following  US-GAAP  members: us-gaap:SegmentDomain, us-gaap:AllOtherSegmentsMember, us-gaap:CorporateMember, us-gaap:CorporateAndOtherMember. There are no facts associated with this member and axis.

Rule Element Id:81
Rule version: 24.0.1 - IXDS cps-20240630.htm",2024-08-05,ERROR,DQC,1,1320461,COOPER-STANDARD HOLDINGS INC.,2024-08-02 16:07:00,0001320461-24-000120,US GAAP 2023,XBRL Document Created with the Workiva Platform,10-Q,http://www.sec.gov/Archives/edgar/data/1320461/000132046124000120/cps-20240630.htm,2024-08-02,2024,745362,https://www.sec.gov/Archives/edgar/data/1320461/000132046124000120/0001320461-24-000120-index.htm,3714,10q-cps-20240630
DQC.US.0001.81,"2024-08-05 13:19:03,238 [DQC.US.0001.81]  The member SalesMember is used on the axis StatementBusinessSegmentsAxis. The StatementBusinessSegmentsAxis should only be used with extension members and the  following  US-GAAP  members: us-gaap:SegmentDomain, us-gaap:AllOtherSegmentsMember, us-gaap:CorporateMember, us-gaap:CorporateAndOtherMember. There are no facts associated with this member and axis.

Rule Element Id:81
Rule version: 24.0.1 - IXDS cps-20240630.htm",2024-08-05,ERROR,DQC,1,1320461,COOPER-STANDARD HOLDINGS INC.,2024-08-02 16:07:00,0001320461-24-000120,US GAAP 2023,XBRL Document Created with the Workiva Platform,10-Q,http://www.sec.gov/Archives/edgar/data/1320461/000132046124000120/cps-20240630.htm,2024-08-02,2024,745362,https://www.sec.gov/Archives/edgar/data/1320461/000132046124000120/0001320461-24-000120-index.htm,3714,10q-cps-20240630
DQC.US.0001.61,"2024-08-06 23:03:47,796 [DQC.US.0001.61] The concept ShareBasedCompensationArrangementByShareBasedPaymentAwardNumberOfSharesAuthorized with a value of 165,240 is dimensionally qualified with the RangeAxis and the unallowable member bxp:TargetMember. 
The properties of the fact for ShareBasedCompensationArrangementByShareBasedPaymentAwardNumberOfSharesAuthorized are:
Period: 2024-01-25
Dimensions: us-gaap:AwardTypeAxis=bxp:MYLTIPTwoThousandTwentyFourMember, dei:LegalEntityAxis=bxp:BostonPropertiesLimitedPartnershipMember, srt:RangeAxis=bxp:TargetMember 
Unit: shares

Rule Element Id:61
Rule version: 24.0.1 - bxp-20240630.htm 8",2024-08-07,ERROR,DQC,1,1037540,"BXP, INC.",2024-08-05 16:49:00,0001656423-24-000046,US GAAP 2024,XBRL Document Created with the Workiva Platform,10-Q,http://www.sec.gov/Archives/edgar/data/1037540/000165642324000046/bxp-20240630.htm,2024-08-05,2024,746025,https://www.sec.gov/Archives/edgar/data/1037540/000165642324000046/0001656423-24-000046-index.htm,6798,10q-bxp-20240630
DQC.US.0001.79,"2024-08-06 23:03:47,796 [DQC.US.0001.79] The concept MinorityInterestOwnershipPercentageByParent with a value of 0.55 is dimensionally qualified with the OwnershipAxis and the base taxonomy member NoncontrollingInterestMember. Only extension members should be used with the axis OwnershipAxis.
The properties of the fact for MinorityInterestOwnershipPercentageByParent are:
Period: 2024-03-21
Dimensions: srt:RealEstateAndAccumulatedDepreciationDescriptionOfPropertyAxis=bxp:TwoNineZeroBinneyMember, srt:OwnershipAxis=us-gaap:NoncontrollingInterestMember 
Unit: pure

Rule Element Id:79
Rule version: 24.0.1 - bxp-20240630.htm 8",2024-08-07,ERROR,DQC,1,1037540,"BXP, INC.",2024-08-05 16:49:00,0001656423-24-000046,US GAAP 2024,XBRL Document Created with the Workiva Platform,10-Q,http://www.sec.gov/Archives/edgar/data/1037540/000165642324000046/bxp-20240630.htm,2024-08-05,2024,746025,https://www.sec.gov/Archives/edgar/data/1037540/000165642324000046/0001656423-24-000046-index.htm,6798,10q-bxp-20240630
DQC.US.0001.81,"2024-08-06 23:03:47,796 [DQC.US.0001.81]  The member IntersegmentEliminationMember is used on the axis StatementBusinessSegmentsAxis. The StatementBusinessSegmentsAxis should only be used with extension members and the  following  US-GAAP  members: us-gaap:CorporateAndOtherMember, us-gaap:AllOtherSegmentsMember, us-gaap:CorporateMember, us-gaap:SegmentDomain, us-gaap:ReportableSegmentAggregationBeforeOtherOperatingSegmentMember. There are no facts associated with this member and axis.

Rule Element Id:81
Rule version: 24.0.1 - IXDS bxp-20240630.htm",2024-08-07,ERROR,DQC,1,1037540,"BXP, INC.",2024-08-05 16:49:00,0001656423-24-000046,US GAAP 2024,XBRL Document Created with the Workiva Platform,10-Q,http://www.sec.gov/Archives/edgar/data/1037540/000165642324000046/bxp-20240630.htm,2024-08-05,2024,746025,https://www.sec.gov/Archives/edgar/data/1037540/000165642324000046/0001656423-24-000046-index.htm,6798,10q-bxp-20240630
DQC.US.0001.81,"2024-08-08 12:03:47,053 [DQC.US.0001.81] The concept MarketingExpense with a value of 0 is dimensionally qualified with the StatementBusinessSegmentsAxis and the unallowable member IntersegmentEliminationMember. The StatementBusinessSegmentsAxis should only be used with extension members and the  following  US-GAAP  members: us-gaap:AllOtherSegmentsMember, us-gaap:CorporateAndOtherMember, us-gaap:ReportableSegmentAggregationBeforeOtherOperatingSegmentMember, us-gaap:CorporateMember, us-gaap:SegmentDomain.
The properties of the fact for MarketingExpense are:
Period: 2024-04-01 to 2024-06-30
Dimensions: us-gaap:StatementBusinessSegmentsAxis=us-gaap:IntersegmentEliminationMember, srt:ConsolidationItemsAxis=us-gaap:OperatingSegmentsMember 
Unit: USD

Rule Element Id:81
Rule version: 24.0.1 - rdfn-20240630.htm 8",2024-08-08,ERROR,DQC,1,1382821,Redfin Corporation,2024-08-06 16:09:00,0001382821-24-000143,US GAAP 2024,XBRL Document Created with the Workiva Platform,10-Q,http://www.sec.gov/Archives/edgar/data/1382821/000138282124000143/rdfn-20240630.htm,2024-08-06,2024,746777,https://www.sec.gov/Archives/edgar/data/1382821/000138282124000143/0001382821-24-000143-index.htm,6531,10q-rdfn-20240630
DQC.US.0001.81,"2024-08-08 12:03:47,053 [DQC.US.0001.81] The concept ResearchAndDevelopmentExpense with a value of 941,000 is dimensionally qualified with the StatementBusinessSegmentsAxis and the unallowable member IntersegmentEliminationMember. The StatementBusinessSegmentsAxis should only be used with extension members and the  following  US-GAAP  members: us-gaap:AllOtherSegmentsMember, us-gaap:CorporateAndOtherMember, us-gaap:ReportableSegmentAggregationBeforeOtherOperatingSegmentMember, us-gaap:CorporateMember, us-gaap:SegmentDomain.
The properties of the fact for ResearchAndDevelopmentExpense are:
Period: 2023-04-01 to 2023-06-30
Dimensions: us-gaap:StatementBusinessSegmentsAxis=us-gaap:IntersegmentEliminationMember, srt:ConsolidationItemsAxis=us-gaap:OperatingSegmentsMember 
Unit: USD

Rule Element Id:81
Rule version: 24.0.1 - rdfn-20240630.htm 8",2024-08-08,ERROR,DQC,1,1382821,Redfin Corporation,2024-08-06 16:09:00,0001382821-24-000143,US GAAP 2024,XBRL Document Created with the Workiva Platform,10-Q,http://www.sec.gov/Archives/edgar/data/1382821/000138282124000143/rdfn-20240630.htm,2024-08-06,2024,746777,https://www.sec.gov/Archives/edgar/data/1382821/000138282124000143/0001382821-24-000143-index.htm,6531,10q-rdfn-20240630
DQC.US.0001.81,"2024-08-08 12:03:47,053 [DQC.US.0001.81] The concept RevenueFromContractWithCustomerExcludingAssessedTax with a value of 0 is dimensionally qualified with the StatementBusinessSegmentsAxis and the unallowable member IntersegmentEliminationMember. The StatementBusinessSegmentsAxis should only be used with extension members and the  following  US-GAAP  members: us-gaap:AllOtherSegmentsMember, us-gaap:CorporateAndOtherMember, us-gaap:ReportableSegmentAggregationBeforeOtherOperatingSegmentMember, us-gaap:CorporateMember, us-gaap:SegmentDomain.
The properties of the fact for RevenueFromContractWithCustomerExcludingAssessedTax are:
Period: 2024-04-01 to 2024-06-30
Dimensions: us-gaap:StatementBusinessSegmentsAxis=us-gaap:IntersegmentEliminationMember, srt:ConsolidationItemsAxis=us-gaap:OperatingSegmentsMember 
Unit: USD

Rule Element Id:81
Rule version: 24.0.1 - rdfn-20240630.htm 8",2024-08-08,ERROR,DQC,1,1382821,Redfin Corporation,2024-08-06 16:09:00,0001382821-24-000143,US GAAP 2024,XBRL Document Created with the Workiva Platform,10-Q,http://www.sec.gov/Archives/edgar/data/1382821/000138282124000143/rdfn-20240630.htm,2024-08-06,2024,746777,https://www.sec.gov/Archives/edgar/data/1382821/000138282124000143/0001382821-24-000143-index.htm,6531,10q-rdfn-20240630
DQC.US.0001.81,"2024-08-08 12:03:47,054 [DQC.US.0001.81] The concept CostOfRevenue with a value of 0 is dimensionally qualified with the StatementBusinessSegmentsAxis and the unallowable member IntersegmentEliminationMember. The StatementBusinessSegmentsAxis should only be used with extension members and the  following  US-GAAP  members: us-gaap:AllOtherSegmentsMember, us-gaap:CorporateAndOtherMember, us-gaap:ReportableSegmentAggregationBeforeOtherOperatingSegmentMember, us-gaap:CorporateMember, us-gaap:SegmentDomain.
The properties of the fact for CostOfRevenue are:
Period: 2023-04-01 to 2023-06-30
Dimensions: us-gaap:StatementBusinessSegmentsAxis=us-gaap:IntersegmentEliminationMember, srt:ConsolidationItemsAxis=us-gaap:OperatingSegmentsMember 
Unit: USD

Rule Element Id:81
Rule version: 24.0.1 - rdfn-20240630.htm 8",2024-08-08,ERROR,DQC,1,1382821,Redfin Corporation,2024-08-06 16:09:00,0001382821-24-000143,US GAAP 2024,XBRL Document Created with the Workiva Platform,10-Q,http://www.sec.gov/Archives/edgar/data/1382821/000138282124000143/rdfn-20240630.htm,2024-08-06,2024,746777,https://www.sec.gov/Archives/edgar/data/1382821/000138282124000143/0001382821-24-000143-index.htm,6531,10q-rdfn-20240630
DQC.US.0001.81,"2024-08-08 12:03:47,054 [DQC.US.0001.81] The concept OperatingAndNonoperatingIncomeExpenseIncludingIncomeTaxExpenseBenefitNet with a value of 3,170,000 is dimensionally qualified with the StatementBusinessSegmentsAxis and the unallowable member IntersegmentEliminationMember. The StatementBusinessSegmentsAxis should only be used with extension members and the  following  US-GAAP  members: us-gaap:AllOtherSegmentsMember, us-gaap:CorporateAndOtherMember, us-gaap:ReportableSegmentAggregationBeforeOtherOperatingSegmentMember, us-gaap:CorporateMember, us-gaap:SegmentDomain.
The properties of the fact for OperatingAndNonoperatingIncomeExpenseIncludingIncomeTaxExpenseBenefitNet are:
Period: 2024-01-01 to 2024-06-30
Dimensions: us-gaap:StatementBusinessSegmentsAxis=us-gaap:IntersegmentEliminationMember, srt:ConsolidationItemsAxis=us-gaap:OperatingSegmentsMember 
Unit: USD

Rule Element Id:81
Rule version: 24.0.1 - rdfn-20240630.htm 8",2024-08-08,ERROR,DQC,1,1382821,Redfin Corporation,2024-08-06 16:09:00,0001382821-24-000143,US GAAP 2024,XBRL Document Created with the Workiva Platform,10-Q,http://www.sec.gov/Archives/edgar/data/1382821/000138282124000143/rdfn-20240630.htm,2024-08-06,2024,746777,https://www.sec.gov/Archives/edgar/data/1382821/000138282124000143/0001382821-24-000143-index.htm,6531,10q-rdfn-20240630
DQC.US.0001.81,"2024-08-08 12:03:47,054 [DQC.US.0001.81] The concept ResearchAndDevelopmentExpense with a value of 2,135,000 is dimensionally qualified with the StatementBusinessSegmentsAxis and the unallowable member IntersegmentEliminationMember. The StatementBusinessSegmentsAxis should only be used with extension members and the  following  US-GAAP  members: us-gaap:AllOtherSegmentsMember, us-gaap:CorporateAndOtherMember, us-gaap:ReportableSegmentAggregationBeforeOtherOperatingSegmentMember, us-gaap:CorporateMember, us-gaap:SegmentDomain.
The properties of the fact for ResearchAndDevelopmentExpense are:
Period: 2024-01-01 to 2024-06-30
Dimensions: us-gaap:StatementBusinessSegmentsAxis=us-gaap:IntersegmentEliminationMember, srt:ConsolidationItemsAxis=us-gaap:OperatingSegmentsMember 
Unit: USD

Rule Element Id:81
Rule version: 24.0.1 - rdfn-20240630.htm 8",2024-08-08,ERROR,DQC,1,1382821,Redfin Corporation,2024-08-06 16:09:00,0001382821-24-000143,US GAAP 2024,XBRL Document Created with the Workiva Platform,10-Q,http://www.sec.gov/Archives/edgar/data/1382821/000138282124000143/rdfn-20240630.htm,2024-08-06,2024,746777,https://www.sec.gov/Archives/edgar/data/1382821/000138282124000143/0001382821-24-000143-index.htm,6531,10q-rdfn-20240630
DQC.US.0001.81,"2024-08-08 12:03:47,054 [DQC.US.0001.81] The concept RevenueFromContractWithCustomerExcludingAssessedTax with a value of 0 is dimensionally qualified with the StatementBusinessSegmentsAxis and the unallowable member IntersegmentEliminationMember. The StatementBusinessSegmentsAxis should only be used with extension members and the  following  US-GAAP  members: us-gaap:AllOtherSegmentsMember, us-gaap:CorporateAndOtherMember, us-gaap:ReportableSegmentAggregationBeforeOtherOperatingSegmentMember, us-gaap:CorporateMember, us-gaap:SegmentDomain.
The properties of the fact for RevenueFromContractWithCustomerExcludingAssessedTax are:
Period: 2023-01-01 to 2023-06-30
Dimensions: us-gaap:StatementBusinessSegmentsAxis=us-gaap:IntersegmentEliminationMember, srt:ConsolidationItemsAxis=us-gaap:OperatingSegmentsMember 
Unit: USD

Rule Element Id:81
Rule version: 24.0.1 - rdfn-20240630.htm 8",2024-08-08,ERROR,DQC,1,1382821,Redfin Corporation,2024-08-06 16:09:00,0001382821-24-000143,US GAAP 2024,XBRL Document Created with the Workiva Platform,10-Q,http://www.sec.gov/Archives/edgar/data/1382821/000138282124000143/rdfn-20240630.htm,2024-08-06,2024,746777,https://www.sec.gov/Archives/edgar/data/1382821/000138282124000143/0001382821-24-000143-index.htm,6531,10q-rdfn-20240630
DQC.US.0001.81,"2024-08-08 12:03:47,055 [DQC.US.0001.81] The concept GeneralAndAdministrativeExpense with a value of 7,731,000 is dimensionally qualified with the StatementBusinessSegmentsAxis and the unallowable member IntersegmentEliminationMember. The StatementBusinessSegmentsAxis should only be used with extension members and the  following  US-GAAP  members: us-gaap:AllOtherSegmentsMember, us-gaap:CorporateAndOtherMember, us-gaap:ReportableSegmentAggregationBeforeOtherOperatingSegmentMember, us-gaap:CorporateMember, us-gaap:SegmentDomain.
The properties of the fact for GeneralAndAdministrativeExpense are:
Period: 2023-04-01 to 2023-06-30
Dimensions: us-gaap:StatementBusinessSegmentsAxis=us-gaap:IntersegmentEliminationMember, srt:ConsolidationItemsAxis=us-gaap:OperatingSegmentsMember 
Unit: USD

Rule Element Id:81
Rule version: 24.0.1 - rdfn-20240630.htm 8",2024-08-08,ERROR,DQC,1,1382821,Redfin Corporation,2024-08-06 16:09:00,0001382821-24-000143,US GAAP 2024,XBRL Document Created with the Workiva Platform,10-Q,http://www.sec.gov/Archives/edgar/data/1382821/000138282124000143/rdfn-20240630.htm,2024-08-06,2024,746777,https://www.sec.gov/Archives/edgar/data/1382821/000138282124000143/0001382821-24-000143-index.htm,6531,10q-rdfn-20240630
DQC.US.0001.81,"2024-08-08 12:03:47,055 [DQC.US.0001.81] The concept MarketingExpense with a value of 0 is dimensionally qualified with the StatementBusinessSegmentsAxis and the unallowable member IntersegmentEliminationMember. The StatementBusinessSegmentsAxis should only be used with extension members and the  following  US-GAAP  members: us-gaap:AllOtherSegmentsMember, us-gaap:CorporateAndOtherMember, us-gaap:ReportableSegmentAggregationBeforeOtherOperatingSegmentMember, us-gaap:CorporateMember, us-gaap:SegmentDomain.
The properties of the fact for MarketingExpense are:
Period: 2024-01-01 to 2024-06-30
Dimensions: srt:ConsolidationItemsAxis=us-gaap:OperatingSegmentsMember, us-gaap:StatementBusinessSegmentsAxis=us-gaap:IntersegmentEliminationMember 
Unit: USD

Rule Element Id:81
Rule version: 24.0.1 - rdfn-20240630.htm 8",2024-08-08,ERROR,DQC,1,1382821,Redfin Corporation,2024-08-06 16:09:00,0001382821-24-000143,US GAAP 2024,XBRL Document Created with the Workiva Platform,10-Q,http://www.sec.gov/Archives/edgar/data/1382821/000138282124000143/rdfn-20240630.htm,2024-08-06,2024,746777,https://www.sec.gov/Archives/edgar/data/1382821/000138282124000143/0001382821-24-000143-index.htm,6531,10q-rdfn-20240630
DQC.US.0001.81,"2024-08-08 12:03:47,055 [DQC.US.0001.81] The concept MarketingExpense with a value of 21,000 is dimensionally qualified with the StatementBusinessSegmentsAxis and the unallowable member IntersegmentEliminationMember. The StatementBusinessSegmentsAxis should only be used with extension members and the  following  US-GAAP  members: us-gaap:AllOtherSegmentsMember, us-gaap:CorporateAndOtherMember, us-gaap:ReportableSegmentAggregationBeforeOtherOperatingSegmentMember, us-gaap:CorporateMember, us-gaap:SegmentDomain.
The properties of the fact for MarketingExpense are:
Period: 2023-04-01 to 2023-06-30
Dimensions: srt:ConsolidationItemsAxis=us-gaap:OperatingSegmentsMember, us-gaap:StatementBusinessSegmentsAxis=us-gaap:IntersegmentEliminationMember 
Unit: USD

Rule Element Id:81
Rule version: 24.0.1 - rdfn-20240630.htm 8",2024-08-08,ERROR,DQC,1,1382821,Redfin Corporation,2024-08-06 16:09:00,0001382821-24-000143,US GAAP 2024,XBRL Document Created with the Workiva Platform,10-Q,http://www.sec.gov/Archives/edgar/data/1382821/000138282124000143/rdfn-20240630.htm,2024-08-06,2024,746777,https://www.sec.gov/Archives/edgar/data/1382821/000138282124000143/0001382821-24-000143-index.htm,6531,10q-rdfn-20240630
DQC.US.0001.81,"2024-08-08 12:03:47,055 [DQC.US.0001.81] The concept RestructuringCharges with a value of 6,106,000 is dimensionally qualified with the StatementBusinessSegmentsAxis and the unallowable member IntersegmentEliminationMember. The StatementBusinessSegmentsAxis should only be used with extension members and the  following  US-GAAP  members: us-gaap:AllOtherSegmentsMember, us-gaap:CorporateAndOtherMember, us-gaap:ReportableSegmentAggregationBeforeOtherOperatingSegmentMember, us-gaap:CorporateMember, us-gaap:SegmentDomain.
The properties of the fact for RestructuringCharges are:
Period: 2023-04-01 to 2023-06-30
Dimensions: us-gaap:StatementBusinessSegmentsAxis=us-gaap:IntersegmentEliminationMember, srt:ConsolidationItemsAxis=us-gaap:OperatingSegmentsMember 
Unit: USD

Rule Element Id:81
Rule version: 24.0.1 - rdfn-20240630.htm 8",2024-08-08,ERROR,DQC,1,1382821,Redfin Corporation,2024-08-06 16:09:00,0001382821-24-000143,US GAAP 2024,XBRL Document Created with the Workiva Platform,10-Q,http://www.sec.gov/Archives/edgar/data/1382821/000138282124000143/rdfn-20240630.htm,2024-08-06,2024,746777,https://www.sec.gov/Archives/edgar/data/1382821/000138282124000143/0001382821-24-000143-index.htm,6531,10q-rdfn-20240630
DQC.US.0001.81,"2024-08-08 12:03:47,056 [DQC.US.0001.81] The concept CostOfRevenue with a value of 0 is dimensionally qualified with the StatementBusinessSegmentsAxis and the unallowable member IntersegmentEliminationMember. The StatementBusinessSegmentsAxis should only be used with extension members and the  following  US-GAAP  members: us-gaap:AllOtherSegmentsMember, us-gaap:CorporateAndOtherMember, us-gaap:ReportableSegmentAggregationBeforeOtherOperatingSegmentMember, us-gaap:CorporateMember, us-gaap:SegmentDomain.
The properties of the fact for CostOfRevenue are:
Period: 2024-04-01 to 2024-06-30
Dimensions: srt:ConsolidationItemsAxis=us-gaap:OperatingSegmentsMember, us-gaap:StatementBusinessSegmentsAxis=us-gaap:IntersegmentEliminationMember 
Unit: USD

Rule Element Id:81
Rule version: 24.0.1 - rdfn-20240630.htm 8",2024-08-08,ERROR,DQC,1,1382821,Redfin Corporation,2024-08-06 16:09:00,0001382821-24-000143,US GAAP 2024,XBRL Document Created with the Workiva Platform,10-Q,http://www.sec.gov/Archives/edgar/data/1382821/000138282124000143/rdfn-20240630.htm,2024-08-06,2024,746777,https://www.sec.gov/Archives/edgar/data/1382821/000138282124000143/0001382821-24-000143-index.htm,6531,10q-rdfn-20240630
DQC.US.0001.81,"2024-08-08 12:03:47,056 [DQC.US.0001.81] The concept GeneralAndAdministrativeExpense with a value of 23,268,000 is dimensionally qualified with the StatementBusinessSegmentsAxis and the unallowable member IntersegmentEliminationMember. The StatementBusinessSegmentsAxis should only be used with extension members and the  following  US-GAAP  members: us-gaap:AllOtherSegmentsMember, us-gaap:CorporateAndOtherMember, us-gaap:ReportableSegmentAggregationBeforeOtherOperatingSegmentMember, us-gaap:CorporateMember, us-gaap:SegmentDomain.
The properties of the fact for GeneralAndAdministrativeExpense are:
Period: 2023-01-01 to 2023-06-30
Dimensions: us-gaap:StatementBusinessSegmentsAxis=us-gaap:IntersegmentEliminationMember, srt:ConsolidationItemsAxis=us-gaap:OperatingSegmentsMember 
Unit: USD

Rule Element Id:81
Rule version: 24.0.1 - rdfn-20240630.htm 8",2024-08-08,ERROR,DQC,1,1382821,Redfin Corporation,2024-08-06 16:09:00,0001382821-24-000143,US GAAP 2024,XBRL Document Created with the Workiva Platform,10-Q,http://www.sec.gov/Archives/edgar/data/1382821/000138282124000143/rdfn-20240630.htm,2024-08-06,2024,746777,https://www.sec.gov/Archives/edgar/data/1382821/000138282124000143/0001382821-24-000143-index.htm,6531,10q-rdfn-20240630
DQC.US.0001.81,"2024-08-08 12:03:47,056 [DQC.US.0001.81] The concept GeneralAndAdministrativeExpense with a value of 25,677,000 is dimensionally qualified with the StatementBusinessSegmentsAxis and the unallowable member IntersegmentEliminationMember. The StatementBusinessSegmentsAxis should only be used with extension members and the  following  US-GAAP  members: us-gaap:AllOtherSegmentsMember, us-gaap:CorporateAndOtherMember, us-gaap:ReportableSegmentAggregationBeforeOtherOperatingSegmentMember, us-gaap:CorporateMember, us-gaap:SegmentDomain.
The properties of the fact for GeneralAndAdministrativeExpense are:
Period: 2024-01-01 to 2024-06-30
Dimensions: srt:ConsolidationItemsAxis=us-gaap:OperatingSegmentsMember, us-gaap:StatementBusinessSegmentsAxis=us-gaap:IntersegmentEliminationMember 
Unit: USD

Rule Element Id:81
Rule version: 24.0.1 - rdfn-20240630.htm 8",2024-08-08,ERROR,DQC,1,1382821,Redfin Corporation,2024-08-06 16:09:00,0001382821-24-000143,US GAAP 2024,XBRL Document Created with the Workiva Platform,10-Q,http://www.sec.gov/Archives/edgar/data/1382821/000138282124000143/rdfn-20240630.htm,2024-08-06,2024,746777,https://www.sec.gov/Archives/edgar/data/1382821/000138282124000143/0001382821-24-000143-index.htm,6531,10q-rdfn-20240630
DQC.US.0001.81,"2024-08-08 12:03:47,057 [DQC.US.0001.81] The concept MarketingExpense with a value of 48,000 is dimensionally qualified with the StatementBusinessSegmentsAxis and the unallowable member IntersegmentEliminationMember. The StatementBusinessSegmentsAxis should only be used with extension members and the  following  US-GAAP  members: us-gaap:AllOtherSegmentsMember, us-gaap:CorporateAndOtherMember, us-gaap:ReportableSegmentAggregationBeforeOtherOperatingSegmentMember, us-gaap:CorporateMember, us-gaap:SegmentDomain.
The properties of the fact for MarketingExpense are:
Period: 2023-01-01 to 2023-06-30
Dimensions: srt:ConsolidationItemsAxis=us-gaap:OperatingSegmentsMember, us-gaap:StatementBusinessSegmentsAxis=us-gaap:IntersegmentEliminationMember 
Unit: USD

Rule Element Id:81
Rule version: 24.0.1 - rdfn-20240630.htm 8",2024-08-08,ERROR,DQC,1,1382821,Redfin Corporation,2024-08-06 16:09:00,0001382821-24-000143,US GAAP 2024,XBRL Document Created with the Workiva Platform,10-Q,http://www.sec.gov/Archives/edgar/data/1382821/000138282124000143/rdfn-20240630.htm,2024-08-06,2024,746777,https://www.sec.gov/Archives/edgar/data/1382821/000138282124000143/0001382821-24-000143-index.htm,6531,10q-rdfn-20240630
DQC.US.0001.81,"2024-08-08 12:03:47,057 [DQC.US.0001.81] The concept OperatingAndNonoperatingIncomeExpenseIncludingIncomeTaxExpenseBenefitNet with a value of 20,553,000 is dimensionally qualified with the StatementBusinessSegmentsAxis and the unallowable member IntersegmentEliminationMember. The StatementBusinessSegmentsAxis should only be used with extension members and the  following  US-GAAP  members: us-gaap:AllOtherSegmentsMember, us-gaap:CorporateAndOtherMember, us-gaap:ReportableSegmentAggregationBeforeOtherOperatingSegmentMember, us-gaap:CorporateMember, us-gaap:SegmentDomain.
The properties of the fact for OperatingAndNonoperatingIncomeExpenseIncludingIncomeTaxExpenseBenefitNet are:
Period: 2023-04-01 to 2023-06-30
Dimensions: srt:ConsolidationItemsAxis=us-gaap:OperatingSegmentsMember, us-gaap:StatementBusinessSegmentsAxis=us-gaap:IntersegmentEliminationMember 
Unit: USD

Rule Element Id:81
Rule version: 24.0.1 - rdfn-20240630.htm 8",2024-08-08,ERROR,DQC,1,1382821,Redfin Corporation,2024-08-06 16:09:00,0001382821-24-000143,US GAAP 2024,XBRL Document Created with the Workiva Platform,10-Q,http://www.sec.gov/Archives/edgar/data/1382821/000138282124000143/rdfn-20240630.htm,2024-08-06,2024,746777,https://www.sec.gov/Archives/edgar/data/1382821/000138282124000143/0001382821-24-000143-index.htm,6531,10q-rdfn-20240630
DQC.US.0001.81,"2024-08-08 12:03:47,057 [DQC.US.0001.81] The concept ResearchAndDevelopmentExpense with a value of 1,878,000 is dimensionally qualified with the StatementBusinessSegmentsAxis and the unallowable member IntersegmentEliminationMember. The StatementBusinessSegmentsAxis should only be used with extension members and the  following  US-GAAP  members: us-gaap:AllOtherSegmentsMember, us-gaap:CorporateAndOtherMember, us-gaap:ReportableSegmentAggregationBeforeOtherOperatingSegmentMember, us-gaap:CorporateMember, us-gaap:SegmentDomain.
The properties of the fact for ResearchAndDevelopmentExpense are:
Period: 2023-01-01 to 2023-06-30
Dimensions: srt:ConsolidationItemsAxis=us-gaap:OperatingSegmentsMember, us-gaap:StatementBusinessSegmentsAxis=us-gaap:IntersegmentEliminationMember 
Unit: USD

Rule Element Id:81
Rule version: 24.0.1 - rdfn-20240630.htm 8",2024-08-08,ERROR,DQC,1,1382821,Redfin Corporation,2024-08-06 16:09:00,0001382821-24-000143,US GAAP 2024,XBRL Document Created with the Workiva Platform,10-Q,http://www.sec.gov/Archives/edgar/data/1382821/000138282124000143/rdfn-20240630.htm,2024-08-06,2024,746777,https://www.sec.gov/Archives/edgar/data/1382821/000138282124000143/0001382821-24-000143-index.htm,6531,10q-rdfn-20240630
DQC.US.0001.81,"2024-08-08 12:03:47,057 [DQC.US.0001.81] The concept RestructuringCharges with a value of 2,223,000 is dimensionally qualified with the StatementBusinessSegmentsAxis and the unallowable member IntersegmentEliminationMember. The StatementBusinessSegmentsAxis should only be used with extension members and the  following  US-GAAP  members: us-gaap:AllOtherSegmentsMember, us-gaap:CorporateAndOtherMember, us-gaap:ReportableSegmentAggregationBeforeOtherOperatingSegmentMember, us-gaap:CorporateMember, us-gaap:SegmentDomain.
The properties of the fact for RestructuringCharges are:
Period: 2024-01-01 to 2024-06-30
Dimensions: srt:ConsolidationItemsAxis=us-gaap:OperatingSegmentsMember, us-gaap:StatementBusinessSegmentsAxis=us-gaap:IntersegmentEliminationMember 
Unit: USD

Rule Element Id:81
Rule version: 24.0.1 - rdfn-20240630.htm 8",2024-08-08,ERROR,DQC,1,1382821,Redfin Corporation,2024-08-06 16:09:00,0001382821-24-000143,US GAAP 2024,XBRL Document Created with the Workiva Platform,10-Q,http://www.sec.gov/Archives/edgar/data/1382821/000138282124000143/rdfn-20240630.htm,2024-08-06,2024,746777,https://www.sec.gov/Archives/edgar/data/1382821/000138282124000143/0001382821-24-000143-index.htm,6531,10q-rdfn-20240630
DQC.US.0001.81,"2024-08-08 12:03:47,057 [DQC.US.0001.81] The concept RevenueFromContractWithCustomerExcludingAssessedTax with a value of 0 is dimensionally qualified with the StatementBusinessSegmentsAxis and the unallowable member IntersegmentEliminationMember. The StatementBusinessSegmentsAxis should only be used with extension members and the  following  US-GAAP  members: us-gaap:AllOtherSegmentsMember, us-gaap:CorporateAndOtherMember, us-gaap:ReportableSegmentAggregationBeforeOtherOperatingSegmentMember, us-gaap:CorporateMember, us-gaap:SegmentDomain.
The properties of the fact for RevenueFromContractWithCustomerExcludingAssessedTax are:
Period: 2023-04-01 to 2023-06-30
Dimensions: srt:ConsolidationItemsAxis=us-gaap:OperatingSegmentsMember, us-gaap:StatementBusinessSegmentsAxis=us-gaap:IntersegmentEliminationMember 
Unit: USD

Rule Element Id:81
Rule version: 24.0.1 - rdfn-20240630.htm 8",2024-08-08,ERROR,DQC,1,1382821,Redfin Corporation,2024-08-06 16:09:00,0001382821-24-000143,US GAAP 2024,XBRL Document Created with the Workiva Platform,10-Q,http://www.sec.gov/Archives/edgar/data/1382821/000138282124000143/rdfn-20240630.htm,2024-08-06,2024,746777,https://www.sec.gov/Archives/edgar/data/1382821/000138282124000143/0001382821-24-000143-index.htm,6531,10q-rdfn-20240630
DQC.US.0001.81,"2024-08-08 12:03:47,058 [DQC.US.0001.81] The concept GeneralAndAdministrativeExpense with a value of 7,894,000 is dimensionally qualified with the StatementBusinessSegmentsAxis and the unallowable member IntersegmentEliminationMember. The StatementBusinessSegmentsAxis should only be used with extension members and the  following  US-GAAP  members: us-gaap:AllOtherSegmentsMember, us-gaap:CorporateAndOtherMember, us-gaap:ReportableSegmentAggregationBeforeOtherOperatingSegmentMember, us-gaap:CorporateMember, us-gaap:SegmentDomain.
The properties of the fact for GeneralAndAdministrativeExpense are:
Period: 2024-04-01 to 2024-06-30
Dimensions: us-gaap:StatementBusinessSegmentsAxis=us-gaap:IntersegmentEliminationMember, srt:ConsolidationItemsAxis=us-gaap:OperatingSegmentsMember 
Unit: USD

Rule Element Id:81
Rule version: 24.0.1 - rdfn-20240630.htm 8",2024-08-08,ERROR,DQC,1,1382821,Redfin Corporation,2024-08-06 16:09:00,0001382821-24-000143,US GAAP 2024,XBRL Document Created with the Workiva Platform,10-Q,http://www.sec.gov/Archives/edgar/data/1382821/000138282124000143/rdfn-20240630.htm,2024-08-06,2024,746777,https://www.sec.gov/Archives/edgar/data/1382821/000138282124000143/0001382821-24-000143-index.htm,6531,10q-rdfn-20240630
DQC.US.0001.81,"2024-08-08 12:03:47,058 [DQC.US.0001.81] The concept OperatingAndNonoperatingIncomeExpenseIncludingIncomeTaxExpenseBenefitNet with a value of 63,563,000 is dimensionally qualified with the StatementBusinessSegmentsAxis and the unallowable member IntersegmentEliminationMember. The StatementBusinessSegmentsAxis should only be used with extension members and the  following  US-GAAP  members: us-gaap:AllOtherSegmentsMember, us-gaap:CorporateAndOtherMember, us-gaap:ReportableSegmentAggregationBeforeOtherOperatingSegmentMember, us-gaap:CorporateMember, us-gaap:SegmentDomain.
The properties of the fact for OperatingAndNonoperatingIncomeExpenseIncludingIncomeTaxExpenseBenefitNet are:
Period: 2023-01-01 to 2023-06-30
Dimensions: srt:ConsolidationItemsAxis=us-gaap:OperatingSegmentsMember, us-gaap:StatementBusinessSegmentsAxis=us-gaap:IntersegmentEliminationMember 
Unit: USD

Rule Element Id:81
Rule version: 24.0.1 - rdfn-20240630.htm 8",2024-08-08,ERROR,DQC,1,1382821,Redfin Corporation,2024-08-06 16:09:00,0001382821-24-000143,US GAAP 2024,XBRL Document Created with the Workiva Platform,10-Q,http://www.sec.gov/Archives/edgar/data/1382821/000138282124000143/rdfn-20240630.htm,2024-08-06,2024,746777,https://www.sec.gov/Archives/edgar/data/1382821/000138282124000143/0001382821-24-000143-index.htm,6531,10q-rdfn-20240630
DQC.US.0001.81,"2024-08-08 12:03:47,058 [DQC.US.0001.81] The concept OperatingAndNonoperatingIncomeExpenseIncludingIncomeTaxExpenseBenefitNet with a value of 895,000 is dimensionally qualified with the StatementBusinessSegmentsAxis and the unallowable member IntersegmentEliminationMember. The StatementBusinessSegmentsAxis should only be used with extension members and the  following  US-GAAP  members: us-gaap:AllOtherSegmentsMember, us-gaap:CorporateAndOtherMember, us-gaap:ReportableSegmentAggregationBeforeOtherOperatingSegmentMember, us-gaap:CorporateMember, us-gaap:SegmentDomain.
The properties of the fact for OperatingAndNonoperatingIncomeExpenseIncludingIncomeTaxExpenseBenefitNet are:
Period: 2024-04-01 to 2024-06-30
Dimensions: srt:ConsolidationItemsAxis=us-gaap:OperatingSegmentsMember, us-gaap:StatementBusinessSegmentsAxis=us-gaap:IntersegmentEliminationMember 
Unit: USD

Rule Element Id:81
Rule version: 24.0.1 - rdfn-20240630.htm 8",2024-08-08,ERROR,DQC,1,1382821,Redfin Corporation,2024-08-06 16:09:00,0001382821-24-000143,US GAAP 2024,XBRL Document Created with the Workiva Platform,10-Q,http://www.sec.gov/Archives/edgar/data/1382821/000138282124000143/rdfn-20240630.htm,2024-08-06,2024,746777,https://www.sec.gov/Archives/edgar/data/1382821/000138282124000143/0001382821-24-000143-index.htm,6531,10q-rdfn-20240630
DQC.US.0001.81,"2024-08-08 12:03:47,058 [DQC.US.0001.81] The concept RestructuringCharges with a value of 7,159,000 is dimensionally qualified with the StatementBusinessSegmentsAxis and the unallowable member IntersegmentEliminationMember. The StatementBusinessSegmentsAxis should only be used with extension members and the  following  US-GAAP  members: us-gaap:AllOtherSegmentsMember, us-gaap:CorporateAndOtherMember, us-gaap:ReportableSegmentAggregationBeforeOtherOperatingSegmentMember, us-gaap:CorporateMember, us-gaap:SegmentDomain.
The properties of the fact for RestructuringCharges are:
Period: 2023-01-01 to 2023-06-30
Dimensions: us-gaap:StatementBusinessSegmentsAxis=us-gaap:IntersegmentEliminationMember, srt:ConsolidationItemsAxis=us-gaap:OperatingSegmentsMember 
Unit: USD

Rule Element Id:81
Rule version: 24.0.1 - rdfn-20240630.htm 8",2024-08-08,ERROR,DQC,1,1382821,Redfin Corporation,2024-08-06 16:09:00,0001382821-24-000143,US GAAP 2024,XBRL Document Created with the Workiva Platform,10-Q,http://www.sec.gov/Archives/edgar/data/1382821/000138282124000143/rdfn-20240630.htm,2024-08-06,2024,746777,https://www.sec.gov/Archives/edgar/data/1382821/000138282124000143/0001382821-24-000143-index.htm,6531,10q-rdfn-20240630
DQC.US.0001.81,"2024-08-08 12:03:47,059 [DQC.US.0001.81] The concept CostOfRevenue with a value of 0 is dimensionally qualified with the StatementBusinessSegmentsAxis and the unallowable member IntersegmentEliminationMember. The StatementBusinessSegmentsAxis should only be used with extension members and the  following  US-GAAP  members: us-gaap:AllOtherSegmentsMember, us-gaap:CorporateAndOtherMember, us-gaap:ReportableSegmentAggregationBeforeOtherOperatingSegmentMember, us-gaap:CorporateMember, us-gaap:SegmentDomain.
The properties of the fact for CostOfRevenue are:
Period: 2023-01-01 to 2023-06-30
Dimensions: us-gaap:StatementBusinessSegmentsAxis=us-gaap:IntersegmentEliminationMember, srt:ConsolidationItemsAxis=us-gaap:OperatingSegmentsMember 
Unit: USD

Rule Element Id:81
Rule version: 24.0.1 - rdfn-20240630.htm 8",2024-08-08,ERROR,DQC,1,1382821,Redfin Corporation,2024-08-06 16:09:00,0001382821-24-000143,US GAAP 2024,XBRL Document Created with the Workiva Platform,10-Q,http://www.sec.gov/Archives/edgar/data/1382821/000138282124000143/rdfn-20240630.htm,2024-08-06,2024,746777,https://www.sec.gov/Archives/edgar/data/1382821/000138282124000143/0001382821-24-000143-index.htm,6531,10q-rdfn-20240630
DQC.US.0001.81,"2024-08-08 12:03:47,059 [DQC.US.0001.81] The concept ResearchAndDevelopmentExpense with a value of 1,213,000 is dimensionally qualified with the StatementBusinessSegmentsAxis and the unallowable member IntersegmentEliminationMember. The StatementBusinessSegmentsAxis should only be used with extension members and the  following  US-GAAP  members: us-gaap:AllOtherSegmentsMember, us-gaap:CorporateAndOtherMember, us-gaap:ReportableSegmentAggregationBeforeOtherOperatingSegmentMember, us-gaap:CorporateMember, us-gaap:SegmentDomain.
The properties of the fact for ResearchAndDevelopmentExpense are:
Period: 2024-04-01 to 2024-06-30
Dimensions: srt:ConsolidationItemsAxis=us-gaap:OperatingSegmentsMember, us-gaap:StatementBusinessSegmentsAxis=us-gaap:IntersegmentEliminationMember 
Unit: USD

Rule Element Id:81
Rule version: 24.0.1 - rdfn-20240630.htm 8",2024-08-08,ERROR,DQC,1,1382821,Redfin Corporation,2024-08-06 16:09:00,0001382821-24-000143,US GAAP 2024,XBRL Document Created with the Workiva Platform,10-Q,http://www.sec.gov/Archives/edgar/data/1382821/000138282124000143/rdfn-20240630.htm,2024-08-06,2024,746777,https://www.sec.gov/Archives/edgar/data/1382821/000138282124000143/0001382821-24-000143-index.htm,6531,10q-rdfn-20240630
DQC.US.0001.81,"2024-08-08 12:03:47,059 [DQC.US.0001.81] The concept RestructuringCharges with a value of 1,334,000 is dimensionally qualified with the StatementBusinessSegmentsAxis and the unallowable member IntersegmentEliminationMember. The StatementBusinessSegmentsAxis should only be used with extension members and the  following  US-GAAP  members: us-gaap:AllOtherSegmentsMember, us-gaap:CorporateAndOtherMember, us-gaap:ReportableSegmentAggregationBeforeOtherOperatingSegmentMember, us-gaap:CorporateMember, us-gaap:SegmentDomain.
The properties of the fact for RestructuringCharges are:
Period: 2024-04-01 to 2024-06-30
Dimensions: srt:ConsolidationItemsAxis=us-gaap:OperatingSegmentsMember, us-gaap:StatementBusinessSegmentsAxis=us-gaap:IntersegmentEliminationMember 
Unit: USD

Rule Element Id:81
Rule version: 24.0.1 - rdfn-20240630.htm 8",2024-08-08,ERROR,DQC,1,1382821,Redfin Corporation,2024-08-06 16:09:00,0001382821-24-000143,US GAAP 2024,XBRL Document Created with the Workiva Platform,10-Q,http://www.sec.gov/Archives/edgar/data/1382821/000138282124000143/rdfn-20240630.htm,2024-08-06,2024,746777,https://www.sec.gov/Archives/edgar/data/1382821/000138282124000143/0001382821-24-000143-index.htm,6531,10q-rdfn-20240630
DQC.US.0001.74,"2024-08-28 21:07:06,428 [DQC.US.0001.74] The concept SubsequentEventDescription with a value of Effective April 26, 2024 the Company announced the appointment of Mike Field and Jason Murphy as Directors of the Company.  is dimensionally qualified with the SubsequentEventTypeAxis and the unallowable member ElectionOfDirectorsMember. 
The properties of the fact for SubsequentEventDescription are:
Period: 2024-01-01 to 2024-06-30
Dimensions: us-gaap:SubsequentEventTypeAxis=fil:ElectionOfDirectorsMember 
Unit: None

Rule Element Id:74
Rule version: 24.0.4 - hstc-20240630.htm 1285",2024-08-29,ERROR,DQC,1,797564,"HST Global, Inc.",2024-08-26 09:50:00,0001674796-24-000019,US GAAP 2024,"Produced by EDGARsuite software, Advanced Computer Innovations, Inc., Copyright (C) 2008-2024 [PPX88P7FA1Y3VE62FUE4]. www.edgarsuite.com",10-Q,http://www.sec.gov/Archives/edgar/data/797564/000167479624000019/hstc-20240630.htm,2024-08-26,2024,754753,https://www.sec.gov/Archives/edgar/data/797564/000167479624000019/0001674796-24-000019-index.htm,2834,10q-hstc-20240630
DQC.US.0001.74,"2024-08-28 21:07:06,428 [DQC.US.0001.74] The concept SubsequentEventsDate with a value of 2024-04-24 is dimensionally qualified with the SubsequentEventTypeAxis and the unallowable member ReorganizationAgreementMember. 
The properties of the fact for SubsequentEventsDate are:
Period: 2024-01-01 to 2024-06-30
Dimensions: us-gaap:SubsequentEventTypeAxis=fil:ReorganizationAgreementMember 
Unit: None

Rule Element Id:74
Rule version: 24.0.4 - hstc-20240630.htm 1284",2024-08-29,ERROR,DQC,1,797564,"HST Global, Inc.",2024-08-26 09:50:00,0001674796-24-000019,US GAAP 2024,"Produced by EDGARsuite software, Advanced Computer Innovations, Inc., Copyright (C) 2008-2024 [PPX88P7FA1Y3VE62FUE4]. www.edgarsuite.com",10-Q,http://www.sec.gov/Archives/edgar/data/797564/000167479624000019/hstc-20240630.htm,2024-08-26,2024,754753,https://www.sec.gov/Archives/edgar/data/797564/000167479624000019/0001674796-24-000019-index.htm,2834,10q-hstc-20240630
DQC.US.0001.74,"2024-11-22 09:13:19,107 [DQC.US.0001.74] The concept SubsequentEventDescription with a value of Effective April 26, 2024 the Company announced the appointment of Mike Field and Jason Murphy as Directors of the Company.  is dimensionally qualified with the SubsequentEventTypeAxis and the unallowable member ElectionOfDirectorsMember. 
The properties of the fact for SubsequentEventDescription are:
Period: 2024-01-01 to 2024-09-30
Dimensions: us-gaap:SubsequentEventTypeAxis=fil:ElectionOfDirectorsMember 
Unit: None

Rule Element Id:74
Rule version: 25.0.5 - hstc-20240930.htm 1304",2024-11-22,ERROR,DQC,1,797564,"HST Global, Inc.",2024-11-21 17:32:00,0001674796-24-000026,US GAAP 2024,"Produced by EDGARsuite software, Advanced Computer Innovations, Inc., Copyright (C) 2008-2024 [PPX88P7FA1Y3VE62FUE4]. www.edgarsuite.com",10-Q,http://www.sec.gov/Archives/edgar/data/797564/000167479624000026/hstc-20240930.htm,2024-11-22,2024,783672,https://www.sec.gov/Archives/edgar/data/797564/000167479624000026/0001674796-24-000026-index.htm,2834,10q-hstc-20240930
DQC.US.0001.74,"2024-11-22 09:13:19,107 [DQC.US.0001.74] The concept SubsequentEventDescription with a value of On April 24, 2024, the Company entered into a Reorganization and Stock Purchase Agreement (the “Reorganization Agreement”) by and among HP Auto Fund LLP (“HPAF”), HST Global Holdings, LLC (“HGHI”), Ron Howell (“Howell”) and The Health Network, Inc. (“Health Network”). Howell and Health Network were the principal shareholders of the Company.  Effective April 26, 2024, the parties closed the Reorganization Agreement. As part of the transaction, Howell and Health Network, the then majority shareholders of the Company delivered 1,634,738 shares of common stock of the Company to each of HPAF and HGHI.  Further, as part of the transaction, the outstanding debt of $625,005 owed to Howell was purchased by HPAF and HGHI for $500,000. The debt was converted to equity and the Company issued to each of HPAF and HGHI 18,156,322 shares of newly-issued common stock, which, together with the transferred shares, represented approximately 95% of the outstanding equity of the Company.  As a consequence, immediately subsequent to the close of the Reorganization Agreement, the Company had 41,561,226 shares of common stock outstanding.  is dimensionally qualified with the SubsequentEventTypeAxis and the unallowable member ReorganizationAgreementMember. 
The properties of the fact for SubsequentEventDescription are:
Period: 2024-01-01 to 2024-09-30
Dimensions: us-gaap:SubsequentEventTypeAxis=fil:ReorganizationAgreementMember 
Unit: None

Rule Element Id:74
Rule version: 25.0.5 - hstc-20240930.htm 1303",2024-11-22,ERROR,DQC,1,797564,"HST Global, Inc.",2024-11-21 17:32:00,0001674796-24-000026,US GAAP 2024,"Produced by EDGARsuite software, Advanced Computer Innovations, Inc., Copyright (C) 2008-2024 [PPX88P7FA1Y3VE62FUE4]. www.edgarsuite.com",10-Q,http://www.sec.gov/Archives/edgar/data/797564/000167479624000026/hstc-20240930.htm,2024-11-22,2024,783672,https://www.sec.gov/Archives/edgar/data/797564/000167479624000026/0001674796-24-000026-index.htm,2834,10q-hstc-20240930
DQC.US.0001.74,"2024-11-22 09:13:19,107 [DQC.US.0001.74] The concept SubsequentEventDescription with a value of Subsequently, the Directors appointed Mike Field as President and Acting CFO and Jason Murphy as CEO, Vice President and Secretary. is dimensionally qualified with the SubsequentEventTypeAxis and the unallowable member AppointmentOfOfficersMember. 
The properties of the fact for SubsequentEventDescription are:
Period: 2024-01-01 to 2024-09-30
Dimensions: us-gaap:SubsequentEventTypeAxis=fil:AppointmentOfOfficersMember 
Unit: None

Rule Element Id:74
Rule version: 25.0.5 - hstc-20240930.htm 1304",2024-11-22,ERROR,DQC,1,797564,"HST Global, Inc.",2024-11-21 17:32:00,0001674796-24-000026,US GAAP 2024,"Produced by EDGARsuite software, Advanced Computer Innovations, Inc., Copyright (C) 2008-2024 [PPX88P7FA1Y3VE62FUE4]. www.edgarsuite.com",10-Q,http://www.sec.gov/Archives/edgar/data/797564/000167479624000026/hstc-20240930.htm,2024-11-22,2024,783672,https://www.sec.gov/Archives/edgar/data/797564/000167479624000026/0001674796-24-000026-index.htm,2834,10q-hstc-20240930
DQC.US.0001.74,"2024-11-22 09:13:19,107 [DQC.US.0001.74] The concept SubsequentEventsDate with a value of 2024-04-24 is dimensionally qualified with the SubsequentEventTypeAxis and the unallowable member ReorganizationAgreementMember. 
The properties of the fact for SubsequentEventsDate are:
Period: 2024-01-01 to 2024-09-30
Dimensions: us-gaap:SubsequentEventTypeAxis=fil:ReorganizationAgreementMember 
Unit: None

Rule Element Id:74
Rule version: 25.0.5 - hstc-20240930.htm 1303",2024-11-22,ERROR,DQC,1,797564,"HST Global, Inc.",2024-11-21 17:32:00,0001674796-24-000026,US GAAP 2024,"Produced by EDGARsuite software, Advanced Computer Innovations, Inc., Copyright (C) 2008-2024 [PPX88P7FA1Y3VE62FUE4]. www.edgarsuite.com",10-Q,http://www.sec.gov/Archives/edgar/data/797564/000167479624000026/hstc-20240930.htm,2024-11-22,2024,783672,https://www.sec.gov/Archives/edgar/data/797564/000167479624000026/0001674796-24-000026-index.htm,2834,10q-hstc-20240930
DQC.US.0001.74,"2024-11-22 09:13:19,107 [DQC.US.0001.74] The concept SubsequentEventsDate with a value of 2024-04-26 is dimensionally qualified with the SubsequentEventTypeAxis and the unallowable member ElectionOfDirectorsMember. 
The properties of the fact for SubsequentEventsDate are:
Period: 2024-01-01 to 2024-09-30
Dimensions: us-gaap:SubsequentEventTypeAxis=fil:ElectionOfDirectorsMember 
Unit: None

Rule Element Id:74
Rule version: 25.0.5 - hstc-20240930.htm 1304",2024-11-22,ERROR,DQC,1,797564,"HST Global, Inc.",2024-11-21 17:32:00,0001674796-24-000026,US GAAP 2024,"Produced by EDGARsuite software, Advanced Computer Innovations, Inc., Copyright (C) 2008-2024 [PPX88P7FA1Y3VE62FUE4]. www.edgarsuite.com",10-Q,http://www.sec.gov/Archives/edgar/data/797564/000167479624000026/hstc-20240930.htm,2024-11-22,2024,783672,https://www.sec.gov/Archives/edgar/data/797564/000167479624000026/0001674796-24-000026-index.htm,2834,10q-hstc-20240930
DQC.US.0001.61,"2024-11-07 16:56:56,306 [DQC.US.0001.61] The concept ShareBasedCompensationArrangementByShareBasedPaymentAwardNumberOfSharesAuthorized with a value of 165,240 is dimensionally qualified with the RangeAxis and the unallowable member bxp:TargetMember. 
The properties of the fact for ShareBasedCompensationArrangementByShareBasedPaymentAwardNumberOfSharesAuthorized are:
Period: 2024-01-25
Dimensions: srt:RangeAxis=bxp:TargetMember, dei:LegalEntityAxis=bxp:BostonPropertiesLimitedPartnershipMember, us-gaap:AwardTypeAxis=bxp:MYLTIPTwoThousandTwentyFourMember 
Unit: shares

Rule Element Id:61
Rule version: 25.0.4 - bxp-20240930.htm 8",2024-11-07,ERROR,DQC,1,1037540,"BXP, INC.",2024-11-05 13:23:00,0001656423-24-000059,US GAAP 2024,XBRL Document Created with the Workiva Platform,10-Q,http://www.sec.gov/Archives/edgar/data/1037540/000165642324000059/bxp-20240930.htm,2024-11-05,2024,775098,https://www.sec.gov/Archives/edgar/data/1037540/000165642324000059/0001656423-24-000059-index.htm,6798,10q-bxp-20240930
DQC.US.0001.79,"2024-11-07 16:56:56,317 [DQC.US.0001.79]  The member NoncontrollingInterestMember is inappropriately used on the axis OwnershipAxis. The only members allowed on this axis are extension members defined by the filer. There are no facts associated with this member and axis.

Rule Element Id:79
Rule version: 25.0.4 - IXDS bxp-20240930.htm",2024-11-07,ERROR,DQC,1,1037540,"BXP, INC.",2024-11-05 13:23:00,0001656423-24-000059,US GAAP 2024,XBRL Document Created with the Workiva Platform,10-Q,http://www.sec.gov/Archives/edgar/data/1037540/000165642324000059/bxp-20240930.htm,2024-11-05,2024,775098,https://www.sec.gov/Archives/edgar/data/1037540/000165642324000059/0001656423-24-000059-index.htm,6798,10q-bxp-20240930
DQC.US.0001.69,"2024-11-07 15:31:21,487 [DQC.US.0001.69]  The member CorporateAndOtherMember is inappropriately used on the axis ProductOrServiceAxis. The only members allowed on this axis are extensions or products defined in the US GAAP taxonomy. There are no facts associated with this member and axis.

Rule Element Id:69
Rule version: 25.0.4 - IXDS cps-20240930.htm",2024-11-07,ERROR,DQC,1,1320461,COOPER-STANDARD HOLDINGS INC.,2024-11-01 16:11:00,0001320461-24-000141,US GAAP 2023,XBRL Document Created with the Workiva Platform,10-Q,http://www.sec.gov/Archives/edgar/data/1320461/000132046124000141/cps-20240930.htm,2024-11-01,2024,774985,https://www.sec.gov/Archives/edgar/data/1320461/000132046124000141/0001320461-24-000141-index.htm,3714,10q-cps-20240930
DQC.US.0001.81,"2024-11-07 15:31:21,488 [DQC.US.0001.81]  The member NorthAmericaMember is used on the axis StatementBusinessSegmentsAxis. The StatementBusinessSegmentsAxis should only be used with extension members and the  following  US-GAAP  members: us-gaap:AllOtherSegmentsMember, us-gaap:SegmentDomain, us-gaap:CorporateAndOtherMember, us-gaap:CorporateMember. There are no facts associated with this member and axis.

Rule Element Id:81
Rule version: 25.0.4 - IXDS cps-20240930.htm",2024-11-07,ERROR,DQC,1,1320461,COOPER-STANDARD HOLDINGS INC.,2024-11-01 16:11:00,0001320461-24-000141,US GAAP 2023,XBRL Document Created with the Workiva Platform,10-Q,http://www.sec.gov/Archives/edgar/data/1320461/000132046124000141/cps-20240930.htm,2024-11-01,2024,774985,https://www.sec.gov/Archives/edgar/data/1320461/000132046124000141/0001320461-24-000141-index.htm,3714,10q-cps-20240930
DQC.US.0001.81,"2024-11-07 15:31:21,488 [DQC.US.0001.81]  The member OperatingSegmentsMember is used on the axis StatementBusinessSegmentsAxis. The StatementBusinessSegmentsAxis should only be used with extension members and the  following  US-GAAP  members: us-gaap:AllOtherSegmentsMember, us-gaap:SegmentDomain, us-gaap:CorporateAndOtherMember, us-gaap:CorporateMember. There are no facts associated with this member and axis.

Rule Element Id:81
Rule version: 25.0.4 - IXDS cps-20240930.htm",2024-11-07,ERROR,DQC,1,1320461,COOPER-STANDARD HOLDINGS INC.,2024-11-01 16:11:00,0001320461-24-000141,US GAAP 2023,XBRL Document Created with the Workiva Platform,10-Q,http://www.sec.gov/Archives/edgar/data/1320461/000132046124000141/cps-20240930.htm,2024-11-01,2024,774985,https://www.sec.gov/Archives/edgar/data/1320461/000132046124000141/0001320461-24-000141-index.htm,3714,10q-cps-20240930
DQC.US.0001.81,"2024-11-07 15:31:21,488 [DQC.US.0001.81]  The member SalesMember is used on the axis StatementBusinessSegmentsAxis. The StatementBusinessSegmentsAxis should only be used with extension members and the  following  US-GAAP  members: us-gaap:AllOtherSegmentsMember, us-gaap:SegmentDomain, us-gaap:CorporateAndOtherMember, us-gaap:CorporateMember. There are no facts associated with this member and axis.

Rule Element Id:81
Rule version: 25.0.4 - IXDS cps-20240930.htm",2024-11-07,ERROR,DQC,1,1320461,COOPER-STANDARD HOLDINGS INC.,2024-11-01 16:11:00,0001320461-24-000141,US GAAP 2023,XBRL Document Created with the Workiva Platform,10-Q,http://www.sec.gov/Archives/edgar/data/1320461/000132046124000141/cps-20240930.htm,2024-11-01,2024,774985,https://www.sec.gov/Archives/edgar/data/1320461/000132046124000141/0001320461-24-000141-index.htm,3714,10q-cps-20240930
DQC.US.0001.74,"2024-08-28 21:07:06,428 [DQC.US.0001.74] The concept SubsequentEventsDate with a value of 2024-04-26 is dimensionally qualified with the SubsequentEventTypeAxis and the unallowable member ElectionOfDirectorsMember. 
The properties of the fact for SubsequentEventsDate are:
Period: 2024-01-01 to 2024-06-30
Dimensions: us-gaap:SubsequentEventTypeAxis=fil:ElectionOfDirectorsMember 
Unit: None

Rule Element Id:74
Rule version: 24.0.4 - hstc-20240630.htm 1285",2024-08-29,ERROR,DQC,1,797564,"HST Global, Inc.",2024-08-26 09:50:00,0001674796-24-000019,US GAAP 2024,"Produced by EDGARsuite software, Advanced Computer Innovations, Inc., Copyright (C) 2008-2024 [PPX88P7FA1Y3VE62FUE4]. www.edgarsuite.com",10-Q,http://www.sec.gov/Archives/edgar/data/797564/000167479624000019/hstc-20240630.htm,2024-08-26,2024,754753,https://www.sec.gov/Archives/edgar/data/797564/000167479624000019/0001674796-24-000019-index.htm,2834,10q-hstc-20240630
DQC.US.0001.74,"2024-08-28 21:07:06,429 [DQC.US.0001.74] The concept SubsequentEventDescription with a value of On April 24, 2024, the Company entered into a Reorganization and Stock Purchase Agreement (the “Reorganization Agreement”) by and among HP Auto Fund LLP (“HPAF”), HST Global Holdings, LLC (“HGHI”), Ron Howell (“Howell”) and The Health Network, Inc. (“Health Network”). Howell and Health Network were the principal shareholders of the Company.  Effective April 26, 2024, the parties closed the Reorganization Agreement. As part of the transaction, Howell and Health Network, the then majority shareholders of the Company delivered 1,634,738 shares of common stock of the Company to each of HPAF and HGHI.  Further, as part of the transaction, the outstanding debt of $625,005 owed to Howell was purchased by HPAF and HGHI for $500,000. The debt was converted to equity and the Company issued to each of HPAF and HGHI 18,156,322 shares of newly-issued common stock, which, together with the transferred shares, represented approximately 95% of the outstanding equity of the Company.  As a consequence, immediately subsequent to the close of the Reorganization Agreement, the Company has 41,561,226 shares of common stock outstanding.   is dimensionally qualified with the SubsequentEventTypeAxis and the unallowable member ReorganizationAgreementMember. 
The properties of the fact for SubsequentEventDescription are:
Period: 2024-01-01 to 2024-06-30
Dimensions: us-gaap:SubsequentEventTypeAxis=fil:ReorganizationAgreementMember 
Unit: None

Rule Element Id:74
Rule version: 24.0.4 - hstc-20240630.htm 1284",2024-08-29,ERROR,DQC,1,797564,"HST Global, Inc.",2024-08-26 09:50:00,0001674796-24-000019,US GAAP 2024,"Produced by EDGARsuite software, Advanced Computer Innovations, Inc., Copyright (C) 2008-2024 [PPX88P7FA1Y3VE62FUE4]. www.edgarsuite.com",10-Q,http://www.sec.gov/Archives/edgar/data/797564/000167479624000019/hstc-20240630.htm,2024-08-26,2024,754753,https://www.sec.gov/Archives/edgar/data/797564/000167479624000019/0001674796-24-000019-index.htm,2834,10q-hstc-20240630
DQC.US.0001.74,"2024-08-28 21:07:06,429 [DQC.US.0001.74] The concept SubsequentEventDescription with a value of Subsequently, the Directors appointed Mike Field as President and Acting CFO and Jason Murphy as CEO, Vice President and Secretary. is dimensionally qualified with the SubsequentEventTypeAxis and the unallowable member AppointmentOfOfficersMember. 
The properties of the fact for SubsequentEventDescription are:
Period: 2024-01-01 to 2024-06-30
Dimensions: us-gaap:SubsequentEventTypeAxis=fil:AppointmentOfOfficersMember 
Unit: None

Rule Element Id:74
Rule version: 24.0.4 - hstc-20240630.htm 1285",2024-08-29,ERROR,DQC,1,797564,"HST Global, Inc.",2024-08-26 09:50:00,0001674796-24-000019,US GAAP 2024,"Produced by EDGARsuite software, Advanced Computer Innovations, Inc., Copyright (C) 2008-2024 [PPX88P7FA1Y3VE62FUE4]. www.edgarsuite.com",10-Q,http://www.sec.gov/Archives/edgar/data/797564/000167479624000019/hstc-20240630.htm,2024-08-26,2024,754753,https://www.sec.gov/Archives/edgar/data/797564/000167479624000019/0001674796-24-000019-index.htm,2834,10q-hstc-20240630
