assertion.code,assertion.detail,assertion.run-date,assertion.severity,assertion.source,assertion.type,entity.cik,entity.name,report.accepted-timestamp,report.accession,report.base-taxonomy,report.creation-software,report.document-type,report.entry-url,report.filing-date,report.filing-year,report.id,report.sec-url,report.sic-code,folder_name
DQC.US.0123.9583,"2022-02-09 10:14:50,180 [DQC.US.0123.9583] The company has reported a value for us-gaap:StockholdersEquity with the axis StatementClassOfStockAxis with a value of 5,000 to represent the monetary value of the class of stock in equity. This fact however when used in the Statement of Shareholders Equity must include the Component of Equity and associated member indicating if it is preferred stock, common stock or treasury stock. This error could occur because the filer has either 1) used the incorrect element or 2) has NOT included the Statement Equity Components Axis with the Common Stock or Preferred Stock member on the fact. 

The filer should either add the Statement Equity Components Axis and respective stock member in addition to the class of stock axis to the fact, or change the element name from us-gaap:StockholdersEquity to the appropriate element if the value is not included in Stockholders Equity.

Element : us-gaap:StockholdersEquity
Period : 2020-12-31 
Dimensions : us-gaap:StatementClassOfStockAxis=rton:PreferredStocksMember

Rule Element Id:9583
Rule version: 16.0.10 - rton_10q.htm 1",2022-02-09,ERROR,DQC,123,1580262,"Right On Brands, Inc.",2022-02-09 09:00:00,0001477932-22-000634,US GAAP 2021,Document Created by XBRLMaster,10-Q,http://www.sec.gov/Archives/edgar/data/1580262/000147793222000634/rton_10q.htm,2022-02-09,2022,417122,https://www.sec.gov/Archives/edgar/data/1580262/000147793222000634/0001477932-22-000634-index.htm,7374,10q-rton-20211231
DQC.US.0123.9583,"2022-02-09 10:14:50,180 [DQC.US.0123.9583] The company has reported a value for us-gaap:StockholdersEquity with the axis StatementClassOfStockAxis with a value of 5,000 to represent the monetary value of the class of stock in equity. This fact however when used in the Statement of Shareholders Equity must include the Component of Equity and associated member indicating if it is preferred stock, common stock or treasury stock. This error could occur because the filer has either 1) used the incorrect element or 2) has NOT included the Statement Equity Components Axis with the Common Stock or Preferred Stock member on the fact. 

The filer should either add the Statement Equity Components Axis and respective stock member in addition to the class of stock axis to the fact, or change the element name from us-gaap:StockholdersEquity to the appropriate element if the value is not included in Stockholders Equity.

Element : us-gaap:StockholdersEquity
Period : 2021-12-31 
Dimensions : us-gaap:StatementClassOfStockAxis=rton:PreferredStocksMember

Rule Element Id:9583
Rule version: 16.0.10 - rton_10q.htm 1",2022-02-09,ERROR,DQC,123,1580262,"Right On Brands, Inc.",2022-02-09 09:00:00,0001477932-22-000634,US GAAP 2021,Document Created by XBRLMaster,10-Q,http://www.sec.gov/Archives/edgar/data/1580262/000147793222000634/rton_10q.htm,2022-02-09,2022,417122,https://www.sec.gov/Archives/edgar/data/1580262/000147793222000634/0001477932-22-000634-index.htm,7374,10q-rton-20211231
DQC.US.0123.9583,"2022-02-09 10:14:50,181 [DQC.US.0123.9583] The company has reported a value for us-gaap:StockholdersEquity with the axis StatementClassOfStockAxis with a value of 5,000 to represent the monetary value of the class of stock in equity. This fact however when used in the Statement of Shareholders Equity must include the Component of Equity and associated member indicating if it is preferred stock, common stock or treasury stock. This error could occur because the filer has either 1) used the incorrect element or 2) has NOT included the Statement Equity Components Axis with the Common Stock or Preferred Stock member on the fact. 

The filer should either add the Statement Equity Components Axis and respective stock member in addition to the class of stock axis to the fact, or change the element name from us-gaap:StockholdersEquity to the appropriate element if the value is not included in Stockholders Equity.

Element : us-gaap:StockholdersEquity
Period : 2021-03-31 
Dimensions : us-gaap:StatementClassOfStockAxis=rton:PreferredStocksMember

Rule Element Id:9583
Rule version: 16.0.10 - rton_10q.htm 1",2022-02-09,ERROR,DQC,123,1580262,"Right On Brands, Inc.",2022-02-09 09:00:00,0001477932-22-000634,US GAAP 2021,Document Created by XBRLMaster,10-Q,http://www.sec.gov/Archives/edgar/data/1580262/000147793222000634/rton_10q.htm,2022-02-09,2022,417122,https://www.sec.gov/Archives/edgar/data/1580262/000147793222000634/0001477932-22-000634-index.htm,7374,10q-rton-20211231
DQC.US.0123.9583,"2022-02-09 10:14:50,181 [DQC.US.0123.9583] The company has reported a value for us-gaap:StockholdersEquity with the axis StatementClassOfStockAxis with a value of 5,000 to represent the monetary value of the class of stock in equity. This fact however when used in the Statement of Shareholders Equity must include the Component of Equity and associated member indicating if it is preferred stock, common stock or treasury stock. This error could occur because the filer has either 1) used the incorrect element or 2) has NOT included the Statement Equity Components Axis with the Common Stock or Preferred Stock member on the fact. 

The filer should either add the Statement Equity Components Axis and respective stock member in addition to the class of stock axis to the fact, or change the element name from us-gaap:StockholdersEquity to the appropriate element if the value is not included in Stockholders Equity.

Element : us-gaap:StockholdersEquity
Period : 2021-06-30 
Dimensions : us-gaap:StatementClassOfStockAxis=rton:PreferredStocksMember

Rule Element Id:9583
Rule version: 16.0.10 - rton_10q.htm 1",2022-02-09,ERROR,DQC,123,1580262,"Right On Brands, Inc.",2022-02-09 09:00:00,0001477932-22-000634,US GAAP 2021,Document Created by XBRLMaster,10-Q,http://www.sec.gov/Archives/edgar/data/1580262/000147793222000634/rton_10q.htm,2022-02-09,2022,417122,https://www.sec.gov/Archives/edgar/data/1580262/000147793222000634/0001477932-22-000634-index.htm,7374,10q-rton-20211231
DQC.US.0123.9583,"2022-02-09 10:14:50,181 [DQC.US.0123.9583] The company has reported a value for us-gaap:StockholdersEquity with the axis StatementClassOfStockAxis with a value of 5,000 to represent the monetary value of the class of stock in equity. This fact however when used in the Statement of Shareholders Equity must include the Component of Equity and associated member indicating if it is preferred stock, common stock or treasury stock. This error could occur because the filer has either 1) used the incorrect element or 2) has NOT included the Statement Equity Components Axis with the Common Stock or Preferred Stock member on the fact. 

The filer should either add the Statement Equity Components Axis and respective stock member in addition to the class of stock axis to the fact, or change the element name from us-gaap:StockholdersEquity to the appropriate element if the value is not included in Stockholders Equity.

Element : us-gaap:StockholdersEquity
Period : 2021-09-30 
Dimensions : us-gaap:StatementClassOfStockAxis=rton:PreferredStocksMember

Rule Element Id:9583
Rule version: 16.0.10 - rton_10q.htm 1",2022-02-09,ERROR,DQC,123,1580262,"Right On Brands, Inc.",2022-02-09 09:00:00,0001477932-22-000634,US GAAP 2021,Document Created by XBRLMaster,10-Q,http://www.sec.gov/Archives/edgar/data/1580262/000147793222000634/rton_10q.htm,2022-02-09,2022,417122,https://www.sec.gov/Archives/edgar/data/1580262/000147793222000634/0001477932-22-000634-index.htm,7374,10q-rton-20211231
DQC.US.0123.9583,"2022-02-09 10:14:50,182 [DQC.US.0123.9583] The company has reported a value for us-gaap:StockholdersEquity with the axis StatementClassOfStockAxis with a value of 5,000 to represent the monetary value of the class of stock in equity. This fact however when used in the Statement of Shareholders Equity must include the Component of Equity and associated member indicating if it is preferred stock, common stock or treasury stock. This error could occur because the filer has either 1) used the incorrect element or 2) has NOT included the Statement Equity Components Axis with the Common Stock or Preferred Stock member on the fact. 

The filer should either add the Statement Equity Components Axis and respective stock member in addition to the class of stock axis to the fact, or change the element name from us-gaap:StockholdersEquity to the appropriate element if the value is not included in Stockholders Equity.

Element : us-gaap:StockholdersEquity
Period : 2020-03-31 
Dimensions : us-gaap:StatementClassOfStockAxis=rton:PreferredStocksMember

Rule Element Id:9583
Rule version: 16.0.10 - rton_10q.htm 1",2022-02-09,ERROR,DQC,123,1580262,"Right On Brands, Inc.",2022-02-09 09:00:00,0001477932-22-000634,US GAAP 2021,Document Created by XBRLMaster,10-Q,http://www.sec.gov/Archives/edgar/data/1580262/000147793222000634/rton_10q.htm,2022-02-09,2022,417122,https://www.sec.gov/Archives/edgar/data/1580262/000147793222000634/0001477932-22-000634-index.htm,7374,10q-rton-20211231
DQC.US.0123.9583,"2022-02-09 10:14:50,182 [DQC.US.0123.9583] The company has reported a value for us-gaap:StockholdersEquity with the axis StatementClassOfStockAxis with a value of 5,000 to represent the monetary value of the class of stock in equity. This fact however when used in the Statement of Shareholders Equity must include the Component of Equity and associated member indicating if it is preferred stock, common stock or treasury stock. This error could occur because the filer has either 1) used the incorrect element or 2) has NOT included the Statement Equity Components Axis with the Common Stock or Preferred Stock member on the fact. 

The filer should either add the Statement Equity Components Axis and respective stock member in addition to the class of stock axis to the fact, or change the element name from us-gaap:StockholdersEquity to the appropriate element if the value is not included in Stockholders Equity.

Element : us-gaap:StockholdersEquity
Period : 2020-06-30 
Dimensions : us-gaap:StatementClassOfStockAxis=rton:PreferredStocksMember

Rule Element Id:9583
Rule version: 16.0.10 - rton_10q.htm 1",2022-02-09,ERROR,DQC,123,1580262,"Right On Brands, Inc.",2022-02-09 09:00:00,0001477932-22-000634,US GAAP 2021,Document Created by XBRLMaster,10-Q,http://www.sec.gov/Archives/edgar/data/1580262/000147793222000634/rton_10q.htm,2022-02-09,2022,417122,https://www.sec.gov/Archives/edgar/data/1580262/000147793222000634/0001477932-22-000634-index.htm,7374,10q-rton-20211231
DQC.US.0123.9583,"2022-02-09 10:14:50,182 [DQC.US.0123.9583] The company has reported a value for us-gaap:StockholdersEquity with the axis StatementClassOfStockAxis with a value of 5,000 to represent the monetary value of the class of stock in equity. This fact however when used in the Statement of Shareholders Equity must include the Component of Equity and associated member indicating if it is preferred stock, common stock or treasury stock. This error could occur because the filer has either 1) used the incorrect element or 2) has NOT included the Statement Equity Components Axis with the Common Stock or Preferred Stock member on the fact. 

The filer should either add the Statement Equity Components Axis and respective stock member in addition to the class of stock axis to the fact, or change the element name from us-gaap:StockholdersEquity to the appropriate element if the value is not included in Stockholders Equity.

Element : us-gaap:StockholdersEquity
Period : 2020-09-30 
Dimensions : us-gaap:StatementClassOfStockAxis=rton:PreferredStocksMember

Rule Element Id:9583
Rule version: 16.0.10 - rton_10q.htm 1",2022-02-09,ERROR,DQC,123,1580262,"Right On Brands, Inc.",2022-02-09 09:00:00,0001477932-22-000634,US GAAP 2021,Document Created by XBRLMaster,10-Q,http://www.sec.gov/Archives/edgar/data/1580262/000147793222000634/rton_10q.htm,2022-02-09,2022,417122,https://www.sec.gov/Archives/edgar/data/1580262/000147793222000634/0001477932-22-000634-index.htm,7374,10q-rton-20211231
DQC.US.0123.9583,"2022-02-23 06:56:08,193 [DQC.US.0123.9583] The company has reported a value for us-gaap:StockholdersEquityIncludingPortionAttributableToNoncontrollingInterest with the axis StatementClassOfStockAxis with a value of 12 to represent the monetary value of the class of stock in equity. This fact however when used in the Statement of Shareholders Equity must include the Component of Equity and associated member indicating if it is preferred stock, common stock or treasury stock. This error could occur because the filer has either 1) used the incorrect element or 2) has NOT included the Statement Equity Components Axis with the Common Stock or Preferred Stock member on the fact. 

The filer should either add the Statement Equity Components Axis and respective stock member in addition to the class of stock axis to the fact, or change the element name from us-gaap:StockholdersEquityIncludingPortionAttributableToNoncontrollingInterest to the appropriate element if the value is not included in Stockholders Equity.

Element : us-gaap:StockholdersEquityIncludingPortionAttributableToNoncontrollingInterest
Period : 2021-12-31 
Dimensions : us-gaap:StatementClassOfStockAxis=us-gaap:PreferredClassBMember

Rule Element Id:9583
Rule version: 17.0.0 - keyr-20211231.htm 2120",2022-02-23,ERROR,DQC,123,1832161,"VIP Play, Inc.",2022-02-22 17:25:00,0001393905-22-000043,US GAAP 2021,"Produced by EDGARsuite software, Advanced Computer Innovations, Inc., Copyright (C) 2008-2022 [PPXC4Y912124VFNY2T25]. www.edgarsuite.com",10-Q,http://www.sec.gov/Archives/edgar/data/1832161/000139390522000043/keyr-20211231.htm,2022-02-22,2022,435584,https://www.sec.gov/Archives/edgar/data/1832161/000139390522000043/0001393905-22-000043-index.htm,5900,10q-keyr-20211231
DQC.US.0123.9583,"2022-02-23 06:56:08,194 [DQC.US.0123.9583] The company has reported a value for us-gaap:StockholdersEquityIncludingPortionAttributableToNoncontrollingInterest with the axis StatementClassOfStockAxis with a value of 0 to represent the monetary value of the class of stock in equity. This fact however when used in the Statement of Shareholders Equity must include the Component of Equity and associated member indicating if it is preferred stock, common stock or treasury stock. This error could occur because the filer has either 1) used the incorrect element or 2) has NOT included the Statement Equity Components Axis with the Common Stock or Preferred Stock member on the fact. 

The filer should either add the Statement Equity Components Axis and respective stock member in addition to the class of stock axis to the fact, or change the element name from us-gaap:StockholdersEquityIncludingPortionAttributableToNoncontrollingInterest to the appropriate element if the value is not included in Stockholders Equity.

Element : us-gaap:StockholdersEquityIncludingPortionAttributableToNoncontrollingInterest
Period : 2021-06-30 
Dimensions : us-gaap:StatementClassOfStockAxis=us-gaap:PreferredClassBMember

Rule Element Id:9583
Rule version: 17.0.0 - keyr-20211231.htm 1869",2022-02-23,ERROR,DQC,123,1832161,"VIP Play, Inc.",2022-02-22 17:25:00,0001393905-22-000043,US GAAP 2021,"Produced by EDGARsuite software, Advanced Computer Innovations, Inc., Copyright (C) 2008-2022 [PPXC4Y912124VFNY2T25]. www.edgarsuite.com",10-Q,http://www.sec.gov/Archives/edgar/data/1832161/000139390522000043/keyr-20211231.htm,2022-02-22,2022,435584,https://www.sec.gov/Archives/edgar/data/1832161/000139390522000043/0001393905-22-000043-index.htm,5900,10q-keyr-20211231
DQC.US.0123.9583,"2022-02-23 06:56:08,194 [DQC.US.0123.9583] The company has reported a value for us-gaap:StockholdersEquityIncludingPortionAttributableToNoncontrollingInterest with the axis StatementClassOfStockAxis with a value of 0 to represent the monetary value of the class of stock in equity. This fact however when used in the Statement of Shareholders Equity must include the Component of Equity and associated member indicating if it is preferred stock, common stock or treasury stock. This error could occur because the filer has either 1) used the incorrect element or 2) has NOT included the Statement Equity Components Axis with the Common Stock or Preferred Stock member on the fact. 

The filer should either add the Statement Equity Components Axis and respective stock member in addition to the class of stock axis to the fact, or change the element name from us-gaap:StockholdersEquityIncludingPortionAttributableToNoncontrollingInterest to the appropriate element if the value is not included in Stockholders Equity.

Element : us-gaap:StockholdersEquityIncludingPortionAttributableToNoncontrollingInterest
Period : 2021-09-30 
Dimensions : us-gaap:StatementClassOfStockAxis=us-gaap:PreferredClassBMember

Rule Element Id:9583
Rule version: 17.0.0 - keyr-20211231.htm 1969",2022-02-23,ERROR,DQC,123,1832161,"VIP Play, Inc.",2022-02-22 17:25:00,0001393905-22-000043,US GAAP 2021,"Produced by EDGARsuite software, Advanced Computer Innovations, Inc., Copyright (C) 2008-2022 [PPXC4Y912124VFNY2T25]. www.edgarsuite.com",10-Q,http://www.sec.gov/Archives/edgar/data/1832161/000139390522000043/keyr-20211231.htm,2022-02-22,2022,435584,https://www.sec.gov/Archives/edgar/data/1832161/000139390522000043/0001393905-22-000043-index.htm,5900,10q-keyr-20211231
DQC.US.0123.9583,"2022-03-29 17:35:44,185 [DQC.US.0123.9583] The company has reported a value for us-gaap:StockholdersEquity with the axis StatementClassOfStockAxis with a value of 24,000 to represent the monetary value of the class of stock in equity. This fact however when used in the Statement of Shareholders Equity must include the Component of Equity and associated member indicating if it is preferred stock, common stock or treasury stock. This error could occur because the filer has either 1) used the incorrect element or 2) has NOT included the Statement Equity Components Axis with the Common Stock or Preferred Stock member on the fact. 

The filer should either add the Statement Equity Components Axis and respective stock member in addition to the class of stock axis to the fact, or change the element name from us-gaap:StockholdersEquity to the appropriate element if the value is not included in Stockholders Equity.

Element : us-gaap:StockholdersEquity
Period : 2021-12-31 
Dimensions : us-gaap:StatementClassOfStockAxis=us-gaap:CommonClassAMember

Rule Element Id:9583
Rule version: 17.0.2 - bgry-20211231.htm 4054",2022-03-29,ERROR,DQC,123,1824734,"Berkshire Grey, Inc.",2022-03-29 16:31:00,0000950170-22-004932,US GAAP 2021,DFIN New ActiveDisclosure (SM) Inline XBRL Document - http://www.dfinsolutions.com/,10-K,http://www.sec.gov/Archives/edgar/data/1824734/000095017022004932/bgry-20211231.htm,2022-03-29,2022,456361,https://www.sec.gov/Archives/edgar/data/1824734/000095017022004932/0000950170-22-004932-index.htm,3569,10k-bgry-20211231
DQC.US.0123.9583,"2022-05-13 06:49:35,211 [DQC.US.0123.9583] The company has reported a value for us-gaap:StockholdersEquity with the axis StatementClassOfStockAxis with a value of 3,660,000 to represent the monetary value of the class of stock in equity. This fact however when used in the Statement of Shareholders Equity must include the Component of Equity and associated member indicating if it is preferred stock, common stock or treasury stock. This error could occur because the filer has either 1) used the incorrect element or 2) has NOT included the Statement Equity Components Axis with the Common Stock or Preferred Stock member on the fact. 

The filer should either add the Statement Equity Components Axis and respective stock member in addition to the class of stock axis to the fact, or change the element name from us-gaap:StockholdersEquity to the appropriate element if the value is not included in Stockholders Equity.

Element : us-gaap:StockholdersEquity
Period : 2022-03-31 
Dimensions : us-gaap:StatementClassOfStockAxis=dloc:SeriesEPreferredStocksMember

Rule Element Id:9583
Rule version: 17.0.3 - dloc_10q.htm 1",2022-05-13,ERROR,DQC,123,1407878,"DIGITAL     LOCATIONS, INC.",2022-05-13 06:04:00,0001477932-22-003251,US GAAP 2021,Document Created by XBRLMaster,10-Q,http://www.sec.gov/Archives/edgar/data/1407878/000147793222003251/dloc_10q.htm,2022-05-13,2022,473925,https://www.sec.gov/Archives/edgar/data/1407878/000147793222003251/0001477932-22-003251-index.htm,4953,10q-dloc-20220331
DQC.US.0123.9583,"2022-05-13 06:49:35,212 [DQC.US.0123.9583] The company has reported a value for us-gaap:StockholdersEquity with the axis StatementClassOfStockAxis with a value of 3,540,000 to represent the monetary value of the class of stock in equity. This fact however when used in the Statement of Shareholders Equity must include the Component of Equity and associated member indicating if it is preferred stock, common stock or treasury stock. This error could occur because the filer has either 1) used the incorrect element or 2) has NOT included the Statement Equity Components Axis with the Common Stock or Preferred Stock member on the fact. 

The filer should either add the Statement Equity Components Axis and respective stock member in addition to the class of stock axis to the fact, or change the element name from us-gaap:StockholdersEquity to the appropriate element if the value is not included in Stockholders Equity.

Element : us-gaap:StockholdersEquity
Period : 2021-12-31 
Dimensions : us-gaap:StatementClassOfStockAxis=dloc:SeriesEPreferredStocksMember

Rule Element Id:9583
Rule version: 17.0.3 - dloc_10q.htm 1",2022-05-13,ERROR,DQC,123,1407878,"DIGITAL     LOCATIONS, INC.",2022-05-13 06:04:00,0001477932-22-003251,US GAAP 2021,Document Created by XBRLMaster,10-Q,http://www.sec.gov/Archives/edgar/data/1407878/000147793222003251/dloc_10q.htm,2022-05-13,2022,473925,https://www.sec.gov/Archives/edgar/data/1407878/000147793222003251/0001477932-22-003251-index.htm,4953,10q-dloc-20220331
DQC.US.0123.9583,"2022-08-18 12:45:25,580 [DQC.US.0123.9583] The company has reported a value for us-gaap:StockholdersEquityIncludingPortionAttributableToNoncontrollingInterest with the axis StatementClassOfStockAxis with a value of 0 to represent the monetary value of the class of stock in equity. This fact however when used in the Statement of Shareholders Equity must include the Component of Equity and associated member indicating if it is preferred stock, common stock or treasury stock. This error could occur because the filer has either 1) used the incorrect element or 2) has NOT included the Statement Equity Components Axis with the Common Stock or Preferred Stock member on the fact. 

The filer should either add the Statement Equity Components Axis and respective stock member in addition to the class of stock axis to the fact, or change the element name from us-gaap:StockholdersEquityIncludingPortionAttributableToNoncontrollingInterest to the appropriate element if the value is not included in Stockholders Equity.

Element : us-gaap:StockholdersEquityIncludingPortionAttributableToNoncontrollingInterest
Period : 2021-09-30 
Dimensions : us-gaap:StatementClassOfStockAxis=us-gaap:PreferredClassBMember

Rule Element Id:9583
Rule version: 18.0.3 - keyr-20220331.htm 2088",2022-08-18,ERROR,DQC,123,1832161,"VIP Play, Inc.",2022-05-16 14:51:00,0001393905-22-000158,US GAAP 2022,"Produced by EDGARsuite software, Advanced Computer Innovations, Inc., Copyright (C) 2008-2022 [PPXC4Y912124VGFWGAFS]. www.edgarsuite.com",10-Q,http://www.sec.gov/Archives/edgar/data/1832161/000139390522000158/keyr-20220331.htm,2022-05-16,2022,475479,https://www.sec.gov/Archives/edgar/data/1832161/000139390522000158/0001393905-22-000158-index.htm,5900,10q-keyr-20220331
DQC.US.0123.9583,"2022-08-18 12:45:25,580 [DQC.US.0123.9583] The company has reported a value for us-gaap:StockholdersEquityIncludingPortionAttributableToNoncontrollingInterest with the axis StatementClassOfStockAxis with a value of 12 to represent the monetary value of the class of stock in equity. This fact however when used in the Statement of Shareholders Equity must include the Component of Equity and associated member indicating if it is preferred stock, common stock or treasury stock. This error could occur because the filer has either 1) used the incorrect element or 2) has NOT included the Statement Equity Components Axis with the Common Stock or Preferred Stock member on the fact. 

The filer should either add the Statement Equity Components Axis and respective stock member in addition to the class of stock axis to the fact, or change the element name from us-gaap:StockholdersEquityIncludingPortionAttributableToNoncontrollingInterest to the appropriate element if the value is not included in Stockholders Equity.

Element : us-gaap:StockholdersEquityIncludingPortionAttributableToNoncontrollingInterest
Period : 2021-12-31 
Dimensions : us-gaap:StatementClassOfStockAxis=us-gaap:PreferredClassBMember

Rule Element Id:9583
Rule version: 18.0.3 - keyr-20220331.htm 2189",2022-08-18,ERROR,DQC,123,1832161,"VIP Play, Inc.",2022-05-16 14:51:00,0001393905-22-000158,US GAAP 2022,"Produced by EDGARsuite software, Advanced Computer Innovations, Inc., Copyright (C) 2008-2022 [PPXC4Y912124VGFWGAFS]. www.edgarsuite.com",10-Q,http://www.sec.gov/Archives/edgar/data/1832161/000139390522000158/keyr-20220331.htm,2022-05-16,2022,475479,https://www.sec.gov/Archives/edgar/data/1832161/000139390522000158/0001393905-22-000158-index.htm,5900,10q-keyr-20220331
DQC.US.0123.9583,"2022-08-18 12:45:25,581 [DQC.US.0123.9583] The company has reported a value for us-gaap:StockholdersEquityIncludingPortionAttributableToNoncontrollingInterest with the axis StatementClassOfStockAxis with a value of 0 to represent the monetary value of the class of stock in equity. This fact however when used in the Statement of Shareholders Equity must include the Component of Equity and associated member indicating if it is preferred stock, common stock or treasury stock. This error could occur because the filer has either 1) used the incorrect element or 2) has NOT included the Statement Equity Components Axis with the Common Stock or Preferred Stock member on the fact. 

The filer should either add the Statement Equity Components Axis and respective stock member in addition to the class of stock axis to the fact, or change the element name from us-gaap:StockholdersEquityIncludingPortionAttributableToNoncontrollingInterest to the appropriate element if the value is not included in Stockholders Equity.

Element : us-gaap:StockholdersEquityIncludingPortionAttributableToNoncontrollingInterest
Period : 2021-06-30 
Dimensions : us-gaap:StatementClassOfStockAxis=us-gaap:PreferredClassBMember

Rule Element Id:9583
Rule version: 18.0.3 - keyr-20220331.htm 2013",2022-08-18,ERROR,DQC,123,1832161,"VIP Play, Inc.",2022-05-16 14:51:00,0001393905-22-000158,US GAAP 2022,"Produced by EDGARsuite software, Advanced Computer Innovations, Inc., Copyright (C) 2008-2022 [PPXC4Y912124VGFWGAFS]. www.edgarsuite.com",10-Q,http://www.sec.gov/Archives/edgar/data/1832161/000139390522000158/keyr-20220331.htm,2022-05-16,2022,475479,https://www.sec.gov/Archives/edgar/data/1832161/000139390522000158/0001393905-22-000158-index.htm,5900,10q-keyr-20220331
DQC.US.0123.9583,"2022-08-18 12:45:25,581 [DQC.US.0123.9583] The company has reported a value for us-gaap:StockholdersEquityIncludingPortionAttributableToNoncontrollingInterest with the axis StatementClassOfStockAxis with a value of 12 to represent the monetary value of the class of stock in equity. This fact however when used in the Statement of Shareholders Equity must include the Component of Equity and associated member indicating if it is preferred stock, common stock or treasury stock. This error could occur because the filer has either 1) used the incorrect element or 2) has NOT included the Statement Equity Components Axis with the Common Stock or Preferred Stock member on the fact. 

The filer should either add the Statement Equity Components Axis and respective stock member in addition to the class of stock axis to the fact, or change the element name from us-gaap:StockholdersEquityIncludingPortionAttributableToNoncontrollingInterest to the appropriate element if the value is not included in Stockholders Equity.

Element : us-gaap:StockholdersEquityIncludingPortionAttributableToNoncontrollingInterest
Period : 2022-03-31 
Dimensions : us-gaap:StatementClassOfStockAxis=us-gaap:PreferredClassBMember

Rule Element Id:9583
Rule version: 18.0.3 - keyr-20220331.htm 2264",2022-08-18,ERROR,DQC,123,1832161,"VIP Play, Inc.",2022-05-16 14:51:00,0001393905-22-000158,US GAAP 2022,"Produced by EDGARsuite software, Advanced Computer Innovations, Inc., Copyright (C) 2008-2022 [PPXC4Y912124VGFWGAFS]. www.edgarsuite.com",10-Q,http://www.sec.gov/Archives/edgar/data/1832161/000139390522000158/keyr-20220331.htm,2022-05-16,2022,475479,https://www.sec.gov/Archives/edgar/data/1832161/000139390522000158/0001393905-22-000158-index.htm,5900,10q-keyr-20220331
DQC.US.0123.9583,"2022-11-21 13:15:39,463 [DQC.US.0123.9583] The company has reported a value for us-gaap:StockholdersEquityIncludingPortionAttributableToNoncontrollingInterest with the axis StatementClassOfStockAxis with a value of 11,693 to represent the monetary value of the class of stock in equity. This fact however when used in the Statement of Shareholders Equity must include the Component of Equity and associated member indicating if it is preferred stock, common stock or treasury stock. This error could occur because the filer has either 1) used the incorrect element or 2) has NOT included the Statement Equity Components Axis with the Common Stock or Preferred Stock member on the fact. 

The filer should either add the Statement Equity Components Axis and respective stock member in addition to the class of stock axis to the fact, or change the element name from us-gaap:StockholdersEquityIncludingPortionAttributableToNoncontrollingInterest to the appropriate element if the value is not included in Stockholders Equity.

Element : us-gaap:StockholdersEquityIncludingPortionAttributableToNoncontrollingInterest
Period : 2022-06-30 
Dimensions : us-gaap:StatementClassOfStockAxis=us-gaap:PreferredClassBMember

Rule Element Id:9583
Rule version: 19.0.5 - keyr-20220930.htm 2444",2022-11-21,ERROR,DQC,123,1832161,"VIP Play, Inc.",2022-11-21 12:48:00,0001393905-22-000472,US GAAP 2022,"Produced by EDGARsuite software, Advanced Computer Innovations, Inc., Copyright (C) 2008-2022 [PPXC4Y912124VGW1J4T1]. www.edgarsuite.com",10-Q,http://www.sec.gov/Archives/edgar/data/1832161/000139390522000472/keyr-20220930.htm,2022-11-21,2022,530961,https://www.sec.gov/Archives/edgar/data/1832161/000139390522000472/0001393905-22-000472-index.htm,5900,10q-keyr-20220930
DQC.US.0123.9583,"2022-11-21 13:15:39,463 [DQC.US.0123.9583] The company has reported a value for us-gaap:StockholdersEquityIncludingPortionAttributableToNoncontrollingInterest with the axis StatementClassOfStockAxis with a value of 582 to represent the monetary value of the class of stock in equity. This fact however when used in the Statement of Shareholders Equity must include the Component of Equity and associated member indicating if it is preferred stock, common stock or treasury stock. This error could occur because the filer has either 1) used the incorrect element or 2) has NOT included the Statement Equity Components Axis with the Common Stock or Preferred Stock member on the fact. 

The filer should either add the Statement Equity Components Axis and respective stock member in addition to the class of stock axis to the fact, or change the element name from us-gaap:StockholdersEquityIncludingPortionAttributableToNoncontrollingInterest to the appropriate element if the value is not included in Stockholders Equity.

Element : us-gaap:StockholdersEquityIncludingPortionAttributableToNoncontrollingInterest
Period : 2022-09-30 
Dimensions : us-gaap:StatementClassOfStockAxis=us-gaap:SeriesCPreferredStockMember

Rule Element Id:9583
Rule version: 19.0.5 - keyr-20220930.htm 3052",2022-11-21,ERROR,DQC,123,1832161,"VIP Play, Inc.",2022-11-21 12:48:00,0001393905-22-000472,US GAAP 2022,"Produced by EDGARsuite software, Advanced Computer Innovations, Inc., Copyright (C) 2008-2022 [PPXC4Y912124VGW1J4T1]. www.edgarsuite.com",10-Q,http://www.sec.gov/Archives/edgar/data/1832161/000139390522000472/keyr-20220930.htm,2022-11-21,2022,530961,https://www.sec.gov/Archives/edgar/data/1832161/000139390522000472/0001393905-22-000472-index.htm,5900,10q-keyr-20220930
DQC.US.0123.9583,"2022-11-21 13:15:39,463 [DQC.US.0123.9583] The company has reported a value for us-gaap:StockholdersEquityIncludingPortionAttributableToNoncontrollingInterest with the axis StatementClassOfStockAxis with a value of 67 to represent the monetary value of the class of stock in equity. This fact however when used in the Statement of Shareholders Equity must include the Component of Equity and associated member indicating if it is preferred stock, common stock or treasury stock. This error could occur because the filer has either 1) used the incorrect element or 2) has NOT included the Statement Equity Components Axis with the Common Stock or Preferred Stock member on the fact. 

The filer should either add the Statement Equity Components Axis and respective stock member in addition to the class of stock axis to the fact, or change the element name from us-gaap:StockholdersEquityIncludingPortionAttributableToNoncontrollingInterest to the appropriate element if the value is not included in Stockholders Equity.

Element : us-gaap:StockholdersEquityIncludingPortionAttributableToNoncontrollingInterest
Period : 2022-06-30 
Dimensions : us-gaap:StatementClassOfStockAxis=us-gaap:SeriesCPreferredStockMember

Rule Element Id:9583
Rule version: 19.0.5 - keyr-20220930.htm 2449",2022-11-21,ERROR,DQC,123,1832161,"VIP Play, Inc.",2022-11-21 12:48:00,0001393905-22-000472,US GAAP 2022,"Produced by EDGARsuite software, Advanced Computer Innovations, Inc., Copyright (C) 2008-2022 [PPXC4Y912124VGW1J4T1]. www.edgarsuite.com",10-Q,http://www.sec.gov/Archives/edgar/data/1832161/000139390522000472/keyr-20220930.htm,2022-11-21,2022,530961,https://www.sec.gov/Archives/edgar/data/1832161/000139390522000472/0001393905-22-000472-index.htm,5900,10q-keyr-20220930
DQC.US.0123.9583,"2022-11-21 13:15:39,464 [DQC.US.0123.9583] The company has reported a value for us-gaap:StockholdersEquityIncludingPortionAttributableToNoncontrollingInterest with the axis StatementClassOfStockAxis with a value of 0 to represent the monetary value of the class of stock in equity. This fact however when used in the Statement of Shareholders Equity must include the Component of Equity and associated member indicating if it is preferred stock, common stock or treasury stock. This error could occur because the filer has either 1) used the incorrect element or 2) has NOT included the Statement Equity Components Axis with the Common Stock or Preferred Stock member on the fact. 

The filer should either add the Statement Equity Components Axis and respective stock member in addition to the class of stock axis to the fact, or change the element name from us-gaap:StockholdersEquityIncludingPortionAttributableToNoncontrollingInterest to the appropriate element if the value is not included in Stockholders Equity.

Element : us-gaap:StockholdersEquityIncludingPortionAttributableToNoncontrollingInterest
Period : 2021-06-30 
Dimensions : us-gaap:StatementClassOfStockAxis=us-gaap:SeriesCPreferredStockMember

Rule Element Id:9583
Rule version: 19.0.5 - keyr-20220930.htm 3182",2022-11-21,ERROR,DQC,123,1832161,"VIP Play, Inc.",2022-11-21 12:48:00,0001393905-22-000472,US GAAP 2022,"Produced by EDGARsuite software, Advanced Computer Innovations, Inc., Copyright (C) 2008-2022 [PPXC4Y912124VGW1J4T1]. www.edgarsuite.com",10-Q,http://www.sec.gov/Archives/edgar/data/1832161/000139390522000472/keyr-20220930.htm,2022-11-21,2022,530961,https://www.sec.gov/Archives/edgar/data/1832161/000139390522000472/0001393905-22-000472-index.htm,5900,10q-keyr-20220930
DQC.US.0123.9583,"2022-11-21 13:15:39,464 [DQC.US.0123.9583] The company has reported a value for us-gaap:StockholdersEquityIncludingPortionAttributableToNoncontrollingInterest with the axis StatementClassOfStockAxis with a value of 11,693 to represent the monetary value of the class of stock in equity. This fact however when used in the Statement of Shareholders Equity must include the Component of Equity and associated member indicating if it is preferred stock, common stock or treasury stock. This error could occur because the filer has either 1) used the incorrect element or 2) has NOT included the Statement Equity Components Axis with the Common Stock or Preferred Stock member on the fact. 

The filer should either add the Statement Equity Components Axis and respective stock member in addition to the class of stock axis to the fact, or change the element name from us-gaap:StockholdersEquityIncludingPortionAttributableToNoncontrollingInterest to the appropriate element if the value is not included in Stockholders Equity.

Element : us-gaap:StockholdersEquityIncludingPortionAttributableToNoncontrollingInterest
Period : 2022-09-30 
Dimensions : us-gaap:StatementClassOfStockAxis=us-gaap:PreferredClassBMember

Rule Element Id:9583
Rule version: 19.0.5 - keyr-20220930.htm 3047",2022-11-21,ERROR,DQC,123,1832161,"VIP Play, Inc.",2022-11-21 12:48:00,0001393905-22-000472,US GAAP 2022,"Produced by EDGARsuite software, Advanced Computer Innovations, Inc., Copyright (C) 2008-2022 [PPXC4Y912124VGW1J4T1]. www.edgarsuite.com",10-Q,http://www.sec.gov/Archives/edgar/data/1832161/000139390522000472/keyr-20220930.htm,2022-11-21,2022,530961,https://www.sec.gov/Archives/edgar/data/1832161/000139390522000472/0001393905-22-000472-index.htm,5900,10q-keyr-20220930
DQC.US.0123.9583,"2022-11-21 13:15:39,465 [DQC.US.0123.9583] The company has reported a value for us-gaap:StockholdersEquityIncludingPortionAttributableToNoncontrollingInterest with the axis StatementClassOfStockAxis with a value of 0 to represent the monetary value of the class of stock in equity. This fact however when used in the Statement of Shareholders Equity must include the Component of Equity and associated member indicating if it is preferred stock, common stock or treasury stock. This error could occur because the filer has either 1) used the incorrect element or 2) has NOT included the Statement Equity Components Axis with the Common Stock or Preferred Stock member on the fact. 

The filer should either add the Statement Equity Components Axis and respective stock member in addition to the class of stock axis to the fact, or change the element name from us-gaap:StockholdersEquityIncludingPortionAttributableToNoncontrollingInterest to the appropriate element if the value is not included in Stockholders Equity.

Element : us-gaap:StockholdersEquityIncludingPortionAttributableToNoncontrollingInterest
Period : 2021-06-30 
Dimensions : us-gaap:StatementClassOfStockAxis=us-gaap:PreferredClassBMember

Rule Element Id:9583
Rule version: 19.0.5 - keyr-20220930.htm 3177",2022-11-21,ERROR,DQC,123,1832161,"VIP Play, Inc.",2022-11-21 12:48:00,0001393905-22-000472,US GAAP 2022,"Produced by EDGARsuite software, Advanced Computer Innovations, Inc., Copyright (C) 2008-2022 [PPXC4Y912124VGW1J4T1]. www.edgarsuite.com",10-Q,http://www.sec.gov/Archives/edgar/data/1832161/000139390522000472/keyr-20220930.htm,2022-11-21,2022,530961,https://www.sec.gov/Archives/edgar/data/1832161/000139390522000472/0001393905-22-000472-index.htm,5900,10q-keyr-20220930
DQC.US.0123.9583,"2022-11-21 13:15:39,465 [DQC.US.0123.9583] The company has reported a value for us-gaap:StockholdersEquityIncludingPortionAttributableToNoncontrollingInterest with the axis StatementClassOfStockAxis with a value of 0 to represent the monetary value of the class of stock in equity. This fact however when used in the Statement of Shareholders Equity must include the Component of Equity and associated member indicating if it is preferred stock, common stock or treasury stock. This error could occur because the filer has either 1) used the incorrect element or 2) has NOT included the Statement Equity Components Axis with the Common Stock or Preferred Stock member on the fact. 

The filer should either add the Statement Equity Components Axis and respective stock member in addition to the class of stock axis to the fact, or change the element name from us-gaap:StockholdersEquityIncludingPortionAttributableToNoncontrollingInterest to the appropriate element if the value is not included in Stockholders Equity.

Element : us-gaap:StockholdersEquityIncludingPortionAttributableToNoncontrollingInterest
Period : 2021-09-30 
Dimensions : us-gaap:StatementClassOfStockAxis=us-gaap:SeriesCPreferredStockMember

Rule Element Id:9583
Rule version: 19.0.5 - keyr-20220930.htm 3314",2022-11-21,ERROR,DQC,123,1832161,"VIP Play, Inc.",2022-11-21 12:48:00,0001393905-22-000472,US GAAP 2022,"Produced by EDGARsuite software, Advanced Computer Innovations, Inc., Copyright (C) 2008-2022 [PPXC4Y912124VGW1J4T1]. www.edgarsuite.com",10-Q,http://www.sec.gov/Archives/edgar/data/1832161/000139390522000472/keyr-20220930.htm,2022-11-21,2022,530961,https://www.sec.gov/Archives/edgar/data/1832161/000139390522000472/0001393905-22-000472-index.htm,5900,10q-keyr-20220930
DQC.US.0123.9583,"2022-11-21 13:15:39,466 [DQC.US.0123.9583] The company has reported a value for us-gaap:StockholdersEquityIncludingPortionAttributableToNoncontrollingInterest with the axis StatementClassOfStockAxis with a value of 0 to represent the monetary value of the class of stock in equity. This fact however when used in the Statement of Shareholders Equity must include the Component of Equity and associated member indicating if it is preferred stock, common stock or treasury stock. This error could occur because the filer has either 1) used the incorrect element or 2) has NOT included the Statement Equity Components Axis with the Common Stock or Preferred Stock member on the fact. 

The filer should either add the Statement Equity Components Axis and respective stock member in addition to the class of stock axis to the fact, or change the element name from us-gaap:StockholdersEquityIncludingPortionAttributableToNoncontrollingInterest to the appropriate element if the value is not included in Stockholders Equity.

Element : us-gaap:StockholdersEquityIncludingPortionAttributableToNoncontrollingInterest
Period : 2021-09-30 
Dimensions : us-gaap:StatementClassOfStockAxis=us-gaap:PreferredClassBMember

Rule Element Id:9583
Rule version: 19.0.5 - keyr-20220930.htm 3309",2022-11-21,ERROR,DQC,123,1832161,"VIP Play, Inc.",2022-11-21 12:48:00,0001393905-22-000472,US GAAP 2022,"Produced by EDGARsuite software, Advanced Computer Innovations, Inc., Copyright (C) 2008-2022 [PPXC4Y912124VGW1J4T1]. www.edgarsuite.com",10-Q,http://www.sec.gov/Archives/edgar/data/1832161/000139390522000472/keyr-20220930.htm,2022-11-21,2022,530961,https://www.sec.gov/Archives/edgar/data/1832161/000139390522000472/0001393905-22-000472-index.htm,5900,10q-keyr-20220930
DQC.US.0123.9583,"2022-11-14 17:31:46,100 [DQC.US.0123.9583] The company has reported a value for us-gaap:StockholdersEquity with the axis StatementClassOfStockAxis with a value of 200 to represent the monetary value of the class of stock in equity. This fact however when used in the Statement of Shareholders Equity must include the Component of Equity and associated member indicating if it is preferred stock, common stock or treasury stock. This error could occur because the filer has either 1) used the incorrect element or 2) has NOT included the Statement Equity Components Axis with the Common Stock or Preferred Stock member on the fact. 

The filer should either add the Statement Equity Components Axis and respective stock member in addition to the class of stock axis to the fact, or change the element name from us-gaap:StockholdersEquity to the appropriate element if the value is not included in Stockholders Equity.

Element : us-gaap:StockholdersEquity
Period : 2022-03-31 
Dimensions : us-gaap:StatementClassOfStockAxis=us-gaap:SeriesAPreferredStockMember

Rule Element Id:9583
Rule version: 19.0.2 - nvgt-20220930.htm 1935",2022-11-14,ERROR,DQC,123,1089297,NOVAGANT CORP.,2022-11-14 08:09:00,0001096906-22-002719,US GAAP 2022,"Produced by EDGARsuite software, Advanced Computer Innovations, Inc., Copyright (C) 2008-2022 [PPXK5GW761L0VGW1J4T1]. www.edgarsuite.com",10-Q,http://www.sec.gov/Archives/edgar/data/1089297/000109690622002719/nvgt-20220930.htm,2022-11-14,2022,527621,https://www.sec.gov/Archives/edgar/data/1089297/000109690622002719/0001096906-22-002719-index.htm,4700,10q-nvgt-20220930
DQC.US.0123.9583,"2022-11-14 17:31:46,100 [DQC.US.0123.9583] The company has reported a value for us-gaap:StockholdersEquity with the axis StatementClassOfStockAxis with a value of 50 to represent the monetary value of the class of stock in equity. This fact however when used in the Statement of Shareholders Equity must include the Component of Equity and associated member indicating if it is preferred stock, common stock or treasury stock. This error could occur because the filer has either 1) used the incorrect element or 2) has NOT included the Statement Equity Components Axis with the Common Stock or Preferred Stock member on the fact. 

The filer should either add the Statement Equity Components Axis and respective stock member in addition to the class of stock axis to the fact, or change the element name from us-gaap:StockholdersEquity to the appropriate element if the value is not included in Stockholders Equity.

Element : us-gaap:StockholdersEquity
Period : 2022-03-31 
Dimensions : us-gaap:StatementClassOfStockAxis=us-gaap:SeriesBPreferredStockMember

Rule Element Id:9583
Rule version: 19.0.2 - nvgt-20220930.htm 1937",2022-11-14,ERROR,DQC,123,1089297,NOVAGANT CORP.,2022-11-14 08:09:00,0001096906-22-002719,US GAAP 2022,"Produced by EDGARsuite software, Advanced Computer Innovations, Inc., Copyright (C) 2008-2022 [PPXK5GW761L0VGW1J4T1]. www.edgarsuite.com",10-Q,http://www.sec.gov/Archives/edgar/data/1089297/000109690622002719/nvgt-20220930.htm,2022-11-14,2022,527621,https://www.sec.gov/Archives/edgar/data/1089297/000109690622002719/0001096906-22-002719-index.htm,4700,10q-nvgt-20220930
DQC.US.0123.9583,"2022-11-14 17:31:46,101 [DQC.US.0123.9583] The company has reported a value for us-gaap:StockholdersEquity with the axis StatementClassOfStockAxis with a value of 200 to represent the monetary value of the class of stock in equity. This fact however when used in the Statement of Shareholders Equity must include the Component of Equity and associated member indicating if it is preferred stock, common stock or treasury stock. This error could occur because the filer has either 1) used the incorrect element or 2) has NOT included the Statement Equity Components Axis with the Common Stock or Preferred Stock member on the fact. 

The filer should either add the Statement Equity Components Axis and respective stock member in addition to the class of stock axis to the fact, or change the element name from us-gaap:StockholdersEquity to the appropriate element if the value is not included in Stockholders Equity.

Element : us-gaap:StockholdersEquity
Period : 2021-09-30 
Dimensions : us-gaap:StatementClassOfStockAxis=us-gaap:SeriesAPreferredStockMember

Rule Element Id:9583
Rule version: 19.0.2 - nvgt-20220930.htm 1913",2022-11-14,ERROR,DQC,123,1089297,NOVAGANT CORP.,2022-11-14 08:09:00,0001096906-22-002719,US GAAP 2022,"Produced by EDGARsuite software, Advanced Computer Innovations, Inc., Copyright (C) 2008-2022 [PPXK5GW761L0VGW1J4T1]. www.edgarsuite.com",10-Q,http://www.sec.gov/Archives/edgar/data/1089297/000109690622002719/nvgt-20220930.htm,2022-11-14,2022,527621,https://www.sec.gov/Archives/edgar/data/1089297/000109690622002719/0001096906-22-002719-index.htm,4700,10q-nvgt-20220930
DQC.US.0123.9583,"2022-11-14 17:31:46,101 [DQC.US.0123.9583] The company has reported a value for us-gaap:StockholdersEquity with the axis StatementClassOfStockAxis with a value of 50 to represent the monetary value of the class of stock in equity. This fact however when used in the Statement of Shareholders Equity must include the Component of Equity and associated member indicating if it is preferred stock, common stock or treasury stock. This error could occur because the filer has either 1) used the incorrect element or 2) has NOT included the Statement Equity Components Axis with the Common Stock or Preferred Stock member on the fact. 

The filer should either add the Statement Equity Components Axis and respective stock member in addition to the class of stock axis to the fact, or change the element name from us-gaap:StockholdersEquity to the appropriate element if the value is not included in Stockholders Equity.

Element : us-gaap:StockholdersEquity
Period : 2021-09-30 
Dimensions : us-gaap:StatementClassOfStockAxis=us-gaap:SeriesBPreferredStockMember

Rule Element Id:9583
Rule version: 19.0.2 - nvgt-20220930.htm 1915",2022-11-14,ERROR,DQC,123,1089297,NOVAGANT CORP.,2022-11-14 08:09:00,0001096906-22-002719,US GAAP 2022,"Produced by EDGARsuite software, Advanced Computer Innovations, Inc., Copyright (C) 2008-2022 [PPXK5GW761L0VGW1J4T1]. www.edgarsuite.com",10-Q,http://www.sec.gov/Archives/edgar/data/1089297/000109690622002719/nvgt-20220930.htm,2022-11-14,2022,527621,https://www.sec.gov/Archives/edgar/data/1089297/000109690622002719/0001096906-22-002719-index.htm,4700,10q-nvgt-20220930
DQC.US.0123.9583,"2022-11-14 17:31:46,102 [DQC.US.0123.9583] The company has reported a value for us-gaap:StockholdersEquity with the axis StatementClassOfStockAxis with a value of 0 to represent the monetary value of the class of stock in equity. This fact however when used in the Statement of Shareholders Equity must include the Component of Equity and associated member indicating if it is preferred stock, common stock or treasury stock. This error could occur because the filer has either 1) used the incorrect element or 2) has NOT included the Statement Equity Components Axis with the Common Stock or Preferred Stock member on the fact. 

The filer should either add the Statement Equity Components Axis and respective stock member in addition to the class of stock axis to the fact, or change the element name from us-gaap:StockholdersEquity to the appropriate element if the value is not included in Stockholders Equity.

Element : us-gaap:StockholdersEquity
Period : 2021-03-31 
Dimensions : us-gaap:StatementClassOfStockAxis=us-gaap:SeriesAPreferredStockMember

Rule Element Id:9583
Rule version: 19.0.2 - nvgt-20220930.htm 1846",2022-11-14,ERROR,DQC,123,1089297,NOVAGANT CORP.,2022-11-14 08:09:00,0001096906-22-002719,US GAAP 2022,"Produced by EDGARsuite software, Advanced Computer Innovations, Inc., Copyright (C) 2008-2022 [PPXK5GW761L0VGW1J4T1]. www.edgarsuite.com",10-Q,http://www.sec.gov/Archives/edgar/data/1089297/000109690622002719/nvgt-20220930.htm,2022-11-14,2022,527621,https://www.sec.gov/Archives/edgar/data/1089297/000109690622002719/0001096906-22-002719-index.htm,4700,10q-nvgt-20220930
DQC.US.0123.9583,"2022-11-14 17:31:46,102 [DQC.US.0123.9583] The company has reported a value for us-gaap:StockholdersEquity with the axis StatementClassOfStockAxis with a value of 0 to represent the monetary value of the class of stock in equity. This fact however when used in the Statement of Shareholders Equity must include the Component of Equity and associated member indicating if it is preferred stock, common stock or treasury stock. This error could occur because the filer has either 1) used the incorrect element or 2) has NOT included the Statement Equity Components Axis with the Common Stock or Preferred Stock member on the fact. 

The filer should either add the Statement Equity Components Axis and respective stock member in addition to the class of stock axis to the fact, or change the element name from us-gaap:StockholdersEquity to the appropriate element if the value is not included in Stockholders Equity.

Element : us-gaap:StockholdersEquity
Period : 2021-03-31 
Dimensions : us-gaap:StatementClassOfStockAxis=us-gaap:SeriesBPreferredStockMember

Rule Element Id:9583
Rule version: 19.0.2 - nvgt-20220930.htm 1848",2022-11-14,ERROR,DQC,123,1089297,NOVAGANT CORP.,2022-11-14 08:09:00,0001096906-22-002719,US GAAP 2022,"Produced by EDGARsuite software, Advanced Computer Innovations, Inc., Copyright (C) 2008-2022 [PPXK5GW761L0VGW1J4T1]. www.edgarsuite.com",10-Q,http://www.sec.gov/Archives/edgar/data/1089297/000109690622002719/nvgt-20220930.htm,2022-11-14,2022,527621,https://www.sec.gov/Archives/edgar/data/1089297/000109690622002719/0001096906-22-002719-index.htm,4700,10q-nvgt-20220930
DQC.US.0123.9583,"2022-11-14 17:31:46,102 [DQC.US.0123.9583] The company has reported a value for us-gaap:StockholdersEquity with the axis StatementClassOfStockAxis with a value of 200 to represent the monetary value of the class of stock in equity. This fact however when used in the Statement of Shareholders Equity must include the Component of Equity and associated member indicating if it is preferred stock, common stock or treasury stock. This error could occur because the filer has either 1) used the incorrect element or 2) has NOT included the Statement Equity Components Axis with the Common Stock or Preferred Stock member on the fact. 

The filer should either add the Statement Equity Components Axis and respective stock member in addition to the class of stock axis to the fact, or change the element name from us-gaap:StockholdersEquity to the appropriate element if the value is not included in Stockholders Equity.

Element : us-gaap:StockholdersEquity
Period : 2022-09-30 
Dimensions : us-gaap:StatementClassOfStockAxis=us-gaap:SeriesAPreferredStockMember

Rule Element Id:9583
Rule version: 19.0.2 - nvgt-20220930.htm 1979",2022-11-14,ERROR,DQC,123,1089297,NOVAGANT CORP.,2022-11-14 08:09:00,0001096906-22-002719,US GAAP 2022,"Produced by EDGARsuite software, Advanced Computer Innovations, Inc., Copyright (C) 2008-2022 [PPXK5GW761L0VGW1J4T1]. www.edgarsuite.com",10-Q,http://www.sec.gov/Archives/edgar/data/1089297/000109690622002719/nvgt-20220930.htm,2022-11-14,2022,527621,https://www.sec.gov/Archives/edgar/data/1089297/000109690622002719/0001096906-22-002719-index.htm,4700,10q-nvgt-20220930
DQC.US.0123.9583,"2022-11-14 17:31:46,103 [DQC.US.0123.9583] The company has reported a value for us-gaap:StockholdersEquity with the axis StatementClassOfStockAxis with a value of 50 to represent the monetary value of the class of stock in equity. This fact however when used in the Statement of Shareholders Equity must include the Component of Equity and associated member indicating if it is preferred stock, common stock or treasury stock. This error could occur because the filer has either 1) used the incorrect element or 2) has NOT included the Statement Equity Components Axis with the Common Stock or Preferred Stock member on the fact. 

The filer should either add the Statement Equity Components Axis and respective stock member in addition to the class of stock axis to the fact, or change the element name from us-gaap:StockholdersEquity to the appropriate element if the value is not included in Stockholders Equity.

Element : us-gaap:StockholdersEquity
Period : 2022-09-30 
Dimensions : us-gaap:StatementClassOfStockAxis=us-gaap:SeriesBPreferredStockMember

Rule Element Id:9583
Rule version: 19.0.2 - nvgt-20220930.htm 1981",2022-11-14,ERROR,DQC,123,1089297,NOVAGANT CORP.,2022-11-14 08:09:00,0001096906-22-002719,US GAAP 2022,"Produced by EDGARsuite software, Advanced Computer Innovations, Inc., Copyright (C) 2008-2022 [PPXK5GW761L0VGW1J4T1]. www.edgarsuite.com",10-Q,http://www.sec.gov/Archives/edgar/data/1089297/000109690622002719/nvgt-20220930.htm,2022-11-14,2022,527621,https://www.sec.gov/Archives/edgar/data/1089297/000109690622002719/0001096906-22-002719-index.htm,4700,10q-nvgt-20220930
DQC.US.0123.9583,"2022-10-17 09:49:30,815 [DQC.US.0123.9583] The company has reported a value for us-gaap:StockholdersEquityIncludingPortionAttributableToNoncontrollingInterest with the axis StatementClassOfStockAxis with a value of 11,693 to represent the monetary value of the class of stock in equity. This fact however when used in the Statement of Shareholders Equity must include the Component of Equity and associated member indicating if it is preferred stock, common stock or treasury stock. This error could occur because the filer has either 1) used the incorrect element or 2) has NOT included the Statement Equity Components Axis with the Common Stock or Preferred Stock member on the fact. 

The filer should either add the Statement Equity Components Axis and respective stock member in addition to the class of stock axis to the fact, or change the element name from us-gaap:StockholdersEquityIncludingPortionAttributableToNoncontrollingInterest to the appropriate element if the value is not included in Stockholders Equity.

Element : us-gaap:StockholdersEquityIncludingPortionAttributableToNoncontrollingInterest
Period : 2022-06-30 
Dimensions : us-gaap:StatementClassOfStockAxis=us-gaap:PreferredClassBMember

Rule Element Id:9583
Rule version: 19.0.0 - keyr-20220630.htm 4089",2022-10-17,ERROR,DQC,123,1832161,"VIP Play, Inc.",2022-10-13 16:41:00,0001393905-22-000412,US GAAP 2022,"Produced by EDGARsuite software, Advanced Computer Innovations, Inc., Copyright (C) 2008-2022 [PPXC4Y912124VGS139PY]. www.edgarsuite.com",10-K,http://www.sec.gov/Archives/edgar/data/1832161/000139390522000412/keyr-20220630.htm,2022-10-13,2022,515849,https://www.sec.gov/Archives/edgar/data/1832161/000139390522000412/0001393905-22-000412-index.htm,5900,10k-keyr-20220630
DQC.US.0123.9583,"2022-10-17 09:49:30,815 [DQC.US.0123.9583] The company has reported a value for us-gaap:StockholdersEquityIncludingPortionAttributableToNoncontrollingInterest with the axis StatementClassOfStockAxis with a value of 67 to represent the monetary value of the class of stock in equity. This fact however when used in the Statement of Shareholders Equity must include the Component of Equity and associated member indicating if it is preferred stock, common stock or treasury stock. This error could occur because the filer has either 1) used the incorrect element or 2) has NOT included the Statement Equity Components Axis with the Common Stock or Preferred Stock member on the fact. 

The filer should either add the Statement Equity Components Axis and respective stock member in addition to the class of stock axis to the fact, or change the element name from us-gaap:StockholdersEquityIncludingPortionAttributableToNoncontrollingInterest to the appropriate element if the value is not included in Stockholders Equity.

Element : us-gaap:StockholdersEquityIncludingPortionAttributableToNoncontrollingInterest
Period : 2022-06-30 
Dimensions : us-gaap:StatementClassOfStockAxis=us-gaap:SeriesCPreferredStockMember

Rule Element Id:9583
Rule version: 19.0.0 - keyr-20220630.htm 4094",2022-10-17,ERROR,DQC,123,1832161,"VIP Play, Inc.",2022-10-13 16:41:00,0001393905-22-000412,US GAAP 2022,"Produced by EDGARsuite software, Advanced Computer Innovations, Inc., Copyright (C) 2008-2022 [PPXC4Y912124VGS139PY]. www.edgarsuite.com",10-K,http://www.sec.gov/Archives/edgar/data/1832161/000139390522000412/keyr-20220630.htm,2022-10-13,2022,515849,https://www.sec.gov/Archives/edgar/data/1832161/000139390522000412/0001393905-22-000412-index.htm,5900,10k-keyr-20220630
DQC.US.0123.9583,"2022-10-17 09:49:30,816 [DQC.US.0123.9583] The company has reported a value for us-gaap:StockholdersEquityIncludingPortionAttributableToNoncontrollingInterest with the axis StatementClassOfStockAxis with a value of 0 to represent the monetary value of the class of stock in equity. This fact however when used in the Statement of Shareholders Equity must include the Component of Equity and associated member indicating if it is preferred stock, common stock or treasury stock. This error could occur because the filer has either 1) used the incorrect element or 2) has NOT included the Statement Equity Components Axis with the Common Stock or Preferred Stock member on the fact. 

The filer should either add the Statement Equity Components Axis and respective stock member in addition to the class of stock axis to the fact, or change the element name from us-gaap:StockholdersEquityIncludingPortionAttributableToNoncontrollingInterest to the appropriate element if the value is not included in Stockholders Equity.

Element : us-gaap:StockholdersEquityIncludingPortionAttributableToNoncontrollingInterest
Period : 2020-06-30 
Dimensions : us-gaap:StatementClassOfStockAxis=us-gaap:PreferredClassBMember

Rule Element Id:9583
Rule version: 19.0.0 - keyr-20220630.htm 3581",2022-10-17,ERROR,DQC,123,1832161,"VIP Play, Inc.",2022-10-13 16:41:00,0001393905-22-000412,US GAAP 2022,"Produced by EDGARsuite software, Advanced Computer Innovations, Inc., Copyright (C) 2008-2022 [PPXC4Y912124VGS139PY]. www.edgarsuite.com",10-K,http://www.sec.gov/Archives/edgar/data/1832161/000139390522000412/keyr-20220630.htm,2022-10-13,2022,515849,https://www.sec.gov/Archives/edgar/data/1832161/000139390522000412/0001393905-22-000412-index.htm,5900,10k-keyr-20220630
DQC.US.0123.9583,"2022-10-17 09:49:30,816 [DQC.US.0123.9583] The company has reported a value for us-gaap:StockholdersEquityIncludingPortionAttributableToNoncontrollingInterest with the axis StatementClassOfStockAxis with a value of 0 to represent the monetary value of the class of stock in equity. This fact however when used in the Statement of Shareholders Equity must include the Component of Equity and associated member indicating if it is preferred stock, common stock or treasury stock. This error could occur because the filer has either 1) used the incorrect element or 2) has NOT included the Statement Equity Components Axis with the Common Stock or Preferred Stock member on the fact. 

The filer should either add the Statement Equity Components Axis and respective stock member in addition to the class of stock axis to the fact, or change the element name from us-gaap:StockholdersEquityIncludingPortionAttributableToNoncontrollingInterest to the appropriate element if the value is not included in Stockholders Equity.

Element : us-gaap:StockholdersEquityIncludingPortionAttributableToNoncontrollingInterest
Period : 2020-06-30 
Dimensions : us-gaap:StatementClassOfStockAxis=us-gaap:SeriesCPreferredStockMember

Rule Element Id:9583
Rule version: 19.0.0 - keyr-20220630.htm 3586",2022-10-17,ERROR,DQC,123,1832161,"VIP Play, Inc.",2022-10-13 16:41:00,0001393905-22-000412,US GAAP 2022,"Produced by EDGARsuite software, Advanced Computer Innovations, Inc., Copyright (C) 2008-2022 [PPXC4Y912124VGS139PY]. www.edgarsuite.com",10-K,http://www.sec.gov/Archives/edgar/data/1832161/000139390522000412/keyr-20220630.htm,2022-10-13,2022,515849,https://www.sec.gov/Archives/edgar/data/1832161/000139390522000412/0001393905-22-000412-index.htm,5900,10k-keyr-20220630
DQC.US.0123.9583,"2022-10-17 09:49:30,817 [DQC.US.0123.9583] The company has reported a value for us-gaap:StockholdersEquityIncludingPortionAttributableToNoncontrollingInterest with the axis StatementClassOfStockAxis with a value of 0 to represent the monetary value of the class of stock in equity. This fact however when used in the Statement of Shareholders Equity must include the Component of Equity and associated member indicating if it is preferred stock, common stock or treasury stock. This error could occur because the filer has either 1) used the incorrect element or 2) has NOT included the Statement Equity Components Axis with the Common Stock or Preferred Stock member on the fact. 

The filer should either add the Statement Equity Components Axis and respective stock member in addition to the class of stock axis to the fact, or change the element name from us-gaap:StockholdersEquityIncludingPortionAttributableToNoncontrollingInterest to the appropriate element if the value is not included in Stockholders Equity.

Element : us-gaap:StockholdersEquityIncludingPortionAttributableToNoncontrollingInterest
Period : 2021-06-30 
Dimensions : us-gaap:StatementClassOfStockAxis=us-gaap:PreferredClassBMember

Rule Element Id:9583
Rule version: 19.0.0 - keyr-20220630.htm 3835",2022-10-17,ERROR,DQC,123,1832161,"VIP Play, Inc.",2022-10-13 16:41:00,0001393905-22-000412,US GAAP 2022,"Produced by EDGARsuite software, Advanced Computer Innovations, Inc., Copyright (C) 2008-2022 [PPXC4Y912124VGS139PY]. www.edgarsuite.com",10-K,http://www.sec.gov/Archives/edgar/data/1832161/000139390522000412/keyr-20220630.htm,2022-10-13,2022,515849,https://www.sec.gov/Archives/edgar/data/1832161/000139390522000412/0001393905-22-000412-index.htm,5900,10k-keyr-20220630
DQC.US.0123.9583,"2022-10-17 09:49:30,817 [DQC.US.0123.9583] The company has reported a value for us-gaap:StockholdersEquityIncludingPortionAttributableToNoncontrollingInterest with the axis StatementClassOfStockAxis with a value of 0 to represent the monetary value of the class of stock in equity. This fact however when used in the Statement of Shareholders Equity must include the Component of Equity and associated member indicating if it is preferred stock, common stock or treasury stock. This error could occur because the filer has either 1) used the incorrect element or 2) has NOT included the Statement Equity Components Axis with the Common Stock or Preferred Stock member on the fact. 

The filer should either add the Statement Equity Components Axis and respective stock member in addition to the class of stock axis to the fact, or change the element name from us-gaap:StockholdersEquityIncludingPortionAttributableToNoncontrollingInterest to the appropriate element if the value is not included in Stockholders Equity.

Element : us-gaap:StockholdersEquityIncludingPortionAttributableToNoncontrollingInterest
Period : 2021-06-30 
Dimensions : us-gaap:StatementClassOfStockAxis=us-gaap:SeriesCPreferredStockMember

Rule Element Id:9583
Rule version: 19.0.0 - keyr-20220630.htm 3840",2022-10-17,ERROR,DQC,123,1832161,"VIP Play, Inc.",2022-10-13 16:41:00,0001393905-22-000412,US GAAP 2022,"Produced by EDGARsuite software, Advanced Computer Innovations, Inc., Copyright (C) 2008-2022 [PPXC4Y912124VGS139PY]. www.edgarsuite.com",10-K,http://www.sec.gov/Archives/edgar/data/1832161/000139390522000412/keyr-20220630.htm,2022-10-13,2022,515849,https://www.sec.gov/Archives/edgar/data/1832161/000139390522000412/0001393905-22-000412-index.htm,5900,10k-keyr-20220630
DQC.US.0123.9583,"2022-08-10 15:35:33,257 [DQC.US.0123.9583] The company has reported a value for us-gaap:StockholdersEquity with the axis StatementClassOfStockAxis with a value of 200 to represent the monetary value of the class of stock in equity. This fact however when used in the Statement of Shareholders Equity must include the Component of Equity and associated member indicating if it is preferred stock, common stock or treasury stock. This error could occur because the filer has either 1) used the incorrect element or 2) has NOT included the Statement Equity Components Axis with the Common Stock or Preferred Stock member on the fact. 

The filer should either add the Statement Equity Components Axis and respective stock member in addition to the class of stock axis to the fact, or change the element name from us-gaap:StockholdersEquity to the appropriate element if the value is not included in Stockholders Equity.

Element : us-gaap:StockholdersEquity
Period : 2022-03-31 
Dimensions : us-gaap:StatementClassOfStockAxis=us-gaap:SeriesAPreferredStockMember

Rule Element Id:9583
Rule version: 18.0.2 - nvgt-20220630.htm 1606",2022-08-10,ERROR,DQC,123,1089297,NOVAGANT CORP.,2022-08-10 14:45:00,0001096906-22-001825,US GAAP 2021,"Produced by EDGARsuite software, Advanced Computer Innovations, Inc., Copyright (C) 2008-2022 [PPXK5GW761L0VG1D6RKU]. www.edgarsuite.com",10-Q,http://www.sec.gov/Archives/edgar/data/1089297/000109690622001825/nvgt-20220630.htm,2022-08-10,2022,501637,https://www.sec.gov/Archives/edgar/data/1089297/000109690622001825/0001096906-22-001825-index.htm,4700,10q-nvgt-20220630
DQC.US.0123.9583,"2022-08-10 15:35:33,258 [DQC.US.0123.9583] The company has reported a value for us-gaap:StockholdersEquity with the axis StatementClassOfStockAxis with a value of 200 to represent the monetary value of the class of stock in equity. This fact however when used in the Statement of Shareholders Equity must include the Component of Equity and associated member indicating if it is preferred stock, common stock or treasury stock. This error could occur because the filer has either 1) used the incorrect element or 2) has NOT included the Statement Equity Components Axis with the Common Stock or Preferred Stock member on the fact. 

The filer should either add the Statement Equity Components Axis and respective stock member in addition to the class of stock axis to the fact, or change the element name from us-gaap:StockholdersEquity to the appropriate element if the value is not included in Stockholders Equity.

Element : us-gaap:StockholdersEquity
Period : 2022-06-30 
Dimensions : us-gaap:StatementClassOfStockAxis=us-gaap:SeriesAPreferredStockMember

Rule Element Id:9583
Rule version: 18.0.2 - nvgt-20220630.htm 1650",2022-08-10,ERROR,DQC,123,1089297,NOVAGANT CORP.,2022-08-10 14:45:00,0001096906-22-001825,US GAAP 2021,"Produced by EDGARsuite software, Advanced Computer Innovations, Inc., Copyright (C) 2008-2022 [PPXK5GW761L0VG1D6RKU]. www.edgarsuite.com",10-Q,http://www.sec.gov/Archives/edgar/data/1089297/000109690622001825/nvgt-20220630.htm,2022-08-10,2022,501637,https://www.sec.gov/Archives/edgar/data/1089297/000109690622001825/0001096906-22-001825-index.htm,4700,10q-nvgt-20220630
DQC.US.0123.9583,"2022-08-10 15:35:33,258 [DQC.US.0123.9583] The company has reported a value for us-gaap:StockholdersEquity with the axis StatementClassOfStockAxis with a value of 50 to represent the monetary value of the class of stock in equity. This fact however when used in the Statement of Shareholders Equity must include the Component of Equity and associated member indicating if it is preferred stock, common stock or treasury stock. This error could occur because the filer has either 1) used the incorrect element or 2) has NOT included the Statement Equity Components Axis with the Common Stock or Preferred Stock member on the fact. 

The filer should either add the Statement Equity Components Axis and respective stock member in addition to the class of stock axis to the fact, or change the element name from us-gaap:StockholdersEquity to the appropriate element if the value is not included in Stockholders Equity.

Element : us-gaap:StockholdersEquity
Period : 2022-03-31 
Dimensions : us-gaap:StatementClassOfStockAxis=us-gaap:SeriesBPreferredStockMember

Rule Element Id:9583
Rule version: 18.0.2 - nvgt-20220630.htm 1608",2022-08-10,ERROR,DQC,123,1089297,NOVAGANT CORP.,2022-08-10 14:45:00,0001096906-22-001825,US GAAP 2021,"Produced by EDGARsuite software, Advanced Computer Innovations, Inc., Copyright (C) 2008-2022 [PPXK5GW761L0VG1D6RKU]. www.edgarsuite.com",10-Q,http://www.sec.gov/Archives/edgar/data/1089297/000109690622001825/nvgt-20220630.htm,2022-08-10,2022,501637,https://www.sec.gov/Archives/edgar/data/1089297/000109690622001825/0001096906-22-001825-index.htm,4700,10q-nvgt-20220630
DQC.US.0123.9583,"2022-08-10 15:35:33,259 [DQC.US.0123.9583] The company has reported a value for us-gaap:StockholdersEquity with the axis StatementClassOfStockAxis with a value of 50 to represent the monetary value of the class of stock in equity. This fact however when used in the Statement of Shareholders Equity must include the Component of Equity and associated member indicating if it is preferred stock, common stock or treasury stock. This error could occur because the filer has either 1) used the incorrect element or 2) has NOT included the Statement Equity Components Axis with the Common Stock or Preferred Stock member on the fact. 

The filer should either add the Statement Equity Components Axis and respective stock member in addition to the class of stock axis to the fact, or change the element name from us-gaap:StockholdersEquity to the appropriate element if the value is not included in Stockholders Equity.

Element : us-gaap:StockholdersEquity
Period : 2022-06-30 
Dimensions : us-gaap:StatementClassOfStockAxis=us-gaap:SeriesBPreferredStockMember

Rule Element Id:9583
Rule version: 18.0.2 - nvgt-20220630.htm 1652",2022-08-10,ERROR,DQC,123,1089297,NOVAGANT CORP.,2022-08-10 14:45:00,0001096906-22-001825,US GAAP 2021,"Produced by EDGARsuite software, Advanced Computer Innovations, Inc., Copyright (C) 2008-2022 [PPXK5GW761L0VG1D6RKU]. www.edgarsuite.com",10-Q,http://www.sec.gov/Archives/edgar/data/1089297/000109690622001825/nvgt-20220630.htm,2022-08-10,2022,501637,https://www.sec.gov/Archives/edgar/data/1089297/000109690622001825/0001096906-22-001825-index.htm,4700,10q-nvgt-20220630
DQC.US.0123.9583,"2022-08-10 15:35:33,260 [DQC.US.0123.9583] The company has reported a value for us-gaap:StockholdersEquity with the axis StatementClassOfStockAxis with a value of 0 to represent the monetary value of the class of stock in equity. This fact however when used in the Statement of Shareholders Equity must include the Component of Equity and associated member indicating if it is preferred stock, common stock or treasury stock. This error could occur because the filer has either 1) used the incorrect element or 2) has NOT included the Statement Equity Components Axis with the Common Stock or Preferred Stock member on the fact. 

The filer should either add the Statement Equity Components Axis and respective stock member in addition to the class of stock axis to the fact, or change the element name from us-gaap:StockholdersEquity to the appropriate element if the value is not included in Stockholders Equity.

Element : us-gaap:StockholdersEquity
Period : 2021-06-30 
Dimensions : us-gaap:StatementClassOfStockAxis=us-gaap:SeriesAPreferredStockMember

Rule Element Id:9583
Rule version: 18.0.2 - nvgt-20220630.htm 1572",2022-08-10,ERROR,DQC,123,1089297,NOVAGANT CORP.,2022-08-10 14:45:00,0001096906-22-001825,US GAAP 2021,"Produced by EDGARsuite software, Advanced Computer Innovations, Inc., Copyright (C) 2008-2022 [PPXK5GW761L0VG1D6RKU]. www.edgarsuite.com",10-Q,http://www.sec.gov/Archives/edgar/data/1089297/000109690622001825/nvgt-20220630.htm,2022-08-10,2022,501637,https://www.sec.gov/Archives/edgar/data/1089297/000109690622001825/0001096906-22-001825-index.htm,4700,10q-nvgt-20220630
DQC.US.0123.9583,"2022-08-10 15:35:33,260 [DQC.US.0123.9583] The company has reported a value for us-gaap:StockholdersEquity with the axis StatementClassOfStockAxis with a value of 0 to represent the monetary value of the class of stock in equity. This fact however when used in the Statement of Shareholders Equity must include the Component of Equity and associated member indicating if it is preferred stock, common stock or treasury stock. This error could occur because the filer has either 1) used the incorrect element or 2) has NOT included the Statement Equity Components Axis with the Common Stock or Preferred Stock member on the fact. 

The filer should either add the Statement Equity Components Axis and respective stock member in addition to the class of stock axis to the fact, or change the element name from us-gaap:StockholdersEquity to the appropriate element if the value is not included in Stockholders Equity.

Element : us-gaap:StockholdersEquity
Period : 2021-06-30 
Dimensions : us-gaap:StatementClassOfStockAxis=us-gaap:SeriesBPreferredStockMember

Rule Element Id:9583
Rule version: 18.0.2 - nvgt-20220630.htm 1574",2022-08-10,ERROR,DQC,123,1089297,NOVAGANT CORP.,2022-08-10 14:45:00,0001096906-22-001825,US GAAP 2021,"Produced by EDGARsuite software, Advanced Computer Innovations, Inc., Copyright (C) 2008-2022 [PPXK5GW761L0VG1D6RKU]. www.edgarsuite.com",10-Q,http://www.sec.gov/Archives/edgar/data/1089297/000109690622001825/nvgt-20220630.htm,2022-08-10,2022,501637,https://www.sec.gov/Archives/edgar/data/1089297/000109690622001825/0001096906-22-001825-index.htm,4700,10q-nvgt-20220630
DQC.US.0123.9583,"2022-08-10 15:35:33,261 [DQC.US.0123.9583] The company has reported a value for us-gaap:StockholdersEquity with the axis StatementClassOfStockAxis with a value of 0 to represent the monetary value of the class of stock in equity. This fact however when used in the Statement of Shareholders Equity must include the Component of Equity and associated member indicating if it is preferred stock, common stock or treasury stock. This error could occur because the filer has either 1) used the incorrect element or 2) has NOT included the Statement Equity Components Axis with the Common Stock or Preferred Stock member on the fact. 

The filer should either add the Statement Equity Components Axis and respective stock member in addition to the class of stock axis to the fact, or change the element name from us-gaap:StockholdersEquity to the appropriate element if the value is not included in Stockholders Equity.

Element : us-gaap:StockholdersEquity
Period : 2021-03-31 
Dimensions : us-gaap:StatementClassOfStockAxis=us-gaap:SeriesAPreferredStockMember

Rule Element Id:9583
Rule version: 18.0.2 - nvgt-20220630.htm 1528",2022-08-10,ERROR,DQC,123,1089297,NOVAGANT CORP.,2022-08-10 14:45:00,0001096906-22-001825,US GAAP 2021,"Produced by EDGARsuite software, Advanced Computer Innovations, Inc., Copyright (C) 2008-2022 [PPXK5GW761L0VG1D6RKU]. www.edgarsuite.com",10-Q,http://www.sec.gov/Archives/edgar/data/1089297/000109690622001825/nvgt-20220630.htm,2022-08-10,2022,501637,https://www.sec.gov/Archives/edgar/data/1089297/000109690622001825/0001096906-22-001825-index.htm,4700,10q-nvgt-20220630
DQC.US.0123.9583,"2022-08-10 15:35:33,261 [DQC.US.0123.9583] The company has reported a value for us-gaap:StockholdersEquity with the axis StatementClassOfStockAxis with a value of 0 to represent the monetary value of the class of stock in equity. This fact however when used in the Statement of Shareholders Equity must include the Component of Equity and associated member indicating if it is preferred stock, common stock or treasury stock. This error could occur because the filer has either 1) used the incorrect element or 2) has NOT included the Statement Equity Components Axis with the Common Stock or Preferred Stock member on the fact. 

The filer should either add the Statement Equity Components Axis and respective stock member in addition to the class of stock axis to the fact, or change the element name from us-gaap:StockholdersEquity to the appropriate element if the value is not included in Stockholders Equity.

Element : us-gaap:StockholdersEquity
Period : 2021-03-31 
Dimensions : us-gaap:StatementClassOfStockAxis=us-gaap:SeriesBPreferredStockMember

Rule Element Id:9583
Rule version: 18.0.2 - nvgt-20220630.htm 1530",2022-08-10,ERROR,DQC,123,1089297,NOVAGANT CORP.,2022-08-10 14:45:00,0001096906-22-001825,US GAAP 2021,"Produced by EDGARsuite software, Advanced Computer Innovations, Inc., Copyright (C) 2008-2022 [PPXK5GW761L0VG1D6RKU]. www.edgarsuite.com",10-Q,http://www.sec.gov/Archives/edgar/data/1089297/000109690622001825/nvgt-20220630.htm,2022-08-10,2022,501637,https://www.sec.gov/Archives/edgar/data/1089297/000109690622001825/0001096906-22-001825-index.htm,4700,10q-nvgt-20220630
DQC.US.0123.9583,"2022-08-08 06:30:38,411 [DQC.US.0123.9583] The company has reported a value for us-gaap:StockholdersEquity with the axis StatementClassOfStockAxis with a value of 0 to represent the monetary value of the class of stock in equity. This fact however when used in the Statement of Shareholders Equity must include the Component of Equity and associated member indicating if it is preferred stock, common stock or treasury stock. This error could occur because the filer has either 1) used the incorrect element or 2) has NOT included the Statement Equity Components Axis with the Common Stock or Preferred Stock member on the fact. 

The filer should either add the Statement Equity Components Axis and respective stock member in addition to the class of stock axis to the fact, or change the element name from us-gaap:StockholdersEquity to the appropriate element if the value is not included in Stockholders Equity.

Element : us-gaap:StockholdersEquity
Period : 2020-12-31 
Dimensions : us-gaap:StatementClassOfStockAxis=us-gaap:SeriesEPreferredStockMember

Rule Element Id:9583
Rule version: 18.0.2 - dloc_10q.htm 1",2022-08-08,ERROR,DQC,123,1407878,"DIGITAL     LOCATIONS, INC.",2022-08-08 06:05:00,0001477932-22-005701,US GAAP 2022,Document Created by XBRLMaster,10-Q,http://www.sec.gov/Archives/edgar/data/1407878/000147793222005701/dloc_10q.htm,2022-08-08,2022,500487,https://www.sec.gov/Archives/edgar/data/1407878/000147793222005701/0001477932-22-005701-index.htm,4953,10q-dloc-20220630
DQC.US.0123.9583,"2022-08-08 06:30:38,411 [DQC.US.0123.9583] The company has reported a value for us-gaap:StockholdersEquity with the axis StatementClassOfStockAxis with a value of 3,490,000 to represent the monetary value of the class of stock in equity. This fact however when used in the Statement of Shareholders Equity must include the Component of Equity and associated member indicating if it is preferred stock, common stock or treasury stock. This error could occur because the filer has either 1) used the incorrect element or 2) has NOT included the Statement Equity Components Axis with the Common Stock or Preferred Stock member on the fact. 

The filer should either add the Statement Equity Components Axis and respective stock member in addition to the class of stock axis to the fact, or change the element name from us-gaap:StockholdersEquity to the appropriate element if the value is not included in Stockholders Equity.

Element : us-gaap:StockholdersEquity
Period : 2021-06-30 
Dimensions : us-gaap:StatementClassOfStockAxis=us-gaap:SeriesEPreferredStockMember

Rule Element Id:9583
Rule version: 18.0.2 - dloc_10q.htm 1",2022-08-08,ERROR,DQC,123,1407878,"DIGITAL     LOCATIONS, INC.",2022-08-08 06:05:00,0001477932-22-005701,US GAAP 2022,Document Created by XBRLMaster,10-Q,http://www.sec.gov/Archives/edgar/data/1407878/000147793222005701/dloc_10q.htm,2022-08-08,2022,500487,https://www.sec.gov/Archives/edgar/data/1407878/000147793222005701/0001477932-22-005701-index.htm,4953,10q-dloc-20220630
DQC.US.0123.9583,"2022-08-08 06:30:38,412 [DQC.US.0123.9583] The company has reported a value for us-gaap:StockholdersEquity with the axis StatementClassOfStockAxis with a value of 3,540,000 to represent the monetary value of the class of stock in equity. This fact however when used in the Statement of Shareholders Equity must include the Component of Equity and associated member indicating if it is preferred stock, common stock or treasury stock. This error could occur because the filer has either 1) used the incorrect element or 2) has NOT included the Statement Equity Components Axis with the Common Stock or Preferred Stock member on the fact. 

The filer should either add the Statement Equity Components Axis and respective stock member in addition to the class of stock axis to the fact, or change the element name from us-gaap:StockholdersEquity to the appropriate element if the value is not included in Stockholders Equity.

Element : us-gaap:StockholdersEquity
Period : 2021-12-31 
Dimensions : us-gaap:StatementClassOfStockAxis=us-gaap:SeriesEPreferredStockMember

Rule Element Id:9583
Rule version: 18.0.2 - dloc_10q.htm 1",2022-08-08,ERROR,DQC,123,1407878,"DIGITAL     LOCATIONS, INC.",2022-08-08 06:05:00,0001477932-22-005701,US GAAP 2022,Document Created by XBRLMaster,10-Q,http://www.sec.gov/Archives/edgar/data/1407878/000147793222005701/dloc_10q.htm,2022-08-08,2022,500487,https://www.sec.gov/Archives/edgar/data/1407878/000147793222005701/0001477932-22-005701-index.htm,4953,10q-dloc-20220630
DQC.US.0123.9583,"2022-08-08 06:30:38,412 [DQC.US.0123.9583] The company has reported a value for us-gaap:StockholdersEquity with the axis StatementClassOfStockAxis with a value of 3,755,000 to represent the monetary value of the class of stock in equity. This fact however when used in the Statement of Shareholders Equity must include the Component of Equity and associated member indicating if it is preferred stock, common stock or treasury stock. This error could occur because the filer has either 1) used the incorrect element or 2) has NOT included the Statement Equity Components Axis with the Common Stock or Preferred Stock member on the fact. 

The filer should either add the Statement Equity Components Axis and respective stock member in addition to the class of stock axis to the fact, or change the element name from us-gaap:StockholdersEquity to the appropriate element if the value is not included in Stockholders Equity.

Element : us-gaap:StockholdersEquity
Period : 2022-06-30 
Dimensions : us-gaap:StatementClassOfStockAxis=us-gaap:SeriesEPreferredStockMember

Rule Element Id:9583
Rule version: 18.0.2 - dloc_10q.htm 1",2022-08-08,ERROR,DQC,123,1407878,"DIGITAL     LOCATIONS, INC.",2022-08-08 06:05:00,0001477932-22-005701,US GAAP 2022,Document Created by XBRLMaster,10-Q,http://www.sec.gov/Archives/edgar/data/1407878/000147793222005701/dloc_10q.htm,2022-08-08,2022,500487,https://www.sec.gov/Archives/edgar/data/1407878/000147793222005701/0001477932-22-005701-index.htm,4953,10q-dloc-20220630
DQC.US.0123.9583,"2022-07-18 14:30:38,429 [DQC.US.0123.9583] The company has reported a value for us-gaap:StockholdersEquity with the axis StatementClassOfStockAxis with a value of 200 to represent the monetary value of the class of stock in equity. This fact however when used in the Statement of Shareholders Equity must include the Component of Equity and associated member indicating if it is preferred stock, common stock or treasury stock. This error could occur because the filer has either 1) used the incorrect element or 2) has NOT included the Statement Equity Components Axis with the Common Stock or Preferred Stock member on the fact. 

The filer should either add the Statement Equity Components Axis and respective stock member in addition to the class of stock axis to the fact, or change the element name from us-gaap:StockholdersEquity to the appropriate element if the value is not included in Stockholders Equity.

Element : us-gaap:StockholdersEquity
Period : 2021-09-30 
Dimensions : us-gaap:StatementClassOfStockAxis=us-gaap:SeriesAPreferredStockMember

Rule Element Id:9583
Rule version: 18.0.1 - nvgt-20210930.htm 1608",2022-07-18,ERROR,DQC,123,1089297,NOVAGANT CORP.,2022-07-18 14:07:00,0001096906-22-001648,US GAAP 2021,"Produced by EDGARsuite software, Advanced Computer Innovations, Inc., Copyright (C) 2008-2022 [PPXK5GW761L0VG1D6RKU]. www.edgarsuite.com",10-Q,http://www.sec.gov/Archives/edgar/data/1089297/000109690622001648/nvgt-20210930.htm,2022-07-18,2022,489812,https://www.sec.gov/Archives/edgar/data/1089297/000109690622001648/0001096906-22-001648-index.htm,4700,10q-nvgt-20210930
DQC.US.0123.9583,"2022-07-18 14:30:38,429 [DQC.US.0123.9583] The company has reported a value for us-gaap:StockholdersEquity with the axis StatementClassOfStockAxis with a value of 50 to represent the monetary value of the class of stock in equity. This fact however when used in the Statement of Shareholders Equity must include the Component of Equity and associated member indicating if it is preferred stock, common stock or treasury stock. This error could occur because the filer has either 1) used the incorrect element or 2) has NOT included the Statement Equity Components Axis with the Common Stock or Preferred Stock member on the fact. 

The filer should either add the Statement Equity Components Axis and respective stock member in addition to the class of stock axis to the fact, or change the element name from us-gaap:StockholdersEquity to the appropriate element if the value is not included in Stockholders Equity.

Element : us-gaap:StockholdersEquity
Period : 2021-09-30 
Dimensions : us-gaap:StatementClassOfStockAxis=us-gaap:SeriesBPreferredStockMember

Rule Element Id:9583
Rule version: 18.0.1 - nvgt-20210930.htm 1610",2022-07-18,ERROR,DQC,123,1089297,NOVAGANT CORP.,2022-07-18 14:07:00,0001096906-22-001648,US GAAP 2021,"Produced by EDGARsuite software, Advanced Computer Innovations, Inc., Copyright (C) 2008-2022 [PPXK5GW761L0VG1D6RKU]. www.edgarsuite.com",10-Q,http://www.sec.gov/Archives/edgar/data/1089297/000109690622001648/nvgt-20210930.htm,2022-07-18,2022,489812,https://www.sec.gov/Archives/edgar/data/1089297/000109690622001648/0001096906-22-001648-index.htm,4700,10q-nvgt-20210930
DQC.US.0123.9583,"2022-07-18 14:30:38,430 [DQC.US.0123.9583] The company has reported a value for us-gaap:StockholdersEquity with the axis StatementClassOfStockAxis with a value of 0 to represent the monetary value of the class of stock in equity. This fact however when used in the Statement of Shareholders Equity must include the Component of Equity and associated member indicating if it is preferred stock, common stock or treasury stock. This error could occur because the filer has either 1) used the incorrect element or 2) has NOT included the Statement Equity Components Axis with the Common Stock or Preferred Stock member on the fact. 

The filer should either add the Statement Equity Components Axis and respective stock member in addition to the class of stock axis to the fact, or change the element name from us-gaap:StockholdersEquity to the appropriate element if the value is not included in Stockholders Equity.

Element : us-gaap:StockholdersEquity
Period : 2020-03-31 
Dimensions : us-gaap:StatementClassOfStockAxis=us-gaap:SeriesAPreferredStockMember

Rule Element Id:9583
Rule version: 18.0.1 - nvgt-20210930.htm 1464",2022-07-18,ERROR,DQC,123,1089297,NOVAGANT CORP.,2022-07-18 14:07:00,0001096906-22-001648,US GAAP 2021,"Produced by EDGARsuite software, Advanced Computer Innovations, Inc., Copyright (C) 2008-2022 [PPXK5GW761L0VG1D6RKU]. www.edgarsuite.com",10-Q,http://www.sec.gov/Archives/edgar/data/1089297/000109690622001648/nvgt-20210930.htm,2022-07-18,2022,489812,https://www.sec.gov/Archives/edgar/data/1089297/000109690622001648/0001096906-22-001648-index.htm,4700,10q-nvgt-20210930
DQC.US.0123.9583,"2022-07-18 14:30:38,430 [DQC.US.0123.9583] The company has reported a value for us-gaap:StockholdersEquity with the axis StatementClassOfStockAxis with a value of 0 to represent the monetary value of the class of stock in equity. This fact however when used in the Statement of Shareholders Equity must include the Component of Equity and associated member indicating if it is preferred stock, common stock or treasury stock. This error could occur because the filer has either 1) used the incorrect element or 2) has NOT included the Statement Equity Components Axis with the Common Stock or Preferred Stock member on the fact. 

The filer should either add the Statement Equity Components Axis and respective stock member in addition to the class of stock axis to the fact, or change the element name from us-gaap:StockholdersEquity to the appropriate element if the value is not included in Stockholders Equity.

Element : us-gaap:StockholdersEquity
Period : 2020-03-31 
Dimensions : us-gaap:StatementClassOfStockAxis=us-gaap:SeriesBPreferredStockMember

Rule Element Id:9583
Rule version: 18.0.1 - nvgt-20210930.htm 1467",2022-07-18,ERROR,DQC,123,1089297,NOVAGANT CORP.,2022-07-18 14:07:00,0001096906-22-001648,US GAAP 2021,"Produced by EDGARsuite software, Advanced Computer Innovations, Inc., Copyright (C) 2008-2022 [PPXK5GW761L0VG1D6RKU]. www.edgarsuite.com",10-Q,http://www.sec.gov/Archives/edgar/data/1089297/000109690622001648/nvgt-20210930.htm,2022-07-18,2022,489812,https://www.sec.gov/Archives/edgar/data/1089297/000109690622001648/0001096906-22-001648-index.htm,4700,10q-nvgt-20210930
DQC.US.0123.9583,"2022-07-18 14:30:38,430 [DQC.US.0123.9583] The company has reported a value for us-gaap:StockholdersEquity with the axis StatementClassOfStockAxis with a value of 0 to represent the monetary value of the class of stock in equity. This fact however when used in the Statement of Shareholders Equity must include the Component of Equity and associated member indicating if it is preferred stock, common stock or treasury stock. This error could occur because the filer has either 1) used the incorrect element or 2) has NOT included the Statement Equity Components Axis with the Common Stock or Preferred Stock member on the fact. 

The filer should either add the Statement Equity Components Axis and respective stock member in addition to the class of stock axis to the fact, or change the element name from us-gaap:StockholdersEquity to the appropriate element if the value is not included in Stockholders Equity.

Element : us-gaap:StockholdersEquity
Period : 2020-09-30 
Dimensions : us-gaap:StatementClassOfStockAxis=us-gaap:SeriesBPreferredStockMember

Rule Element Id:9583
Rule version: 18.0.1 - nvgt-20210930.htm 1510",2022-07-18,ERROR,DQC,123,1089297,NOVAGANT CORP.,2022-07-18 14:07:00,0001096906-22-001648,US GAAP 2021,"Produced by EDGARsuite software, Advanced Computer Innovations, Inc., Copyright (C) 2008-2022 [PPXK5GW761L0VG1D6RKU]. www.edgarsuite.com",10-Q,http://www.sec.gov/Archives/edgar/data/1089297/000109690622001648/nvgt-20210930.htm,2022-07-18,2022,489812,https://www.sec.gov/Archives/edgar/data/1089297/000109690622001648/0001096906-22-001648-index.htm,4700,10q-nvgt-20210930
DQC.US.0123.9583,"2022-07-18 14:30:38,431 [DQC.US.0123.9583] The company has reported a value for us-gaap:StockholdersEquity with the axis StatementClassOfStockAxis with a value of 0 to represent the monetary value of the class of stock in equity. This fact however when used in the Statement of Shareholders Equity must include the Component of Equity and associated member indicating if it is preferred stock, common stock or treasury stock. This error could occur because the filer has either 1) used the incorrect element or 2) has NOT included the Statement Equity Components Axis with the Common Stock or Preferred Stock member on the fact. 

The filer should either add the Statement Equity Components Axis and respective stock member in addition to the class of stock axis to the fact, or change the element name from us-gaap:StockholdersEquity to the appropriate element if the value is not included in Stockholders Equity.

Element : us-gaap:StockholdersEquity
Period : 2020-09-30 
Dimensions : us-gaap:StatementClassOfStockAxis=us-gaap:SeriesAPreferredStockMember

Rule Element Id:9583
Rule version: 18.0.1 - nvgt-20210930.htm 1508",2022-07-18,ERROR,DQC,123,1089297,NOVAGANT CORP.,2022-07-18 14:07:00,0001096906-22-001648,US GAAP 2021,"Produced by EDGARsuite software, Advanced Computer Innovations, Inc., Copyright (C) 2008-2022 [PPXK5GW761L0VG1D6RKU]. www.edgarsuite.com",10-Q,http://www.sec.gov/Archives/edgar/data/1089297/000109690622001648/nvgt-20210930.htm,2022-07-18,2022,489812,https://www.sec.gov/Archives/edgar/data/1089297/000109690622001648/0001096906-22-001648-index.htm,4700,10q-nvgt-20210930
DQC.US.0123.9583,"2022-07-18 14:30:38,431 [DQC.US.0123.9583] The company has reported a value for us-gaap:StockholdersEquity with the axis StatementClassOfStockAxis with a value of 0 to represent the monetary value of the class of stock in equity. This fact however when used in the Statement of Shareholders Equity must include the Component of Equity and associated member indicating if it is preferred stock, common stock or treasury stock. This error could occur because the filer has either 1) used the incorrect element or 2) has NOT included the Statement Equity Components Axis with the Common Stock or Preferred Stock member on the fact. 

The filer should either add the Statement Equity Components Axis and respective stock member in addition to the class of stock axis to the fact, or change the element name from us-gaap:StockholdersEquity to the appropriate element if the value is not included in Stockholders Equity.

Element : us-gaap:StockholdersEquity
Period : 2021-03-31 
Dimensions : us-gaap:StatementClassOfStockAxis=us-gaap:SeriesAPreferredStockMember

Rule Element Id:9583
Rule version: 18.0.1 - nvgt-20210930.htm 1542",2022-07-18,ERROR,DQC,123,1089297,NOVAGANT CORP.,2022-07-18 14:07:00,0001096906-22-001648,US GAAP 2021,"Produced by EDGARsuite software, Advanced Computer Innovations, Inc., Copyright (C) 2008-2022 [PPXK5GW761L0VG1D6RKU]. www.edgarsuite.com",10-Q,http://www.sec.gov/Archives/edgar/data/1089297/000109690622001648/nvgt-20210930.htm,2022-07-18,2022,489812,https://www.sec.gov/Archives/edgar/data/1089297/000109690622001648/0001096906-22-001648-index.htm,4700,10q-nvgt-20210930
DQC.US.0123.9583,"2022-07-18 14:30:38,432 [DQC.US.0123.9583] The company has reported a value for us-gaap:StockholdersEquity with the axis StatementClassOfStockAxis with a value of 0 to represent the monetary value of the class of stock in equity. This fact however when used in the Statement of Shareholders Equity must include the Component of Equity and associated member indicating if it is preferred stock, common stock or treasury stock. This error could occur because the filer has either 1) used the incorrect element or 2) has NOT included the Statement Equity Components Axis with the Common Stock or Preferred Stock member on the fact. 

The filer should either add the Statement Equity Components Axis and respective stock member in addition to the class of stock axis to the fact, or change the element name from us-gaap:StockholdersEquity to the appropriate element if the value is not included in Stockholders Equity.

Element : us-gaap:StockholdersEquity
Period : 2021-03-31 
Dimensions : us-gaap:StatementClassOfStockAxis=us-gaap:SeriesBPreferredStockMember

Rule Element Id:9583
Rule version: 18.0.1 - nvgt-20210930.htm 1544",2022-07-18,ERROR,DQC,123,1089297,NOVAGANT CORP.,2022-07-18 14:07:00,0001096906-22-001648,US GAAP 2021,"Produced by EDGARsuite software, Advanced Computer Innovations, Inc., Copyright (C) 2008-2022 [PPXK5GW761L0VG1D6RKU]. www.edgarsuite.com",10-Q,http://www.sec.gov/Archives/edgar/data/1089297/000109690622001648/nvgt-20210930.htm,2022-07-18,2022,489812,https://www.sec.gov/Archives/edgar/data/1089297/000109690622001648/0001096906-22-001648-index.htm,4700,10q-nvgt-20210930
DQC.US.0123.9583,"2023-02-21 12:41:41,259 [DQC.US.0123.9583] The company has reported a value for us-gaap:StockholdersEquity with the axis StatementClassOfStockAxis with a value of 1,000 to represent the monetary value of the class of stock in equity. This fact however when used in the Statement of Shareholders Equity must include the Component of Equity and associated member indicating if it is preferred stock, common stock or treasury stock. This error could occur because the filer has either 1) used the incorrect element or 2) has NOT included the Statement Equity Components Axis with the Common Stock or Preferred Stock member on the fact. 

The filer should either add the Statement Equity Components Axis and respective stock member in addition to the class of stock axis to the fact, or change the element name from us-gaap:StockholdersEquity to the appropriate element if the value is not included in Stockholders Equity.

Element : us-gaap:StockholdersEquity
Period : 2022-12-31 
Dimensions : us-gaap:StatementClassOfStockAxis=fil:SeriesAConvertibleMember

Rule Element Id:9583
Rule version: 20.0.2 - mxsg-20221231.htm 2864",2023-02-21,ERROR,DQC,123,1355677,Mexus Gold us,2023-02-17 19:06:00,0001096906-23-000409,US GAAP 2022,"Produced by EDGARsuite software, Advanced Computer Innovations, Inc., Copyright (C) 2008-2022 [PPXK5GW761L0VGXA5UT0]. www.edgarsuite.com",10-Q,http://www.sec.gov/Archives/edgar/data/1355677/000109690623000409/mxsg-20221231.htm,2023-02-21,2023,549801,https://www.sec.gov/Archives/edgar/data/1355677/000109690623000409/0001096906-23-000409-index.htm,1040,10q-mxsg-20221231
DQC.US.0123.9583,"2023-02-21 12:41:41,259 [DQC.US.0123.9583] The company has reported a value for us-gaap:StockholdersEquity with the axis StatementClassOfStockAxis with a value of 176,942 to represent the monetary value of the class of stock in equity. This fact however when used in the Statement of Shareholders Equity must include the Component of Equity and associated member indicating if it is preferred stock, common stock or treasury stock. This error could occur because the filer has either 1) used the incorrect element or 2) has NOT included the Statement Equity Components Axis with the Common Stock or Preferred Stock member on the fact. 

The filer should either add the Statement Equity Components Axis and respective stock member in addition to the class of stock axis to the fact, or change the element name from us-gaap:StockholdersEquity to the appropriate element if the value is not included in Stockholders Equity.

Element : us-gaap:StockholdersEquity
Period : 2022-12-31 
Dimensions : us-gaap:StatementClassOfStockAxis=fil:SubscriptionPayableMember

Rule Element Id:9583
Rule version: 20.0.2 - mxsg-20221231.htm 2868",2023-02-21,ERROR,DQC,123,1355677,Mexus Gold us,2023-02-17 19:06:00,0001096906-23-000409,US GAAP 2022,"Produced by EDGARsuite software, Advanced Computer Innovations, Inc., Copyright (C) 2008-2022 [PPXK5GW761L0VGXA5UT0]. www.edgarsuite.com",10-Q,http://www.sec.gov/Archives/edgar/data/1355677/000109690623000409/mxsg-20221231.htm,2023-02-21,2023,549801,https://www.sec.gov/Archives/edgar/data/1355677/000109690623000409/0001096906-23-000409-index.htm,1040,10q-mxsg-20221231
DQC.US.0123.9583,"2023-02-21 12:41:41,260 [DQC.US.0123.9583] The company has reported a value for us-gaap:StockholdersEquity with the axis StatementClassOfStockAxis with a value of 1,000 to represent the monetary value of the class of stock in equity. This fact however when used in the Statement of Shareholders Equity must include the Component of Equity and associated member indicating if it is preferred stock, common stock or treasury stock. This error could occur because the filer has either 1) used the incorrect element or 2) has NOT included the Statement Equity Components Axis with the Common Stock or Preferred Stock member on the fact. 

The filer should either add the Statement Equity Components Axis and respective stock member in addition to the class of stock axis to the fact, or change the element name from us-gaap:StockholdersEquity to the appropriate element if the value is not included in Stockholders Equity.

Element : us-gaap:StockholdersEquity
Period : 2021-03-31 
Dimensions : us-gaap:StatementClassOfStockAxis=fil:SeriesAConvertibleMember

Rule Element Id:9583
Rule version: 20.0.2 - mxsg-20221231.htm 3024",2023-02-21,ERROR,DQC,123,1355677,Mexus Gold us,2023-02-17 19:06:00,0001096906-23-000409,US GAAP 2022,"Produced by EDGARsuite software, Advanced Computer Innovations, Inc., Copyright (C) 2008-2022 [PPXK5GW761L0VGXA5UT0]. www.edgarsuite.com",10-Q,http://www.sec.gov/Archives/edgar/data/1355677/000109690623000409/mxsg-20221231.htm,2023-02-21,2023,549801,https://www.sec.gov/Archives/edgar/data/1355677/000109690623000409/0001096906-23-000409-index.htm,1040,10q-mxsg-20221231
DQC.US.0123.9583,"2023-02-21 12:41:41,260 [DQC.US.0123.9583] The company has reported a value for us-gaap:StockholdersEquity with the axis StatementClassOfStockAxis with a value of 222,718 to represent the monetary value of the class of stock in equity. This fact however when used in the Statement of Shareholders Equity must include the Component of Equity and associated member indicating if it is preferred stock, common stock or treasury stock. This error could occur because the filer has either 1) used the incorrect element or 2) has NOT included the Statement Equity Components Axis with the Common Stock or Preferred Stock member on the fact. 

The filer should either add the Statement Equity Components Axis and respective stock member in addition to the class of stock axis to the fact, or change the element name from us-gaap:StockholdersEquity to the appropriate element if the value is not included in Stockholders Equity.

Element : us-gaap:StockholdersEquity
Period : 2021-03-31 
Dimensions : us-gaap:StatementClassOfStockAxis=fil:SubscriptionPayableMember

Rule Element Id:9583
Rule version: 20.0.2 - mxsg-20221231.htm 3028",2023-02-21,ERROR,DQC,123,1355677,Mexus Gold us,2023-02-17 19:06:00,0001096906-23-000409,US GAAP 2022,"Produced by EDGARsuite software, Advanced Computer Innovations, Inc., Copyright (C) 2008-2022 [PPXK5GW761L0VGXA5UT0]. www.edgarsuite.com",10-Q,http://www.sec.gov/Archives/edgar/data/1355677/000109690623000409/mxsg-20221231.htm,2023-02-21,2023,549801,https://www.sec.gov/Archives/edgar/data/1355677/000109690623000409/0001096906-23-000409-index.htm,1040,10q-mxsg-20221231
DQC.US.0123.9583,"2023-02-21 12:41:41,261 [DQC.US.0123.9583] The company has reported a value for us-gaap:StockholdersEquity with the axis StatementClassOfStockAxis with a value of 1,000 to represent the monetary value of the class of stock in equity. This fact however when used in the Statement of Shareholders Equity must include the Component of Equity and associated member indicating if it is preferred stock, common stock or treasury stock. This error could occur because the filer has either 1) used the incorrect element or 2) has NOT included the Statement Equity Components Axis with the Common Stock or Preferred Stock member on the fact. 

The filer should either add the Statement Equity Components Axis and respective stock member in addition to the class of stock axis to the fact, or change the element name from us-gaap:StockholdersEquity to the appropriate element if the value is not included in Stockholders Equity.

Element : us-gaap:StockholdersEquity
Period : 2021-12-31 
Dimensions : us-gaap:StatementClassOfStockAxis=fil:SeriesAConvertibleMember

Rule Element Id:9583
Rule version: 20.0.2 - mxsg-20221231.htm 2986",2023-02-21,ERROR,DQC,123,1355677,Mexus Gold us,2023-02-17 19:06:00,0001096906-23-000409,US GAAP 2022,"Produced by EDGARsuite software, Advanced Computer Innovations, Inc., Copyright (C) 2008-2022 [PPXK5GW761L0VGXA5UT0]. www.edgarsuite.com",10-Q,http://www.sec.gov/Archives/edgar/data/1355677/000109690623000409/mxsg-20221231.htm,2023-02-21,2023,549801,https://www.sec.gov/Archives/edgar/data/1355677/000109690623000409/0001096906-23-000409-index.htm,1040,10q-mxsg-20221231
DQC.US.0123.9583,"2023-02-21 12:41:41,261 [DQC.US.0123.9583] The company has reported a value for us-gaap:StockholdersEquity with the axis StatementClassOfStockAxis with a value of 1,000 to represent the monetary value of the class of stock in equity. This fact however when used in the Statement of Shareholders Equity must include the Component of Equity and associated member indicating if it is preferred stock, common stock or treasury stock. This error could occur because the filer has either 1) used the incorrect element or 2) has NOT included the Statement Equity Components Axis with the Common Stock or Preferred Stock member on the fact. 

The filer should either add the Statement Equity Components Axis and respective stock member in addition to the class of stock axis to the fact, or change the element name from us-gaap:StockholdersEquity to the appropriate element if the value is not included in Stockholders Equity.

Element : us-gaap:StockholdersEquity
Period : 2022-03-31 
Dimensions : us-gaap:StatementClassOfStockAxis=fil:SeriesAConvertibleMember

Rule Element Id:9583
Rule version: 20.0.2 - mxsg-20221231.htm 2744",2023-02-21,ERROR,DQC,123,1355677,Mexus Gold us,2023-02-17 19:06:00,0001096906-23-000409,US GAAP 2022,"Produced by EDGARsuite software, Advanced Computer Innovations, Inc., Copyright (C) 2008-2022 [PPXK5GW761L0VGXA5UT0]. www.edgarsuite.com",10-Q,http://www.sec.gov/Archives/edgar/data/1355677/000109690623000409/mxsg-20221231.htm,2023-02-21,2023,549801,https://www.sec.gov/Archives/edgar/data/1355677/000109690623000409/0001096906-23-000409-index.htm,1040,10q-mxsg-20221231
DQC.US.0123.9583,"2023-02-21 12:41:41,261 [DQC.US.0123.9583] The company has reported a value for us-gaap:StockholdersEquity with the axis StatementClassOfStockAxis with a value of 150,321 to represent the monetary value of the class of stock in equity. This fact however when used in the Statement of Shareholders Equity must include the Component of Equity and associated member indicating if it is preferred stock, common stock or treasury stock. This error could occur because the filer has either 1) used the incorrect element or 2) has NOT included the Statement Equity Components Axis with the Common Stock or Preferred Stock member on the fact. 

The filer should either add the Statement Equity Components Axis and respective stock member in addition to the class of stock axis to the fact, or change the element name from us-gaap:StockholdersEquity to the appropriate element if the value is not included in Stockholders Equity.

Element : us-gaap:StockholdersEquity
Period : 2022-03-31 
Dimensions : us-gaap:StatementClassOfStockAxis=fil:SubscriptionPayableMember

Rule Element Id:9583
Rule version: 20.0.2 - mxsg-20221231.htm 2748",2023-02-21,ERROR,DQC,123,1355677,Mexus Gold us,2023-02-17 19:06:00,0001096906-23-000409,US GAAP 2022,"Produced by EDGARsuite software, Advanced Computer Innovations, Inc., Copyright (C) 2008-2022 [PPXK5GW761L0VGXA5UT0]. www.edgarsuite.com",10-Q,http://www.sec.gov/Archives/edgar/data/1355677/000109690623000409/mxsg-20221231.htm,2023-02-21,2023,549801,https://www.sec.gov/Archives/edgar/data/1355677/000109690623000409/0001096906-23-000409-index.htm,1040,10q-mxsg-20221231
DQC.US.0123.9583,"2023-02-21 12:41:41,262 [DQC.US.0123.9583] The company has reported a value for us-gaap:StockholdersEquity with the axis StatementClassOfStockAxis with a value of 135,932 to represent the monetary value of the class of stock in equity. This fact however when used in the Statement of Shareholders Equity must include the Component of Equity and associated member indicating if it is preferred stock, common stock or treasury stock. This error could occur because the filer has either 1) used the incorrect element or 2) has NOT included the Statement Equity Components Axis with the Common Stock or Preferred Stock member on the fact. 

The filer should either add the Statement Equity Components Axis and respective stock member in addition to the class of stock axis to the fact, or change the element name from us-gaap:StockholdersEquity to the appropriate element if the value is not included in Stockholders Equity.

Element : us-gaap:StockholdersEquity
Period : 2022-09-30 
Dimensions : us-gaap:StatementClassOfStockAxis=fil:SubscriptionPayableMember

Rule Element Id:9583
Rule version: 20.0.2 - mxsg-20221231.htm 2590",2023-02-21,ERROR,DQC,123,1355677,Mexus Gold us,2023-02-17 19:06:00,0001096906-23-000409,US GAAP 2022,"Produced by EDGARsuite software, Advanced Computer Innovations, Inc., Copyright (C) 2008-2022 [PPXK5GW761L0VGXA5UT0]. www.edgarsuite.com",10-Q,http://www.sec.gov/Archives/edgar/data/1355677/000109690623000409/mxsg-20221231.htm,2023-02-21,2023,549801,https://www.sec.gov/Archives/edgar/data/1355677/000109690623000409/0001096906-23-000409-index.htm,1040,10q-mxsg-20221231
DQC.US.0123.9583,"2023-02-21 12:41:41,262 [DQC.US.0123.9583] The company has reported a value for us-gaap:StockholdersEquity with the axis StatementClassOfStockAxis with a value of 178,322 to represent the monetary value of the class of stock in equity. This fact however when used in the Statement of Shareholders Equity must include the Component of Equity and associated member indicating if it is preferred stock, common stock or treasury stock. This error could occur because the filer has either 1) used the incorrect element or 2) has NOT included the Statement Equity Components Axis with the Common Stock or Preferred Stock member on the fact. 

The filer should either add the Statement Equity Components Axis and respective stock member in addition to the class of stock axis to the fact, or change the element name from us-gaap:StockholdersEquity to the appropriate element if the value is not included in Stockholders Equity.

Element : us-gaap:StockholdersEquity
Period : 2021-12-31 
Dimensions : us-gaap:StatementClassOfStockAxis=fil:SubscriptionPayableMember

Rule Element Id:9583
Rule version: 20.0.2 - mxsg-20221231.htm 2990",2023-02-21,ERROR,DQC,123,1355677,Mexus Gold us,2023-02-17 19:06:00,0001096906-23-000409,US GAAP 2022,"Produced by EDGARsuite software, Advanced Computer Innovations, Inc., Copyright (C) 2008-2022 [PPXK5GW761L0VGXA5UT0]. www.edgarsuite.com",10-Q,http://www.sec.gov/Archives/edgar/data/1355677/000109690623000409/mxsg-20221231.htm,2023-02-21,2023,549801,https://www.sec.gov/Archives/edgar/data/1355677/000109690623000409/0001096906-23-000409-index.htm,1040,10q-mxsg-20221231
DQC.US.0123.9583,"2023-02-21 12:41:41,263 [DQC.US.0123.9583] The company has reported a value for us-gaap:StockholdersEquity with the axis StatementClassOfStockAxis with a value of 1,000 to represent the monetary value of the class of stock in equity. This fact however when used in the Statement of Shareholders Equity must include the Component of Equity and associated member indicating if it is preferred stock, common stock or treasury stock. This error could occur because the filer has either 1) used the incorrect element or 2) has NOT included the Statement Equity Components Axis with the Common Stock or Preferred Stock member on the fact. 

The filer should either add the Statement Equity Components Axis and respective stock member in addition to the class of stock axis to the fact, or change the element name from us-gaap:StockholdersEquity to the appropriate element if the value is not included in Stockholders Equity.

Element : us-gaap:StockholdersEquity
Period : 2022-09-30 
Dimensions : us-gaap:StatementClassOfStockAxis=fil:SeriesAConvertibleMember

Rule Element Id:9583
Rule version: 20.0.2 - mxsg-20221231.htm 2586",2023-02-21,ERROR,DQC,123,1355677,Mexus Gold us,2023-02-17 19:06:00,0001096906-23-000409,US GAAP 2022,"Produced by EDGARsuite software, Advanced Computer Innovations, Inc., Copyright (C) 2008-2022 [PPXK5GW761L0VGXA5UT0]. www.edgarsuite.com",10-Q,http://www.sec.gov/Archives/edgar/data/1355677/000109690623000409/mxsg-20221231.htm,2023-02-21,2023,549801,https://www.sec.gov/Archives/edgar/data/1355677/000109690623000409/0001096906-23-000409-index.htm,1040,10q-mxsg-20221231
DQC.US.0123.9583,"2023-02-21 12:41:41,263 [DQC.US.0123.9583] The company has reported a value for us-gaap:StockholdersEquity with the axis StatementClassOfStockAxis with a value of 296,772 to represent the monetary value of the class of stock in equity. This fact however when used in the Statement of Shareholders Equity must include the Component of Equity and associated member indicating if it is preferred stock, common stock or treasury stock. This error could occur because the filer has either 1) used the incorrect element or 2) has NOT included the Statement Equity Components Axis with the Common Stock or Preferred Stock member on the fact. 

The filer should either add the Statement Equity Components Axis and respective stock member in addition to the class of stock axis to the fact, or change the element name from us-gaap:StockholdersEquity to the appropriate element if the value is not included in Stockholders Equity.

Element : us-gaap:StockholdersEquity
Period : 2021-09-30 
Dimensions : us-gaap:StatementClassOfStockAxis=fil:SubscriptionPayableMember

Rule Element Id:9583
Rule version: 20.0.2 - mxsg-20221231.htm 2906",2023-02-21,ERROR,DQC,123,1355677,Mexus Gold us,2023-02-17 19:06:00,0001096906-23-000409,US GAAP 2022,"Produced by EDGARsuite software, Advanced Computer Innovations, Inc., Copyright (C) 2008-2022 [PPXK5GW761L0VGXA5UT0]. www.edgarsuite.com",10-Q,http://www.sec.gov/Archives/edgar/data/1355677/000109690623000409/mxsg-20221231.htm,2023-02-21,2023,549801,https://www.sec.gov/Archives/edgar/data/1355677/000109690623000409/0001096906-23-000409-index.htm,1040,10q-mxsg-20221231
DQC.US.0123.9583,"2023-02-21 12:41:41,264 [DQC.US.0123.9583] The company has reported a value for us-gaap:StockholdersEquity with the axis StatementClassOfStockAxis with a value of 1,000 to represent the monetary value of the class of stock in equity. This fact however when used in the Statement of Shareholders Equity must include the Component of Equity and associated member indicating if it is preferred stock, common stock or treasury stock. This error could occur because the filer has either 1) used the incorrect element or 2) has NOT included the Statement Equity Components Axis with the Common Stock or Preferred Stock member on the fact. 

The filer should either add the Statement Equity Components Axis and respective stock member in addition to the class of stock axis to the fact, or change the element name from us-gaap:StockholdersEquity to the appropriate element if the value is not included in Stockholders Equity.

Element : us-gaap:StockholdersEquity
Period : 2021-09-30 
Dimensions : us-gaap:StatementClassOfStockAxis=fil:SeriesAConvertibleMember

Rule Element Id:9583
Rule version: 20.0.2 - mxsg-20221231.htm 2902",2023-02-21,ERROR,DQC,123,1355677,Mexus Gold us,2023-02-17 19:06:00,0001096906-23-000409,US GAAP 2022,"Produced by EDGARsuite software, Advanced Computer Innovations, Inc., Copyright (C) 2008-2022 [PPXK5GW761L0VGXA5UT0]. www.edgarsuite.com",10-Q,http://www.sec.gov/Archives/edgar/data/1355677/000109690623000409/mxsg-20221231.htm,2023-02-21,2023,549801,https://www.sec.gov/Archives/edgar/data/1355677/000109690623000409/0001096906-23-000409-index.htm,1040,10q-mxsg-20221231
DQC.US.0123.9583,"2023-04-01 15:48:10,985 [DQC.US.0123.9583] The company has reported a value for us-gaap:StockholdersEquityIncludingPortionAttributableToNoncontrollingInterest with the axis StatementClassOfStockAxis with a value of 40,000 to represent the monetary value of the class of stock in equity. This fact however when used in the Statement of Shareholders Equity must include the Component of Equity and associated member indicating if it is preferred stock, common stock or treasury stock. This error could occur because the filer has either 1) used the incorrect element or 2) has NOT included the Statement Equity Components Axis with the Common Stock or Preferred Stock member on the fact. 

The filer should either add the Statement Equity Components Axis and respective stock member in addition to the class of stock axis to the fact, or change the element name from us-gaap:StockholdersEquityIncludingPortionAttributableToNoncontrollingInterest to the appropriate element if the value is not included in Stockholders Equity.

Element : us-gaap:StockholdersEquityIncludingPortionAttributableToNoncontrollingInterest
Period : 2020-12-31 
Dimensions : us-gaap:StatementClassOfStockAxis=us-gaap:SeriesAPreferredStockMember

Rule Element Id:9583
Rule version: 20.0.3 - grst_10k.htm 4200",2023-04-01,ERROR,DQC,123,792935,ETHEMA HEALTH CORPORATION.,2023-03-31 16:51:00,0001903596-23-000263,US GAAP 2022,Novaworks,10-K,http://www.sec.gov/Archives/edgar/data/792935/000190359623000263/grst_10k.htm,2023-03-31,2023,565537,https://www.sec.gov/Archives/edgar/data/792935/000190359623000263/0001903596-23-000263-index.htm,8062,10k-grst-20221231
DQC.US.0123.9583,"2023-04-01 15:48:10,986 [DQC.US.0123.9583] The company has reported a value for us-gaap:StockholdersEquityIncludingPortionAttributableToNoncontrollingInterest with the axis StatementClassOfStockAxis with a value of 40,000 to represent the monetary value of the class of stock in equity. This fact however when used in the Statement of Shareholders Equity must include the Component of Equity and associated member indicating if it is preferred stock, common stock or treasury stock. This error could occur because the filer has either 1) used the incorrect element or 2) has NOT included the Statement Equity Components Axis with the Common Stock or Preferred Stock member on the fact. 

The filer should either add the Statement Equity Components Axis and respective stock member in addition to the class of stock axis to the fact, or change the element name from us-gaap:StockholdersEquityIncludingPortionAttributableToNoncontrollingInterest to the appropriate element if the value is not included in Stockholders Equity.

Element : us-gaap:StockholdersEquityIncludingPortionAttributableToNoncontrollingInterest
Period : 2021-12-31 
Dimensions : us-gaap:StatementClassOfStockAxis=us-gaap:SeriesAPreferredStockMember

Rule Element Id:9583
Rule version: 20.0.3 - grst_10k.htm 4664",2023-04-01,ERROR,DQC,123,792935,ETHEMA HEALTH CORPORATION.,2023-03-31 16:51:00,0001903596-23-000263,US GAAP 2022,Novaworks,10-K,http://www.sec.gov/Archives/edgar/data/792935/000190359623000263/grst_10k.htm,2023-03-31,2023,565537,https://www.sec.gov/Archives/edgar/data/792935/000190359623000263/0001903596-23-000263-index.htm,8062,10k-grst-20221231
DQC.US.0123.9583,"2023-04-01 15:48:10,986 [DQC.US.0123.9583] The company has reported a value for us-gaap:StockholdersEquityIncludingPortionAttributableToNoncontrollingInterest with the axis StatementClassOfStockAxis with a value of 40,000 to represent the monetary value of the class of stock in equity. This fact however when used in the Statement of Shareholders Equity must include the Component of Equity and associated member indicating if it is preferred stock, common stock or treasury stock. This error could occur because the filer has either 1) used the incorrect element or 2) has NOT included the Statement Equity Components Axis with the Common Stock or Preferred Stock member on the fact. 

The filer should either add the Statement Equity Components Axis and respective stock member in addition to the class of stock axis to the fact, or change the element name from us-gaap:StockholdersEquityIncludingPortionAttributableToNoncontrollingInterest to the appropriate element if the value is not included in Stockholders Equity.

Element : us-gaap:StockholdersEquityIncludingPortionAttributableToNoncontrollingInterest
Period : 2022-12-31 
Dimensions : us-gaap:StatementClassOfStockAxis=us-gaap:SeriesAPreferredStockMember

Rule Element Id:9583
Rule version: 20.0.3 - grst_10k.htm 4958",2023-04-01,ERROR,DQC,123,792935,ETHEMA HEALTH CORPORATION.,2023-03-31 16:51:00,0001903596-23-000263,US GAAP 2022,Novaworks,10-K,http://www.sec.gov/Archives/edgar/data/792935/000190359623000263/grst_10k.htm,2023-03-31,2023,565537,https://www.sec.gov/Archives/edgar/data/792935/000190359623000263/0001903596-23-000263-index.htm,8062,10k-grst-20221231
DQC.US.0123.9583,"2023-05-22 18:19:04,253 [DQC.US.0123.9583] The company has reported a value for us-gaap:StockholdersEquity with the axis StatementClassOfStockAxis with a value of 40,000 to represent the monetary value of the class of stock in equity. This fact however when used in the Statement of Shareholders Equity must include the Component of Equity and associated member indicating if it is preferred stock, common stock or treasury stock. This error could occur because the filer has either 1) used the incorrect element or 2) has NOT included the Statement Equity Components Axis with the Common Stock or Preferred Stock member on the fact. 

The filer should either add the Statement Equity Components Axis and respective stock member in addition to the class of stock axis to the fact, or change the element name from us-gaap:StockholdersEquity to the appropriate element if the value is not included in Stockholders Equity.

Element : us-gaap:StockholdersEquity
Period : 2023-03-31 
Dimensions : us-gaap:StatementClassOfStockAxis=us-gaap:PreferredClassAMember

Rule Element Id:9583
Rule version: 20.0.6 - grst_10q.htm 2206",2023-05-22,ERROR,DQC,123,792935,ETHEMA HEALTH CORPORATION.,2023-05-22 16:46:00,0001903596-23-000455,US GAAP 2022,Novaworks,10-Q,http://www.sec.gov/Archives/edgar/data/792935/000190359623000455/grst_10q.htm,2023-05-22,2023,587936,https://www.sec.gov/Archives/edgar/data/792935/000190359623000455/0001903596-23-000455-index.htm,8062,10q-grst-20230331
DQC.US.0123.9583,"2023-05-22 18:19:04,254 [DQC.US.0123.9583] The company has reported a value for us-gaap:StockholdersEquity with the axis StatementClassOfStockAxis with a value of 40,000 to represent the monetary value of the class of stock in equity. This fact however when used in the Statement of Shareholders Equity must include the Component of Equity and associated member indicating if it is preferred stock, common stock or treasury stock. This error could occur because the filer has either 1) used the incorrect element or 2) has NOT included the Statement Equity Components Axis with the Common Stock or Preferred Stock member on the fact. 

The filer should either add the Statement Equity Components Axis and respective stock member in addition to the class of stock axis to the fact, or change the element name from us-gaap:StockholdersEquity to the appropriate element if the value is not included in Stockholders Equity.

Element : us-gaap:StockholdersEquity
Period : 2021-12-31 
Dimensions : us-gaap:StatementClassOfStockAxis=us-gaap:PreferredClassAMember

Rule Element Id:9583
Rule version: 20.0.6 - grst_10q.htm 2242",2023-05-22,ERROR,DQC,123,792935,ETHEMA HEALTH CORPORATION.,2023-05-22 16:46:00,0001903596-23-000455,US GAAP 2022,Novaworks,10-Q,http://www.sec.gov/Archives/edgar/data/792935/000190359623000455/grst_10q.htm,2023-05-22,2023,587936,https://www.sec.gov/Archives/edgar/data/792935/000190359623000455/0001903596-23-000455-index.htm,8062,10q-grst-20230331
DQC.US.0123.9583,"2023-05-22 18:19:04,254 [DQC.US.0123.9583] The company has reported a value for us-gaap:StockholdersEquity with the axis StatementClassOfStockAxis with a value of 40,000 to represent the monetary value of the class of stock in equity. This fact however when used in the Statement of Shareholders Equity must include the Component of Equity and associated member indicating if it is preferred stock, common stock or treasury stock. This error could occur because the filer has either 1) used the incorrect element or 2) has NOT included the Statement Equity Components Axis with the Common Stock or Preferred Stock member on the fact. 

The filer should either add the Statement Equity Components Axis and respective stock member in addition to the class of stock axis to the fact, or change the element name from us-gaap:StockholdersEquity to the appropriate element if the value is not included in Stockholders Equity.

Element : us-gaap:StockholdersEquity
Period : 2022-03-31 
Dimensions : us-gaap:StatementClassOfStockAxis=us-gaap:PreferredClassAMember

Rule Element Id:9583
Rule version: 20.0.6 - grst_10q.htm 2302",2023-05-22,ERROR,DQC,123,792935,ETHEMA HEALTH CORPORATION.,2023-05-22 16:46:00,0001903596-23-000455,US GAAP 2022,Novaworks,10-Q,http://www.sec.gov/Archives/edgar/data/792935/000190359623000455/grst_10q.htm,2023-05-22,2023,587936,https://www.sec.gov/Archives/edgar/data/792935/000190359623000455/0001903596-23-000455-index.htm,8062,10q-grst-20230331
DQC.US.0123.9583,"2023-05-22 18:19:04,255 [DQC.US.0123.9583] The company has reported a value for us-gaap:StockholdersEquity with the axis StatementClassOfStockAxis with a value of 40,000 to represent the monetary value of the class of stock in equity. This fact however when used in the Statement of Shareholders Equity must include the Component of Equity and associated member indicating if it is preferred stock, common stock or treasury stock. This error could occur because the filer has either 1) used the incorrect element or 2) has NOT included the Statement Equity Components Axis with the Common Stock or Preferred Stock member on the fact. 

The filer should either add the Statement Equity Components Axis and respective stock member in addition to the class of stock axis to the fact, or change the element name from us-gaap:StockholdersEquity to the appropriate element if the value is not included in Stockholders Equity.

Element : us-gaap:StockholdersEquity
Period : 2022-12-31 
Dimensions : us-gaap:StatementClassOfStockAxis=us-gaap:PreferredClassAMember

Rule Element Id:9583
Rule version: 20.0.6 - grst_10q.htm 2158",2023-05-22,ERROR,DQC,123,792935,ETHEMA HEALTH CORPORATION.,2023-05-22 16:46:00,0001903596-23-000455,US GAAP 2022,Novaworks,10-Q,http://www.sec.gov/Archives/edgar/data/792935/000190359623000455/grst_10q.htm,2023-05-22,2023,587936,https://www.sec.gov/Archives/edgar/data/792935/000190359623000455/0001903596-23-000455-index.htm,8062,10q-grst-20230331
DQC.US.0123.9583,"2023-08-21 17:34:36,580 [DQC.US.0123.9583] The company has reported a value for us-gaap:StockholdersEquity with the axis StatementClassOfStockAxis with a value of 40,000 to represent the monetary value of the class of stock in equity. This fact however when used in the Statement of Shareholders Equity must include the Component of Equity and associated member indicating if it is preferred stock, common stock or treasury stock. This error could occur because the filer has either 1) used the incorrect element or 2) has NOT included the Statement Equity Components Axis with the Common Stock or Preferred Stock member on the fact. 

The filer should either add the Statement Equity Components Axis and respective stock member in addition to the class of stock axis to the fact, or change the element name from us-gaap:StockholdersEquity to the appropriate element if the value is not included in Stockholders Equity.

Element : us-gaap:StockholdersEquity
Period : 2023-06-30 
Dimensions : us-gaap:StatementClassOfStockAxis=us-gaap:SeriesAPreferredStockMember

Rule Element Id:9583
Rule version: 21.0.6 - grst_10q.htm 3644",2023-08-21,ERROR,DQC,123,792935,ETHEMA HEALTH CORPORATION.,2023-08-21 16:37:00,0001903596-23-000646,US GAAP 2022,Novaworks,10-Q,http://www.sec.gov/Archives/edgar/data/792935/000190359623000646/grst_10q.htm,2023-08-21,2023,616082,https://www.sec.gov/Archives/edgar/data/792935/000190359623000646/0001903596-23-000646-index.htm,8062,10q-grst-20230630
DQC.US.0123.9583,"2023-08-21 17:34:36,581 [DQC.US.0123.9583] The company has reported a value for us-gaap:StockholdersEquity with the axis StatementClassOfStockAxis with a value of 40,000 to represent the monetary value of the class of stock in equity. This fact however when used in the Statement of Shareholders Equity must include the Component of Equity and associated member indicating if it is preferred stock, common stock or treasury stock. This error could occur because the filer has either 1) used the incorrect element or 2) has NOT included the Statement Equity Components Axis with the Common Stock or Preferred Stock member on the fact. 

The filer should either add the Statement Equity Components Axis and respective stock member in addition to the class of stock axis to the fact, or change the element name from us-gaap:StockholdersEquity to the appropriate element if the value is not included in Stockholders Equity.

Element : us-gaap:StockholdersEquity
Period : 2021-12-31 
Dimensions : us-gaap:StatementClassOfStockAxis=us-gaap:SeriesAPreferredStockMember

Rule Element Id:9583
Rule version: 21.0.6 - grst_10q.htm 3732",2023-08-21,ERROR,DQC,123,792935,ETHEMA HEALTH CORPORATION.,2023-08-21 16:37:00,0001903596-23-000646,US GAAP 2022,Novaworks,10-Q,http://www.sec.gov/Archives/edgar/data/792935/000190359623000646/grst_10q.htm,2023-08-21,2023,616082,https://www.sec.gov/Archives/edgar/data/792935/000190359623000646/0001903596-23-000646-index.htm,8062,10q-grst-20230630
DQC.US.0123.9583,"2023-08-21 17:34:36,581 [DQC.US.0123.9583] The company has reported a value for us-gaap:StockholdersEquity with the axis StatementClassOfStockAxis with a value of 40,000 to represent the monetary value of the class of stock in equity. This fact however when used in the Statement of Shareholders Equity must include the Component of Equity and associated member indicating if it is preferred stock, common stock or treasury stock. This error could occur because the filer has either 1) used the incorrect element or 2) has NOT included the Statement Equity Components Axis with the Common Stock or Preferred Stock member on the fact. 

The filer should either add the Statement Equity Components Axis and respective stock member in addition to the class of stock axis to the fact, or change the element name from us-gaap:StockholdersEquity to the appropriate element if the value is not included in Stockholders Equity.

Element : us-gaap:StockholdersEquity
Period : 2022-03-31 
Dimensions : us-gaap:StatementClassOfStockAxis=us-gaap:SeriesAPreferredStockMember

Rule Element Id:9583
Rule version: 21.0.6 - grst_10q.htm 3942",2023-08-21,ERROR,DQC,123,792935,ETHEMA HEALTH CORPORATION.,2023-08-21 16:37:00,0001903596-23-000646,US GAAP 2022,Novaworks,10-Q,http://www.sec.gov/Archives/edgar/data/792935/000190359623000646/grst_10q.htm,2023-08-21,2023,616082,https://www.sec.gov/Archives/edgar/data/792935/000190359623000646/0001903596-23-000646-index.htm,8062,10q-grst-20230630
DQC.US.0123.9583,"2023-08-21 17:34:36,581 [DQC.US.0123.9583] The company has reported a value for us-gaap:StockholdersEquity with the axis StatementClassOfStockAxis with a value of 40,000 to represent the monetary value of the class of stock in equity. This fact however when used in the Statement of Shareholders Equity must include the Component of Equity and associated member indicating if it is preferred stock, common stock or treasury stock. This error could occur because the filer has either 1) used the incorrect element or 2) has NOT included the Statement Equity Components Axis with the Common Stock or Preferred Stock member on the fact. 

The filer should either add the Statement Equity Components Axis and respective stock member in addition to the class of stock axis to the fact, or change the element name from us-gaap:StockholdersEquity to the appropriate element if the value is not included in Stockholders Equity.

Element : us-gaap:StockholdersEquity
Period : 2023-03-31 
Dimensions : us-gaap:StatementClassOfStockAxis=us-gaap:SeriesAPreferredStockMember

Rule Element Id:9583
Rule version: 21.0.6 - grst_10q.htm 3392",2023-08-21,ERROR,DQC,123,792935,ETHEMA HEALTH CORPORATION.,2023-08-21 16:37:00,0001903596-23-000646,US GAAP 2022,Novaworks,10-Q,http://www.sec.gov/Archives/edgar/data/792935/000190359623000646/grst_10q.htm,2023-08-21,2023,616082,https://www.sec.gov/Archives/edgar/data/792935/000190359623000646/0001903596-23-000646-index.htm,8062,10q-grst-20230630
DQC.US.0123.9583,"2023-08-21 17:34:36,582 [DQC.US.0123.9583] The company has reported a value for us-gaap:StockholdersEquity with the axis StatementClassOfStockAxis with a value of 40,000 to represent the monetary value of the class of stock in equity. This fact however when used in the Statement of Shareholders Equity must include the Component of Equity and associated member indicating if it is preferred stock, common stock or treasury stock. This error could occur because the filer has either 1) used the incorrect element or 2) has NOT included the Statement Equity Components Axis with the Common Stock or Preferred Stock member on the fact. 

The filer should either add the Statement Equity Components Axis and respective stock member in addition to the class of stock axis to the fact, or change the element name from us-gaap:StockholdersEquity to the appropriate element if the value is not included in Stockholders Equity.

Element : us-gaap:StockholdersEquity
Period : 2022-06-30 
Dimensions : us-gaap:StatementClassOfStockAxis=us-gaap:SeriesAPreferredStockMember

Rule Element Id:9583
Rule version: 21.0.6 - grst_10q.htm 4110",2023-08-21,ERROR,DQC,123,792935,ETHEMA HEALTH CORPORATION.,2023-08-21 16:37:00,0001903596-23-000646,US GAAP 2022,Novaworks,10-Q,http://www.sec.gov/Archives/edgar/data/792935/000190359623000646/grst_10q.htm,2023-08-21,2023,616082,https://www.sec.gov/Archives/edgar/data/792935/000190359623000646/0001903596-23-000646-index.htm,8062,10q-grst-20230630
DQC.US.0123.9583,"2023-08-21 17:34:36,582 [DQC.US.0123.9583] The company has reported a value for us-gaap:StockholdersEquity with the axis StatementClassOfStockAxis with a value of 40,000 to represent the monetary value of the class of stock in equity. This fact however when used in the Statement of Shareholders Equity must include the Component of Equity and associated member indicating if it is preferred stock, common stock or treasury stock. This error could occur because the filer has either 1) used the incorrect element or 2) has NOT included the Statement Equity Components Axis with the Common Stock or Preferred Stock member on the fact. 

The filer should either add the Statement Equity Components Axis and respective stock member in addition to the class of stock axis to the fact, or change the element name from us-gaap:StockholdersEquity to the appropriate element if the value is not included in Stockholders Equity.

Element : us-gaap:StockholdersEquity
Period : 2022-12-31 
Dimensions : us-gaap:StatementClassOfStockAxis=us-gaap:SeriesAPreferredStockMember

Rule Element Id:9583
Rule version: 21.0.6 - grst_10q.htm 3224",2023-08-21,ERROR,DQC,123,792935,ETHEMA HEALTH CORPORATION.,2023-08-21 16:37:00,0001903596-23-000646,US GAAP 2022,Novaworks,10-Q,http://www.sec.gov/Archives/edgar/data/792935/000190359623000646/grst_10q.htm,2023-08-21,2023,616082,https://www.sec.gov/Archives/edgar/data/792935/000190359623000646/0001903596-23-000646-index.htm,8062,10q-grst-20230630
DQC.US.0123.9583,"2023-12-22 13:16:48,790 [DQC.US.0123.9583] The company has reported a value for us-gaap:StockholdersEquity with the axis StatementClassOfStockAxis with a value of 0 to represent the monetary value of the class of stock in equity. This fact however when used in the Statement of Shareholders Equity must include the Component of Equity and associated member indicating if it is preferred stock, common stock or treasury stock. This error could occur because the filer has either 1) used the incorrect element or 2) has NOT included the Statement Equity Components Axis with the Common Stock or Preferred Stock member on the fact. 

The filer should either add the Statement Equity Components Axis and respective stock member in addition to the class of stock axis to the fact, or change the element name from us-gaap:StockholdersEquity to the appropriate element if the value is not included in Stockholders Equity.

Element : us-gaap:StockholdersEquity
Period : 2008-03-26 
Dimensions : us-gaap:StatementClassOfStockAxis=us-gaap:SeriesAPreferredStockMember

Rule Element Id:9583
Rule version: 22.0.3 - sitsf_10q.htm 1",2023-12-22,ERROR,DQC,123,1468978,"SOUTHERN ITS INTERNATIONAL, INC.",2023-12-22 12:46:00,0001477932-23-009311,US GAAP 2023,XBRL Document Created with XBRLMaster,10-Q,http://www.sec.gov/Archives/edgar/data/1468978/000147793223009311/sitsf_10q.htm,2023-12-22,2023,663874,https://www.sec.gov/Archives/edgar/data/1468978/000147793223009311/0001477932-23-009311-index.htm,7372,10q-sits-20160630
DQC.US.0123.9583,"2023-12-22 13:16:48,790 [DQC.US.0123.9583] The company has reported a value for us-gaap:StockholdersEquity with the axis StatementClassOfStockAxis with a value of -2,862,280 to represent the monetary value of the class of stock in equity. This fact however when used in the Statement of Shareholders Equity must include the Component of Equity and associated member indicating if it is preferred stock, common stock or treasury stock. This error could occur because the filer has either 1) used the incorrect element or 2) has NOT included the Statement Equity Components Axis with the Common Stock or Preferred Stock member on the fact. 

The filer should either add the Statement Equity Components Axis and respective stock member in addition to the class of stock axis to the fact, or change the element name from us-gaap:StockholdersEquity to the appropriate element if the value is not included in Stockholders Equity.

Element : us-gaap:StockholdersEquity
Period : 2016-03-31 
Dimensions : us-gaap:StatementClassOfStockAxis=us-gaap:SeriesAPreferredStockMember

Rule Element Id:9583
Rule version: 22.0.3 - sitsf_10q.htm 1",2023-12-22,ERROR,DQC,123,1468978,"SOUTHERN ITS INTERNATIONAL, INC.",2023-12-22 12:46:00,0001477932-23-009311,US GAAP 2023,XBRL Document Created with XBRLMaster,10-Q,http://www.sec.gov/Archives/edgar/data/1468978/000147793223009311/sitsf_10q.htm,2023-12-22,2023,663874,https://www.sec.gov/Archives/edgar/data/1468978/000147793223009311/0001477932-23-009311-index.htm,7372,10q-sits-20160630
DQC.US.0123.9583,"2023-12-22 13:16:48,791 [DQC.US.0123.9583] The company has reported a value for us-gaap:StockholdersEquity with the axis StatementClassOfStockAxis with a value of 2,704,979 to represent the monetary value of the class of stock in equity. This fact however when used in the Statement of Shareholders Equity must include the Component of Equity and associated member indicating if it is preferred stock, common stock or treasury stock. This error could occur because the filer has either 1) used the incorrect element or 2) has NOT included the Statement Equity Components Axis with the Common Stock or Preferred Stock member on the fact. 

The filer should either add the Statement Equity Components Axis and respective stock member in addition to the class of stock axis to the fact, or change the element name from us-gaap:StockholdersEquity to the appropriate element if the value is not included in Stockholders Equity.

Element : us-gaap:StockholdersEquity
Period : 2016-06-30 
Dimensions : us-gaap:StatementClassOfStockAxis=us-gaap:SeriesAPreferredStockMember

Rule Element Id:9583
Rule version: 22.0.3 - sitsf_10q.htm 1",2023-12-22,ERROR,DQC,123,1468978,"SOUTHERN ITS INTERNATIONAL, INC.",2023-12-22 12:46:00,0001477932-23-009311,US GAAP 2023,XBRL Document Created with XBRLMaster,10-Q,http://www.sec.gov/Archives/edgar/data/1468978/000147793223009311/sitsf_10q.htm,2023-12-22,2023,663874,https://www.sec.gov/Archives/edgar/data/1468978/000147793223009311/0001477932-23-009311-index.htm,7372,10q-sits-20160630
DQC.US.0123.9583,"2023-11-20 19:27:11,107 [DQC.US.0123.9583] The company has reported a value for us-gaap:StockholdersEquity with the axis StatementClassOfStockAxis with a value of 451 to represent the monetary value of the class of stock in equity. This fact however when used in the Statement of Shareholders Equity must include the Component of Equity and associated member indicating if it is preferred stock, common stock or treasury stock. This error could occur because the filer has either 1) used the incorrect element or 2) has NOT included the Statement Equity Components Axis with the Common Stock or Preferred Stock member on the fact. 

The filer should either add the Statement Equity Components Axis and respective stock member in addition to the class of stock axis to the fact, or change the element name from us-gaap:StockholdersEquity to the appropriate element if the value is not included in Stockholders Equity.

Element : us-gaap:StockholdersEquity
Period : 2021-12-31 
Dimensions : us-gaap:StatementClassOfStockAxis=us-gaap:CommonClassBMember

Rule Element Id:9583
Rule version: 22.0.1 - g086850_10q.htm 3503",2023-11-21,ERROR,DQC,123,1849902,SEP ACQUISITION CORP.,2023-11-20 17:28:00,0001753926-23-001505,US GAAP 2023,Novaworks,10-Q,http://www.sec.gov/Archives/edgar/data/1849902/000175392623001505/g086850_10q.htm,2023-11-20,2023,656914,https://www.sec.gov/Archives/edgar/data/1849902/000175392623001505/0001753926-23-001505-index.htm,3841,10q-meac-20230930
DQC.US.0123.9583,"2023-11-20 19:27:11,108 [DQC.US.0123.9583] The company has reported a value for us-gaap:StockholdersEquity with the axis StatementClassOfStockAxis with a value of 451 to represent the monetary value of the class of stock in equity. This fact however when used in the Statement of Shareholders Equity must include the Component of Equity and associated member indicating if it is preferred stock, common stock or treasury stock. This error could occur because the filer has either 1) used the incorrect element or 2) has NOT included the Statement Equity Components Axis with the Common Stock or Preferred Stock member on the fact. 

The filer should either add the Statement Equity Components Axis and respective stock member in addition to the class of stock axis to the fact, or change the element name from us-gaap:StockholdersEquity to the appropriate element if the value is not included in Stockholders Equity.

Element : us-gaap:StockholdersEquity
Period : 2022-03-31 
Dimensions : us-gaap:StatementClassOfStockAxis=us-gaap:CommonClassBMember

Rule Element Id:9583
Rule version: 22.0.1 - g086850_10q.htm 3530",2023-11-21,ERROR,DQC,123,1849902,SEP ACQUISITION CORP.,2023-11-20 17:28:00,0001753926-23-001505,US GAAP 2023,Novaworks,10-Q,http://www.sec.gov/Archives/edgar/data/1849902/000175392623001505/g086850_10q.htm,2023-11-20,2023,656914,https://www.sec.gov/Archives/edgar/data/1849902/000175392623001505/0001753926-23-001505-index.htm,3841,10q-meac-20230930
DQC.US.0123.9583,"2023-11-20 19:27:11,108 [DQC.US.0123.9583] The company has reported a value for us-gaap:StockholdersEquity with the axis StatementClassOfStockAxis with a value of 451 to represent the monetary value of the class of stock in equity. This fact however when used in the Statement of Shareholders Equity must include the Component of Equity and associated member indicating if it is preferred stock, common stock or treasury stock. This error could occur because the filer has either 1) used the incorrect element or 2) has NOT included the Statement Equity Components Axis with the Common Stock or Preferred Stock member on the fact. 

The filer should either add the Statement Equity Components Axis and respective stock member in addition to the class of stock axis to the fact, or change the element name from us-gaap:StockholdersEquity to the appropriate element if the value is not included in Stockholders Equity.

Element : us-gaap:StockholdersEquity
Period : 2022-12-31 
Dimensions : us-gaap:StatementClassOfStockAxis=us-gaap:CommonClassBMember

Rule Element Id:9583
Rule version: 22.0.1 - g086850_10q.htm 3331",2023-11-21,ERROR,DQC,123,1849902,SEP ACQUISITION CORP.,2023-11-20 17:28:00,0001753926-23-001505,US GAAP 2023,Novaworks,10-Q,http://www.sec.gov/Archives/edgar/data/1849902/000175392623001505/g086850_10q.htm,2023-11-20,2023,656914,https://www.sec.gov/Archives/edgar/data/1849902/000175392623001505/0001753926-23-001505-index.htm,3841,10q-meac-20230930
DQC.US.0123.9583,"2023-11-20 19:27:11,109 [DQC.US.0123.9583] The company has reported a value for us-gaap:StockholdersEquity with the axis StatementClassOfStockAxis with a value of 451 to represent the monetary value of the class of stock in equity. This fact however when used in the Statement of Shareholders Equity must include the Component of Equity and associated member indicating if it is preferred stock, common stock or treasury stock. This error could occur because the filer has either 1) used the incorrect element or 2) has NOT included the Statement Equity Components Axis with the Common Stock or Preferred Stock member on the fact. 

The filer should either add the Statement Equity Components Axis and respective stock member in addition to the class of stock axis to the fact, or change the element name from us-gaap:StockholdersEquity to the appropriate element if the value is not included in Stockholders Equity.

Element : us-gaap:StockholdersEquity
Period : 2022-09-30 
Dimensions : us-gaap:StatementClassOfStockAxis=us-gaap:CommonClassBMember

Rule Element Id:9583
Rule version: 22.0.1 - g086850_10q.htm 3584",2023-11-21,ERROR,DQC,123,1849902,SEP ACQUISITION CORP.,2023-11-20 17:28:00,0001753926-23-001505,US GAAP 2023,Novaworks,10-Q,http://www.sec.gov/Archives/edgar/data/1849902/000175392623001505/g086850_10q.htm,2023-11-20,2023,656914,https://www.sec.gov/Archives/edgar/data/1849902/000175392623001505/0001753926-23-001505-index.htm,3841,10q-meac-20230930
DQC.US.0123.9583,"2023-11-20 19:27:11,109 [DQC.US.0123.9583] The company has reported a value for us-gaap:StockholdersEquity with the axis StatementClassOfStockAxis with a value of 451 to represent the monetary value of the class of stock in equity. This fact however when used in the Statement of Shareholders Equity must include the Component of Equity and associated member indicating if it is preferred stock, common stock or treasury stock. This error could occur because the filer has either 1) used the incorrect element or 2) has NOT included the Statement Equity Components Axis with the Common Stock or Preferred Stock member on the fact. 

The filer should either add the Statement Equity Components Axis and respective stock member in addition to the class of stock axis to the fact, or change the element name from us-gaap:StockholdersEquity to the appropriate element if the value is not included in Stockholders Equity.

Element : us-gaap:StockholdersEquity
Period : 2023-06-30 
Dimensions : us-gaap:StatementClassOfStockAxis=us-gaap:CommonClassBMember

Rule Element Id:9583
Rule version: 22.0.1 - g086850_10q.htm 3394",2023-11-21,ERROR,DQC,123,1849902,SEP ACQUISITION CORP.,2023-11-20 17:28:00,0001753926-23-001505,US GAAP 2023,Novaworks,10-Q,http://www.sec.gov/Archives/edgar/data/1849902/000175392623001505/g086850_10q.htm,2023-11-20,2023,656914,https://www.sec.gov/Archives/edgar/data/1849902/000175392623001505/0001753926-23-001505-index.htm,3841,10q-meac-20230930
DQC.US.0123.9583,"2023-11-20 19:27:11,109 [DQC.US.0123.9583] The company has reported a value for us-gaap:StockholdersEquity with the axis StatementClassOfStockAxis with a value of 451 to represent the monetary value of the class of stock in equity. This fact however when used in the Statement of Shareholders Equity must include the Component of Equity and associated member indicating if it is preferred stock, common stock or treasury stock. This error could occur because the filer has either 1) used the incorrect element or 2) has NOT included the Statement Equity Components Axis with the Common Stock or Preferred Stock member on the fact. 

The filer should either add the Statement Equity Components Axis and respective stock member in addition to the class of stock axis to the fact, or change the element name from us-gaap:StockholdersEquity to the appropriate element if the value is not included in Stockholders Equity.

Element : us-gaap:StockholdersEquity
Period : 2023-09-30 
Dimensions : us-gaap:StatementClassOfStockAxis=us-gaap:CommonClassBMember

Rule Element Id:9583
Rule version: 22.0.1 - g086850_10q.htm 3430",2023-11-21,ERROR,DQC,123,1849902,SEP ACQUISITION CORP.,2023-11-20 17:28:00,0001753926-23-001505,US GAAP 2023,Novaworks,10-Q,http://www.sec.gov/Archives/edgar/data/1849902/000175392623001505/g086850_10q.htm,2023-11-20,2023,656914,https://www.sec.gov/Archives/edgar/data/1849902/000175392623001505/0001753926-23-001505-index.htm,3841,10q-meac-20230930
DQC.US.0123.9583,"2023-11-20 19:27:11,110 [DQC.US.0123.9583] The company has reported a value for us-gaap:StockholdersEquity with the axis StatementClassOfStockAxis with a value of 451 to represent the monetary value of the class of stock in equity. This fact however when used in the Statement of Shareholders Equity must include the Component of Equity and associated member indicating if it is preferred stock, common stock or treasury stock. This error could occur because the filer has either 1) used the incorrect element or 2) has NOT included the Statement Equity Components Axis with the Common Stock or Preferred Stock member on the fact. 

The filer should either add the Statement Equity Components Axis and respective stock member in addition to the class of stock axis to the fact, or change the element name from us-gaap:StockholdersEquity to the appropriate element if the value is not included in Stockholders Equity.

Element : us-gaap:StockholdersEquity
Period : 2022-06-30 
Dimensions : us-gaap:StatementClassOfStockAxis=us-gaap:CommonClassBMember

Rule Element Id:9583
Rule version: 22.0.1 - g086850_10q.htm 3557",2023-11-21,ERROR,DQC,123,1849902,SEP ACQUISITION CORP.,2023-11-20 17:28:00,0001753926-23-001505,US GAAP 2023,Novaworks,10-Q,http://www.sec.gov/Archives/edgar/data/1849902/000175392623001505/g086850_10q.htm,2023-11-20,2023,656914,https://www.sec.gov/Archives/edgar/data/1849902/000175392623001505/0001753926-23-001505-index.htm,3841,10q-meac-20230930
DQC.US.0123.9583,"2023-11-20 19:27:11,110 [DQC.US.0123.9583] The company has reported a value for us-gaap:StockholdersEquity with the axis StatementClassOfStockAxis with a value of 451 to represent the monetary value of the class of stock in equity. This fact however when used in the Statement of Shareholders Equity must include the Component of Equity and associated member indicating if it is preferred stock, common stock or treasury stock. This error could occur because the filer has either 1) used the incorrect element or 2) has NOT included the Statement Equity Components Axis with the Common Stock or Preferred Stock member on the fact. 

The filer should either add the Statement Equity Components Axis and respective stock member in addition to the class of stock axis to the fact, or change the element name from us-gaap:StockholdersEquity to the appropriate element if the value is not included in Stockholders Equity.

Element : us-gaap:StockholdersEquity
Period : 2023-03-31 
Dimensions : us-gaap:StatementClassOfStockAxis=us-gaap:CommonClassBMember

Rule Element Id:9583
Rule version: 22.0.1 - g086850_10q.htm 3358",2023-11-21,ERROR,DQC,123,1849902,SEP ACQUISITION CORP.,2023-11-20 17:28:00,0001753926-23-001505,US GAAP 2023,Novaworks,10-Q,http://www.sec.gov/Archives/edgar/data/1849902/000175392623001505/g086850_10q.htm,2023-11-20,2023,656914,https://www.sec.gov/Archives/edgar/data/1849902/000175392623001505/0001753926-23-001505-index.htm,3841,10q-meac-20230930
DQC.US.0123.9583,"2023-11-20 19:04:17,352 [DQC.US.0123.9583] The company has reported a value for us-gaap:StockholdersEquity with the axis StatementClassOfStockAxis with a value of 40,000 to represent the monetary value of the class of stock in equity. This fact however when used in the Statement of Shareholders Equity must include the Component of Equity and associated member indicating if it is preferred stock, common stock or treasury stock. This error could occur because the filer has either 1) used the incorrect element or 2) has NOT included the Statement Equity Components Axis with the Common Stock or Preferred Stock member on the fact. 

The filer should either add the Statement Equity Components Axis and respective stock member in addition to the class of stock axis to the fact, or change the element name from us-gaap:StockholdersEquity to the appropriate element if the value is not included in Stockholders Equity.

Element : us-gaap:StockholdersEquity
Period : 2022-03-31 
Dimensions : us-gaap:StatementClassOfStockAxis=us-gaap:SeriesAPreferredStockMember

Rule Element Id:9583
Rule version: 22.0.1 - grst_10q.htm 3557",2023-11-21,ERROR,DQC,123,792935,ETHEMA HEALTH CORPORATION.,2023-11-20 16:55:00,0001903596-23-000912,US GAAP 2022,Novaworks,10-Q,http://www.sec.gov/Archives/edgar/data/792935/000190359623000912/grst_10q.htm,2023-11-20,2023,656910,https://www.sec.gov/Archives/edgar/data/792935/000190359623000912/0001903596-23-000912-index.htm,8062,10q-grst-20230930
DQC.US.0123.9583,"2023-11-20 19:04:17,352 [DQC.US.0123.9583] The company has reported a value for us-gaap:StockholdersEquity with the axis StatementClassOfStockAxis with a value of 40,000 to represent the monetary value of the class of stock in equity. This fact however when used in the Statement of Shareholders Equity must include the Component of Equity and associated member indicating if it is preferred stock, common stock or treasury stock. This error could occur because the filer has either 1) used the incorrect element or 2) has NOT included the Statement Equity Components Axis with the Common Stock or Preferred Stock member on the fact. 

The filer should either add the Statement Equity Components Axis and respective stock member in addition to the class of stock axis to the fact, or change the element name from us-gaap:StockholdersEquity to the appropriate element if the value is not included in Stockholders Equity.

Element : us-gaap:StockholdersEquity
Period : 2022-06-30 
Dimensions : us-gaap:StatementClassOfStockAxis=us-gaap:SeriesAPreferredStockMember

Rule Element Id:9583
Rule version: 22.0.1 - grst_10q.htm 3609",2023-11-21,ERROR,DQC,123,792935,ETHEMA HEALTH CORPORATION.,2023-11-20 16:55:00,0001903596-23-000912,US GAAP 2022,Novaworks,10-Q,http://www.sec.gov/Archives/edgar/data/792935/000190359623000912/grst_10q.htm,2023-11-20,2023,656910,https://www.sec.gov/Archives/edgar/data/792935/000190359623000912/0001903596-23-000912-index.htm,8062,10q-grst-20230930
DQC.US.0123.9583,"2023-11-20 19:04:17,353 [DQC.US.0123.9583] The company has reported a value for us-gaap:StockholdersEquity with the axis StatementClassOfStockAxis with a value of 40,000 to represent the monetary value of the class of stock in equity. This fact however when used in the Statement of Shareholders Equity must include the Component of Equity and associated member indicating if it is preferred stock, common stock or treasury stock. This error could occur because the filer has either 1) used the incorrect element or 2) has NOT included the Statement Equity Components Axis with the Common Stock or Preferred Stock member on the fact. 

The filer should either add the Statement Equity Components Axis and respective stock member in addition to the class of stock axis to the fact, or change the element name from us-gaap:StockholdersEquity to the appropriate element if the value is not included in Stockholders Equity.

Element : us-gaap:StockholdersEquity
Period : 2022-09-30 
Dimensions : us-gaap:StatementClassOfStockAxis=us-gaap:SeriesAPreferredStockMember

Rule Element Id:9583
Rule version: 22.0.1 - grst_10q.htm 3661",2023-11-21,ERROR,DQC,123,792935,ETHEMA HEALTH CORPORATION.,2023-11-20 16:55:00,0001903596-23-000912,US GAAP 2022,Novaworks,10-Q,http://www.sec.gov/Archives/edgar/data/792935/000190359623000912/grst_10q.htm,2023-11-20,2023,656910,https://www.sec.gov/Archives/edgar/data/792935/000190359623000912/0001903596-23-000912-index.htm,8062,10q-grst-20230930
DQC.US.0123.9583,"2023-11-20 19:04:17,353 [DQC.US.0123.9583] The company has reported a value for us-gaap:StockholdersEquity with the axis StatementClassOfStockAxis with a value of 40,000 to represent the monetary value of the class of stock in equity. This fact however when used in the Statement of Shareholders Equity must include the Component of Equity and associated member indicating if it is preferred stock, common stock or treasury stock. This error could occur because the filer has either 1) used the incorrect element or 2) has NOT included the Statement Equity Components Axis with the Common Stock or Preferred Stock member on the fact. 

The filer should either add the Statement Equity Components Axis and respective stock member in addition to the class of stock axis to the fact, or change the element name from us-gaap:StockholdersEquity to the appropriate element if the value is not included in Stockholders Equity.

Element : us-gaap:StockholdersEquity
Period : 2023-03-31 
Dimensions : us-gaap:StatementClassOfStockAxis=us-gaap:SeriesAPreferredStockMember

Rule Element Id:9583
Rule version: 22.0.1 - grst_10q.htm 3320",2023-11-21,ERROR,DQC,123,792935,ETHEMA HEALTH CORPORATION.,2023-11-20 16:55:00,0001903596-23-000912,US GAAP 2022,Novaworks,10-Q,http://www.sec.gov/Archives/edgar/data/792935/000190359623000912/grst_10q.htm,2023-11-20,2023,656910,https://www.sec.gov/Archives/edgar/data/792935/000190359623000912/0001903596-23-000912-index.htm,8062,10q-grst-20230930
DQC.US.0123.9583,"2023-11-20 19:04:17,353 [DQC.US.0123.9583] The company has reported a value for us-gaap:StockholdersEquity with the axis StatementClassOfStockAxis with a value of 40,000 to represent the monetary value of the class of stock in equity. This fact however when used in the Statement of Shareholders Equity must include the Component of Equity and associated member indicating if it is preferred stock, common stock or treasury stock. This error could occur because the filer has either 1) used the incorrect element or 2) has NOT included the Statement Equity Components Axis with the Common Stock or Preferred Stock member on the fact. 

The filer should either add the Statement Equity Components Axis and respective stock member in addition to the class of stock axis to the fact, or change the element name from us-gaap:StockholdersEquity to the appropriate element if the value is not included in Stockholders Equity.

Element : us-gaap:StockholdersEquity
Period : 2023-06-30 
Dimensions : us-gaap:StatementClassOfStockAxis=us-gaap:SeriesAPreferredStockMember

Rule Element Id:9583
Rule version: 22.0.1 - grst_10q.htm 3398",2023-11-21,ERROR,DQC,123,792935,ETHEMA HEALTH CORPORATION.,2023-11-20 16:55:00,0001903596-23-000912,US GAAP 2022,Novaworks,10-Q,http://www.sec.gov/Archives/edgar/data/792935/000190359623000912/grst_10q.htm,2023-11-20,2023,656910,https://www.sec.gov/Archives/edgar/data/792935/000190359623000912/0001903596-23-000912-index.htm,8062,10q-grst-20230930
DQC.US.0123.9583,"2023-11-20 19:04:17,354 [DQC.US.0123.9583] The company has reported a value for us-gaap:StockholdersEquity with the axis StatementClassOfStockAxis with a value of 40,000 to represent the monetary value of the class of stock in equity. This fact however when used in the Statement of Shareholders Equity must include the Component of Equity and associated member indicating if it is preferred stock, common stock or treasury stock. This error could occur because the filer has either 1) used the incorrect element or 2) has NOT included the Statement Equity Components Axis with the Common Stock or Preferred Stock member on the fact. 

The filer should either add the Statement Equity Components Axis and respective stock member in addition to the class of stock axis to the fact, or change the element name from us-gaap:StockholdersEquity to the appropriate element if the value is not included in Stockholders Equity.

Element : us-gaap:StockholdersEquity
Period : 2021-12-31 
Dimensions : us-gaap:StatementClassOfStockAxis=us-gaap:SeriesAPreferredStockMember

Rule Element Id:9583
Rule version: 22.0.1 - grst_10q.htm 3492",2023-11-21,ERROR,DQC,123,792935,ETHEMA HEALTH CORPORATION.,2023-11-20 16:55:00,0001903596-23-000912,US GAAP 2022,Novaworks,10-Q,http://www.sec.gov/Archives/edgar/data/792935/000190359623000912/grst_10q.htm,2023-11-20,2023,656910,https://www.sec.gov/Archives/edgar/data/792935/000190359623000912/0001903596-23-000912-index.htm,8062,10q-grst-20230930
DQC.US.0123.9583,"2023-11-20 19:04:17,354 [DQC.US.0123.9583] The company has reported a value for us-gaap:StockholdersEquity with the axis StatementClassOfStockAxis with a value of 40,000 to represent the monetary value of the class of stock in equity. This fact however when used in the Statement of Shareholders Equity must include the Component of Equity and associated member indicating if it is preferred stock, common stock or treasury stock. This error could occur because the filer has either 1) used the incorrect element or 2) has NOT included the Statement Equity Components Axis with the Common Stock or Preferred Stock member on the fact. 

The filer should either add the Statement Equity Components Axis and respective stock member in addition to the class of stock axis to the fact, or change the element name from us-gaap:StockholdersEquity to the appropriate element if the value is not included in Stockholders Equity.

Element : us-gaap:StockholdersEquity
Period : 2023-09-30 
Dimensions : us-gaap:StatementClassOfStockAxis=us-gaap:SeriesAPreferredStockMember

Rule Element Id:9583
Rule version: 22.0.1 - grst_10q.htm 3437",2023-11-21,ERROR,DQC,123,792935,ETHEMA HEALTH CORPORATION.,2023-11-20 16:55:00,0001903596-23-000912,US GAAP 2022,Novaworks,10-Q,http://www.sec.gov/Archives/edgar/data/792935/000190359623000912/grst_10q.htm,2023-11-20,2023,656910,https://www.sec.gov/Archives/edgar/data/792935/000190359623000912/0001903596-23-000912-index.htm,8062,10q-grst-20230930
DQC.US.0123.9583,"2023-11-20 19:04:17,355 [DQC.US.0123.9583] The company has reported a value for us-gaap:StockholdersEquity with the axis StatementClassOfStockAxis with a value of 40,000 to represent the monetary value of the class of stock in equity. This fact however when used in the Statement of Shareholders Equity must include the Component of Equity and associated member indicating if it is preferred stock, common stock or treasury stock. This error could occur because the filer has either 1) used the incorrect element or 2) has NOT included the Statement Equity Components Axis with the Common Stock or Preferred Stock member on the fact. 

The filer should either add the Statement Equity Components Axis and respective stock member in addition to the class of stock axis to the fact, or change the element name from us-gaap:StockholdersEquity to the appropriate element if the value is not included in Stockholders Equity.

Element : us-gaap:StockholdersEquity
Period : 2022-12-31 
Dimensions : us-gaap:StatementClassOfStockAxis=us-gaap:SeriesAPreferredStockMember

Rule Element Id:9583
Rule version: 22.0.1 - grst_10q.htm 3268",2023-11-21,ERROR,DQC,123,792935,ETHEMA HEALTH CORPORATION.,2023-11-20 16:55:00,0001903596-23-000912,US GAAP 2022,Novaworks,10-Q,http://www.sec.gov/Archives/edgar/data/792935/000190359623000912/grst_10q.htm,2023-11-20,2023,656910,https://www.sec.gov/Archives/edgar/data/792935/000190359623000912/0001903596-23-000912-index.htm,8062,10q-grst-20230930
DQC.US.0123.9583,"2023-11-13 06:50:09,250 [DQC.US.0123.9583] The company has reported a value for us-gaap:StockholdersEquity with the axis StatementClassOfStockAxis with a value of 148,098,000 to represent the monetary value of the class of stock in equity. This fact however when used in the Statement of Shareholders Equity must include the Component of Equity and associated member indicating if it is preferred stock, common stock or treasury stock. This error could occur because the filer has either 1) used the incorrect element or 2) has NOT included the Statement Equity Components Axis with the Common Stock or Preferred Stock member on the fact. 

The filer should either add the Statement Equity Components Axis and respective stock member in addition to the class of stock axis to the fact, or change the element name from us-gaap:StockholdersEquity to the appropriate element if the value is not included in Stockholders Equity.

Element : us-gaap:StockholdersEquity
Period : 2022-12-31 
Dimensions : us-gaap:StatementClassOfStockAxis=asif:ClassISharesMember

Rule Element Id:9583
Rule version: 22.0.1 - asif-20230930.htm 4",2023-11-13,ERROR,DQC,123,1918712,ARES STRATEGIC INCOME FUND,2023-11-13 06:06:00,0001918712-23-000026,US GAAP 2023,XBRL Document Created with the Workiva Platform,10-Q,http://www.sec.gov/Archives/edgar/data/1918712/000191871223000026/asif-20230930.htm,2023-11-13,2023,652944,https://www.sec.gov/Archives/edgar/data/1918712/000191871223000026/0001918712-23-000026-index.htm,-1,10q-asif-20230930
DQC.US.0123.9583,"2023-11-13 06:50:09,251 [DQC.US.0123.9583] The company has reported a value for us-gaap:StockholdersEquity with the axis StatementClassOfStockAxis with a value of 137,708,000 to represent the monetary value of the class of stock in equity. This fact however when used in the Statement of Shareholders Equity must include the Component of Equity and associated member indicating if it is preferred stock, common stock or treasury stock. This error could occur because the filer has either 1) used the incorrect element or 2) has NOT included the Statement Equity Components Axis with the Common Stock or Preferred Stock member on the fact. 

The filer should either add the Statement Equity Components Axis and respective stock member in addition to the class of stock axis to the fact, or change the element name from us-gaap:StockholdersEquity to the appropriate element if the value is not included in Stockholders Equity.

Element : us-gaap:StockholdersEquity
Period : 2023-09-30 
Dimensions : us-gaap:StatementClassOfStockAxis=asif:ClassSSharesMember

Rule Element Id:9583
Rule version: 22.0.1 - asif-20230930.htm 4",2023-11-13,ERROR,DQC,123,1918712,ARES STRATEGIC INCOME FUND,2023-11-13 06:06:00,0001918712-23-000026,US GAAP 2023,XBRL Document Created with the Workiva Platform,10-Q,http://www.sec.gov/Archives/edgar/data/1918712/000191871223000026/asif-20230930.htm,2023-11-13,2023,652944,https://www.sec.gov/Archives/edgar/data/1918712/000191871223000026/0001918712-23-000026-index.htm,-1,10q-asif-20230930
DQC.US.0123.9583,"2023-11-13 06:50:09,251 [DQC.US.0123.9583] The company has reported a value for us-gaap:StockholdersEquity with the axis StatementClassOfStockAxis with a value of 31,927,000 to represent the monetary value of the class of stock in equity. This fact however when used in the Statement of Shareholders Equity must include the Component of Equity and associated member indicating if it is preferred stock, common stock or treasury stock. This error could occur because the filer has either 1) used the incorrect element or 2) has NOT included the Statement Equity Components Axis with the Common Stock or Preferred Stock member on the fact. 

The filer should either add the Statement Equity Components Axis and respective stock member in addition to the class of stock axis to the fact, or change the element name from us-gaap:StockholdersEquity to the appropriate element if the value is not included in Stockholders Equity.

Element : us-gaap:StockholdersEquity
Period : 2023-09-30 
Dimensions : us-gaap:StatementClassOfStockAxis=asif:ClassDSharesMember

Rule Element Id:9583
Rule version: 22.0.1 - asif-20230930.htm 4",2023-11-13,ERROR,DQC,123,1918712,ARES STRATEGIC INCOME FUND,2023-11-13 06:06:00,0001918712-23-000026,US GAAP 2023,XBRL Document Created with the Workiva Platform,10-Q,http://www.sec.gov/Archives/edgar/data/1918712/000191871223000026/asif-20230930.htm,2023-11-13,2023,652944,https://www.sec.gov/Archives/edgar/data/1918712/000191871223000026/0001918712-23-000026-index.htm,-1,10q-asif-20230930
DQC.US.0123.9583,"2023-11-13 06:50:09,252 [DQC.US.0123.9583] The company has reported a value for us-gaap:StockholdersEquity with the axis StatementClassOfStockAxis with a value of 1,090,317,000 to represent the monetary value of the class of stock in equity. This fact however when used in the Statement of Shareholders Equity must include the Component of Equity and associated member indicating if it is preferred stock, common stock or treasury stock. This error could occur because the filer has either 1) used the incorrect element or 2) has NOT included the Statement Equity Components Axis with the Common Stock or Preferred Stock member on the fact. 

The filer should either add the Statement Equity Components Axis and respective stock member in addition to the class of stock axis to the fact, or change the element name from us-gaap:StockholdersEquity to the appropriate element if the value is not included in Stockholders Equity.

Element : us-gaap:StockholdersEquity
Period : 2023-09-30 
Dimensions : us-gaap:StatementClassOfStockAxis=asif:ClassISharesMember

Rule Element Id:9583
Rule version: 22.0.1 - asif-20230930.htm 4",2023-11-13,ERROR,DQC,123,1918712,ARES STRATEGIC INCOME FUND,2023-11-13 06:06:00,0001918712-23-000026,US GAAP 2023,XBRL Document Created with the Workiva Platform,10-Q,http://www.sec.gov/Archives/edgar/data/1918712/000191871223000026/asif-20230930.htm,2023-11-13,2023,652944,https://www.sec.gov/Archives/edgar/data/1918712/000191871223000026/0001918712-23-000026-index.htm,-1,10q-asif-20230930
DQC.US.0123.9583,"2023-11-09 11:10:28,086 [DQC.US.0123.9583] The company has reported a value for us-gaap:StockholdersEquity with the axis StatementClassOfStockAxis with a value of 620,000 to represent the monetary value of the class of stock in equity. This fact however when used in the Statement of Shareholders Equity must include the Component of Equity and associated member indicating if it is preferred stock, common stock or treasury stock. This error could occur because the filer has either 1) used the incorrect element or 2) has NOT included the Statement Equity Components Axis with the Common Stock or Preferred Stock member on the fact. 

The filer should either add the Statement Equity Components Axis and respective stock member in addition to the class of stock axis to the fact, or change the element name from us-gaap:StockholdersEquity to the appropriate element if the value is not included in Stockholders Equity.

Element : us-gaap:StockholdersEquity
Period : 2021-12-31 
Dimensions : us-gaap:StatementClassOfStockAxis=xpl:CommonStocksMember

Rule Element Id:9583
Rule version: 22.0.1 - xpl_10q.htm 1",2023-11-09,ERROR,DQC,123,917225,SOLITARIO RESOURCES CORP.,2023-11-08 16:42:00,0001654954-23-013940,US GAAP 2023,XBRL Document Created with XBRLMaster,10-Q,http://www.sec.gov/Archives/edgar/data/917225/000165495423013940/xpl_10q.htm,2023-11-08,2023,651485,https://www.sec.gov/Archives/edgar/data/917225/000165495423013940/0001654954-23-013940-index.htm,1040,10q-xpl-20230930
DQC.US.0123.9583,"2023-11-09 11:10:28,087 [DQC.US.0123.9583] The company has reported a value for us-gaap:StockholdersEquity with the axis StatementClassOfStockAxis with a value of 648,000 to represent the monetary value of the class of stock in equity. This fact however when used in the Statement of Shareholders Equity must include the Component of Equity and associated member indicating if it is preferred stock, common stock or treasury stock. This error could occur because the filer has either 1) used the incorrect element or 2) has NOT included the Statement Equity Components Axis with the Common Stock or Preferred Stock member on the fact. 

The filer should either add the Statement Equity Components Axis and respective stock member in addition to the class of stock axis to the fact, or change the element name from us-gaap:StockholdersEquity to the appropriate element if the value is not included in Stockholders Equity.

Element : us-gaap:StockholdersEquity
Period : 2022-06-30 
Dimensions : us-gaap:StatementClassOfStockAxis=xpl:CommonStocksMember

Rule Element Id:9583
Rule version: 22.0.1 - xpl_10q.htm 1",2023-11-09,ERROR,DQC,123,917225,SOLITARIO RESOURCES CORP.,2023-11-08 16:42:00,0001654954-23-013940,US GAAP 2023,XBRL Document Created with XBRLMaster,10-Q,http://www.sec.gov/Archives/edgar/data/917225/000165495423013940/xpl_10q.htm,2023-11-08,2023,651485,https://www.sec.gov/Archives/edgar/data/917225/000165495423013940/0001654954-23-013940-index.htm,1040,10q-xpl-20230930
DQC.US.0123.9583,"2023-11-09 11:10:28,087 [DQC.US.0123.9583] The company has reported a value for us-gaap:StockholdersEquity with the axis StatementClassOfStockAxis with a value of 648,000 to represent the monetary value of the class of stock in equity. This fact however when used in the Statement of Shareholders Equity must include the Component of Equity and associated member indicating if it is preferred stock, common stock or treasury stock. This error could occur because the filer has either 1) used the incorrect element or 2) has NOT included the Statement Equity Components Axis with the Common Stock or Preferred Stock member on the fact. 

The filer should either add the Statement Equity Components Axis and respective stock member in addition to the class of stock axis to the fact, or change the element name from us-gaap:StockholdersEquity to the appropriate element if the value is not included in Stockholders Equity.

Element : us-gaap:StockholdersEquity
Period : 2022-09-30 
Dimensions : us-gaap:StatementClassOfStockAxis=xpl:CommonStocksMember

Rule Element Id:9583
Rule version: 22.0.1 - xpl_10q.htm 1",2023-11-09,ERROR,DQC,123,917225,SOLITARIO RESOURCES CORP.,2023-11-08 16:42:00,0001654954-23-013940,US GAAP 2023,XBRL Document Created with XBRLMaster,10-Q,http://www.sec.gov/Archives/edgar/data/917225/000165495423013940/xpl_10q.htm,2023-11-08,2023,651485,https://www.sec.gov/Archives/edgar/data/917225/000165495423013940/0001654954-23-013940-index.htm,1040,10q-xpl-20230930
DQC.US.0123.9583,"2023-11-09 11:10:28,088 [DQC.US.0123.9583] The company has reported a value for us-gaap:StockholdersEquity with the axis StatementClassOfStockAxis with a value of 648,000 to represent the monetary value of the class of stock in equity. This fact however when used in the Statement of Shareholders Equity must include the Component of Equity and associated member indicating if it is preferred stock, common stock or treasury stock. This error could occur because the filer has either 1) used the incorrect element or 2) has NOT included the Statement Equity Components Axis with the Common Stock or Preferred Stock member on the fact. 

The filer should either add the Statement Equity Components Axis and respective stock member in addition to the class of stock axis to the fact, or change the element name from us-gaap:StockholdersEquity to the appropriate element if the value is not included in Stockholders Equity.

Element : us-gaap:StockholdersEquity
Period : 2022-12-31 
Dimensions : us-gaap:StatementClassOfStockAxis=xpl:CommonStocksMember

Rule Element Id:9583
Rule version: 22.0.1 - xpl_10q.htm 1",2023-11-09,ERROR,DQC,123,917225,SOLITARIO RESOURCES CORP.,2023-11-08 16:42:00,0001654954-23-013940,US GAAP 2023,XBRL Document Created with XBRLMaster,10-Q,http://www.sec.gov/Archives/edgar/data/917225/000165495423013940/xpl_10q.htm,2023-11-08,2023,651485,https://www.sec.gov/Archives/edgar/data/917225/000165495423013940/0001654954-23-013940-index.htm,1040,10q-xpl-20230930
DQC.US.0123.9583,"2023-11-09 11:10:28,088 [DQC.US.0123.9583] The company has reported a value for us-gaap:StockholdersEquity with the axis StatementClassOfStockAxis with a value of 649,000 to represent the monetary value of the class of stock in equity. This fact however when used in the Statement of Shareholders Equity must include the Component of Equity and associated member indicating if it is preferred stock, common stock or treasury stock. This error could occur because the filer has either 1) used the incorrect element or 2) has NOT included the Statement Equity Components Axis with the Common Stock or Preferred Stock member on the fact. 

The filer should either add the Statement Equity Components Axis and respective stock member in addition to the class of stock axis to the fact, or change the element name from us-gaap:StockholdersEquity to the appropriate element if the value is not included in Stockholders Equity.

Element : us-gaap:StockholdersEquity
Period : 2023-06-30 
Dimensions : us-gaap:StatementClassOfStockAxis=xpl:CommonStocksMember

Rule Element Id:9583
Rule version: 22.0.1 - xpl_10q.htm 1",2023-11-09,ERROR,DQC,123,917225,SOLITARIO RESOURCES CORP.,2023-11-08 16:42:00,0001654954-23-013940,US GAAP 2023,XBRL Document Created with XBRLMaster,10-Q,http://www.sec.gov/Archives/edgar/data/917225/000165495423013940/xpl_10q.htm,2023-11-08,2023,651485,https://www.sec.gov/Archives/edgar/data/917225/000165495423013940/0001654954-23-013940-index.htm,1040,10q-xpl-20230930
DQC.US.0123.9583,"2023-11-09 11:10:28,088 [DQC.US.0123.9583] The company has reported a value for us-gaap:StockholdersEquity with the axis StatementClassOfStockAxis with a value of 692,000 to represent the monetary value of the class of stock in equity. This fact however when used in the Statement of Shareholders Equity must include the Component of Equity and associated member indicating if it is preferred stock, common stock or treasury stock. This error could occur because the filer has either 1) used the incorrect element or 2) has NOT included the Statement Equity Components Axis with the Common Stock or Preferred Stock member on the fact. 

The filer should either add the Statement Equity Components Axis and respective stock member in addition to the class of stock axis to the fact, or change the element name from us-gaap:StockholdersEquity to the appropriate element if the value is not included in Stockholders Equity.

Element : us-gaap:StockholdersEquity
Period : 2023-09-30 
Dimensions : us-gaap:StatementClassOfStockAxis=xpl:CommonStocksMember

Rule Element Id:9583
Rule version: 22.0.1 - xpl_10q.htm 1",2023-11-09,ERROR,DQC,123,917225,SOLITARIO RESOURCES CORP.,2023-11-08 16:42:00,0001654954-23-013940,US GAAP 2023,XBRL Document Created with XBRLMaster,10-Q,http://www.sec.gov/Archives/edgar/data/917225/000165495423013940/xpl_10q.htm,2023-11-08,2023,651485,https://www.sec.gov/Archives/edgar/data/917225/000165495423013940/0001654954-23-013940-index.htm,1040,10q-xpl-20230930
DQC.US.0123.9583,"2023-11-09 11:10:28,089 [DQC.US.0123.9583] The company has reported a value for us-gaap:StockholdersEquity with the axis StatementClassOfStockAxis with a value of 64,000 to represent the monetary value of the class of stock in equity. This fact however when used in the Statement of Shareholders Equity must include the Component of Equity and associated member indicating if it is preferred stock, common stock or treasury stock. This error could occur because the filer has either 1) used the incorrect element or 2) has NOT included the Statement Equity Components Axis with the Common Stock or Preferred Stock member on the fact. 

The filer should either add the Statement Equity Components Axis and respective stock member in addition to the class of stock axis to the fact, or change the element name from us-gaap:StockholdersEquity to the appropriate element if the value is not included in Stockholders Equity.

Element : us-gaap:StockholdersEquity
Period : 2023-03-31 
Dimensions : us-gaap:StatementClassOfStockAxis=xpl:CommonStocksMember

Rule Element Id:9583
Rule version: 22.0.1 - xpl_10q.htm 1",2023-11-09,ERROR,DQC,123,917225,SOLITARIO RESOURCES CORP.,2023-11-08 16:42:00,0001654954-23-013940,US GAAP 2023,XBRL Document Created with XBRLMaster,10-Q,http://www.sec.gov/Archives/edgar/data/917225/000165495423013940/xpl_10q.htm,2023-11-08,2023,651485,https://www.sec.gov/Archives/edgar/data/917225/000165495423013940/0001654954-23-013940-index.htm,1040,10q-xpl-20230930
DQC.US.0123.9583,"2023-11-09 11:10:28,089 [DQC.US.0123.9583] The company has reported a value for us-gaap:StockholdersEquity with the axis StatementClassOfStockAxis with a value of 648,000 to represent the monetary value of the class of stock in equity. This fact however when used in the Statement of Shareholders Equity must include the Component of Equity and associated member indicating if it is preferred stock, common stock or treasury stock. This error could occur because the filer has either 1) used the incorrect element or 2) has NOT included the Statement Equity Components Axis with the Common Stock or Preferred Stock member on the fact. 

The filer should either add the Statement Equity Components Axis and respective stock member in addition to the class of stock axis to the fact, or change the element name from us-gaap:StockholdersEquity to the appropriate element if the value is not included in Stockholders Equity.

Element : us-gaap:StockholdersEquity
Period : 2022-03-31 
Dimensions : us-gaap:StatementClassOfStockAxis=xpl:CommonStocksMember

Rule Element Id:9583
Rule version: 22.0.1 - xpl_10q.htm 1",2023-11-09,ERROR,DQC,123,917225,SOLITARIO RESOURCES CORP.,2023-11-08 16:42:00,0001654954-23-013940,US GAAP 2023,XBRL Document Created with XBRLMaster,10-Q,http://www.sec.gov/Archives/edgar/data/917225/000165495423013940/xpl_10q.htm,2023-11-08,2023,651485,https://www.sec.gov/Archives/edgar/data/917225/000165495423013940/0001654954-23-013940-index.htm,1040,10q-xpl-20230930
DQC.US.0123.9583,"2023-10-12 17:46:22,811 [DQC.US.0123.9583] The company has reported a value for us-gaap:StockholdersEquity with the axis StatementClassOfStockAxis with a value of 3,350 to represent the monetary value of the class of stock in equity. This fact however when used in the Statement of Shareholders Equity must include the Component of Equity and associated member indicating if it is preferred stock, common stock or treasury stock. This error could occur because the filer has either 1) used the incorrect element or 2) has NOT included the Statement Equity Components Axis with the Common Stock or Preferred Stock member on the fact. 

The filer should either add the Statement Equity Components Axis and respective stock member in addition to the class of stock axis to the fact, or change the element name from us-gaap:StockholdersEquity to the appropriate element if the value is not included in Stockholders Equity.

Element : us-gaap:StockholdersEquity
Period : 2023-02-28 
Dimensions : us-gaap:StatementClassOfStockAxis=us-gaap:SeriesEPreferredStockMember

Rule Element Id:9583
Rule version: 22.0.0 - form_10-q.htm 5750",2023-10-12,ERROR,DQC,123,1498148,ARTIFICIAL     INTELLIGENCE TECHNOLOGY SOLUTIONS INC.,2023-10-12 17:13:00,0001161697-23-000543,US GAAP 2023,Novaworks,10-Q,http://www.sec.gov/Archives/edgar/data/1498148/000116169723000543/form_10-q.htm,2023-10-12,2023,631392,https://www.sec.gov/Archives/edgar/data/1498148/000116169723000543/0001161697-23-000543-index.htm,7372,10q-aitx-20230831
DQC.US.0123.9583,"2023-10-12 17:46:22,812 [DQC.US.0123.9583] The company has reported a value for us-gaap:StockholdersEquity with the axis StatementClassOfStockAxis with a value of 101,618 to represent the monetary value of the class of stock in equity. This fact however when used in the Statement of Shareholders Equity must include the Component of Equity and associated member indicating if it is preferred stock, common stock or treasury stock. This error could occur because the filer has either 1) used the incorrect element or 2) has NOT included the Statement Equity Components Axis with the Common Stock or Preferred Stock member on the fact. 

The filer should either add the Statement Equity Components Axis and respective stock member in addition to the class of stock axis to the fact, or change the element name from us-gaap:StockholdersEquity to the appropriate element if the value is not included in Stockholders Equity.

Element : us-gaap:StockholdersEquity
Period : 2022-08-31 
Dimensions : us-gaap:StatementClassOfStockAxis=us-gaap:SeriesFPreferredStockMember

Rule Element Id:9583
Rule version: 22.0.0 - form_10-q.htm 5626",2023-10-12,ERROR,DQC,123,1498148,ARTIFICIAL     INTELLIGENCE TECHNOLOGY SOLUTIONS INC.,2023-10-12 17:13:00,0001161697-23-000543,US GAAP 2023,Novaworks,10-Q,http://www.sec.gov/Archives/edgar/data/1498148/000116169723000543/form_10-q.htm,2023-10-12,2023,631392,https://www.sec.gov/Archives/edgar/data/1498148/000116169723000543/0001161697-23-000543-index.htm,7372,10q-aitx-20230831
DQC.US.0123.9583,"2023-10-12 17:46:22,812 [DQC.US.0123.9583] The company has reported a value for us-gaap:StockholdersEquity with the axis StatementClassOfStockAxis with a value of 101,619 to represent the monetary value of the class of stock in equity. This fact however when used in the Statement of Shareholders Equity must include the Component of Equity and associated member indicating if it is preferred stock, common stock or treasury stock. This error could occur because the filer has either 1) used the incorrect element or 2) has NOT included the Statement Equity Components Axis with the Common Stock or Preferred Stock member on the fact. 

The filer should either add the Statement Equity Components Axis and respective stock member in addition to the class of stock axis to the fact, or change the element name from us-gaap:StockholdersEquity to the appropriate element if the value is not included in Stockholders Equity.

Element : us-gaap:StockholdersEquity
Period : 2023-02-28 
Dimensions : us-gaap:StatementClassOfStockAxis=us-gaap:SeriesFPreferredStockMember

Rule Element Id:9583
Rule version: 22.0.0 - form_10-q.htm 5755",2023-10-12,ERROR,DQC,123,1498148,ARTIFICIAL     INTELLIGENCE TECHNOLOGY SOLUTIONS INC.,2023-10-12 17:13:00,0001161697-23-000543,US GAAP 2023,Novaworks,10-Q,http://www.sec.gov/Archives/edgar/data/1498148/000116169723000543/form_10-q.htm,2023-10-12,2023,631392,https://www.sec.gov/Archives/edgar/data/1498148/000116169723000543/0001161697-23-000543-index.htm,7372,10q-aitx-20230831
DQC.US.0123.9583,"2023-10-12 17:46:22,813 [DQC.US.0123.9583] The company has reported a value for us-gaap:StockholdersEquity with the axis StatementClassOfStockAxis with a value of 3,350 to represent the monetary value of the class of stock in equity. This fact however when used in the Statement of Shareholders Equity must include the Component of Equity and associated member indicating if it is preferred stock, common stock or treasury stock. This error could occur because the filer has either 1) used the incorrect element or 2) has NOT included the Statement Equity Components Axis with the Common Stock or Preferred Stock member on the fact. 

The filer should either add the Statement Equity Components Axis and respective stock member in addition to the class of stock axis to the fact, or change the element name from us-gaap:StockholdersEquity to the appropriate element if the value is not included in Stockholders Equity.

Element : us-gaap:StockholdersEquity
Period : 2022-08-31 
Dimensions : us-gaap:StatementClassOfStockAxis=us-gaap:SeriesEPreferredStockMember

Rule Element Id:9583
Rule version: 22.0.0 - form_10-q.htm 5621",2023-10-12,ERROR,DQC,123,1498148,ARTIFICIAL     INTELLIGENCE TECHNOLOGY SOLUTIONS INC.,2023-10-12 17:13:00,0001161697-23-000543,US GAAP 2023,Novaworks,10-Q,http://www.sec.gov/Archives/edgar/data/1498148/000116169723000543/form_10-q.htm,2023-10-12,2023,631392,https://www.sec.gov/Archives/edgar/data/1498148/000116169723000543/0001161697-23-000543-index.htm,7372,10q-aitx-20230831
DQC.US.0123.9583,"2023-10-12 17:46:22,814 [DQC.US.0123.9583] The company has reported a value for us-gaap:StockholdersEquity with the axis StatementClassOfStockAxis with a value of 101,618 to represent the monetary value of the class of stock in equity. This fact however when used in the Statement of Shareholders Equity must include the Component of Equity and associated member indicating if it is preferred stock, common stock or treasury stock. This error could occur because the filer has either 1) used the incorrect element or 2) has NOT included the Statement Equity Components Axis with the Common Stock or Preferred Stock member on the fact. 

The filer should either add the Statement Equity Components Axis and respective stock member in addition to the class of stock axis to the fact, or change the element name from us-gaap:StockholdersEquity to the appropriate element if the value is not included in Stockholders Equity.

Element : us-gaap:StockholdersEquity
Period : 2022-05-31 
Dimensions : us-gaap:StatementClassOfStockAxis=us-gaap:SeriesFPreferredStockMember

Rule Element Id:9583
Rule version: 22.0.0 - form_10-q.htm 5410",2023-10-12,ERROR,DQC,123,1498148,ARTIFICIAL     INTELLIGENCE TECHNOLOGY SOLUTIONS INC.,2023-10-12 17:13:00,0001161697-23-000543,US GAAP 2023,Novaworks,10-Q,http://www.sec.gov/Archives/edgar/data/1498148/000116169723000543/form_10-q.htm,2023-10-12,2023,631392,https://www.sec.gov/Archives/edgar/data/1498148/000116169723000543/0001161697-23-000543-index.htm,7372,10q-aitx-20230831
DQC.US.0123.9583,"2023-10-12 17:46:22,814 [DQC.US.0123.9583] The company has reported a value for us-gaap:StockholdersEquity with the axis StatementClassOfStockAxis with a value of 3,350 to represent the monetary value of the class of stock in equity. This fact however when used in the Statement of Shareholders Equity must include the Component of Equity and associated member indicating if it is preferred stock, common stock or treasury stock. This error could occur because the filer has either 1) used the incorrect element or 2) has NOT included the Statement Equity Components Axis with the Common Stock or Preferred Stock member on the fact. 

The filer should either add the Statement Equity Components Axis and respective stock member in addition to the class of stock axis to the fact, or change the element name from us-gaap:StockholdersEquity to the appropriate element if the value is not included in Stockholders Equity.

Element : us-gaap:StockholdersEquity
Period : 2022-05-31 
Dimensions : us-gaap:StatementClassOfStockAxis=us-gaap:SeriesEPreferredStockMember

Rule Element Id:9583
Rule version: 22.0.0 - form_10-q.htm 5405",2023-10-12,ERROR,DQC,123,1498148,ARTIFICIAL     INTELLIGENCE TECHNOLOGY SOLUTIONS INC.,2023-10-12 17:13:00,0001161697-23-000543,US GAAP 2023,Novaworks,10-Q,http://www.sec.gov/Archives/edgar/data/1498148/000116169723000543/form_10-q.htm,2023-10-12,2023,631392,https://www.sec.gov/Archives/edgar/data/1498148/000116169723000543/0001161697-23-000543-index.htm,7372,10q-aitx-20230831
DQC.US.0123.9583,"2023-10-12 17:46:22,815 [DQC.US.0123.9583] The company has reported a value for us-gaap:StockholdersEquity with the axis StatementClassOfStockAxis with a value of 3,350 to represent the monetary value of the class of stock in equity. This fact however when used in the Statement of Shareholders Equity must include the Component of Equity and associated member indicating if it is preferred stock, common stock or treasury stock. This error could occur because the filer has either 1) used the incorrect element or 2) has NOT included the Statement Equity Components Axis with the Common Stock or Preferred Stock member on the fact. 

The filer should either add the Statement Equity Components Axis and respective stock member in addition to the class of stock axis to the fact, or change the element name from us-gaap:StockholdersEquity to the appropriate element if the value is not included in Stockholders Equity.

Element : us-gaap:StockholdersEquity
Period : 2023-05-31 
Dimensions : us-gaap:StatementClassOfStockAxis=us-gaap:SeriesEPreferredStockMember

Rule Element Id:9583
Rule version: 22.0.0 - form_10-q.htm 5885",2023-10-12,ERROR,DQC,123,1498148,ARTIFICIAL     INTELLIGENCE TECHNOLOGY SOLUTIONS INC.,2023-10-12 17:13:00,0001161697-23-000543,US GAAP 2023,Novaworks,10-Q,http://www.sec.gov/Archives/edgar/data/1498148/000116169723000543/form_10-q.htm,2023-10-12,2023,631392,https://www.sec.gov/Archives/edgar/data/1498148/000116169723000543/0001161697-23-000543-index.htm,7372,10q-aitx-20230831
DQC.US.0123.9583,"2023-10-12 17:46:22,816 [DQC.US.0123.9583] The company has reported a value for us-gaap:StockholdersEquity with the axis StatementClassOfStockAxis with a value of 101,619 to represent the monetary value of the class of stock in equity. This fact however when used in the Statement of Shareholders Equity must include the Component of Equity and associated member indicating if it is preferred stock, common stock or treasury stock. This error could occur because the filer has either 1) used the incorrect element or 2) has NOT included the Statement Equity Components Axis with the Common Stock or Preferred Stock member on the fact. 

The filer should either add the Statement Equity Components Axis and respective stock member in addition to the class of stock axis to the fact, or change the element name from us-gaap:StockholdersEquity to the appropriate element if the value is not included in Stockholders Equity.

Element : us-gaap:StockholdersEquity
Period : 2023-05-31 
Dimensions : us-gaap:StatementClassOfStockAxis=us-gaap:SeriesFPreferredStockMember

Rule Element Id:9583
Rule version: 22.0.0 - form_10-q.htm 5890",2023-10-12,ERROR,DQC,123,1498148,ARTIFICIAL     INTELLIGENCE TECHNOLOGY SOLUTIONS INC.,2023-10-12 17:13:00,0001161697-23-000543,US GAAP 2023,Novaworks,10-Q,http://www.sec.gov/Archives/edgar/data/1498148/000116169723000543/form_10-q.htm,2023-10-12,2023,631392,https://www.sec.gov/Archives/edgar/data/1498148/000116169723000543/0001161697-23-000543-index.htm,7372,10q-aitx-20230831
DQC.US.0123.9583,"2023-10-12 17:46:22,816 [DQC.US.0123.9583] The company has reported a value for us-gaap:StockholdersEquity with the axis StatementClassOfStockAxis with a value of 101,619 to represent the monetary value of the class of stock in equity. This fact however when used in the Statement of Shareholders Equity must include the Component of Equity and associated member indicating if it is preferred stock, common stock or treasury stock. This error could occur because the filer has either 1) used the incorrect element or 2) has NOT included the Statement Equity Components Axis with the Common Stock or Preferred Stock member on the fact. 

The filer should either add the Statement Equity Components Axis and respective stock member in addition to the class of stock axis to the fact, or change the element name from us-gaap:StockholdersEquity to the appropriate element if the value is not included in Stockholders Equity.

Element : us-gaap:StockholdersEquity
Period : 2023-08-31 
Dimensions : us-gaap:StatementClassOfStockAxis=us-gaap:SeriesFPreferredStockMember

Rule Element Id:9583
Rule version: 22.0.0 - form_10-q.htm 6025",2023-10-12,ERROR,DQC,123,1498148,ARTIFICIAL     INTELLIGENCE TECHNOLOGY SOLUTIONS INC.,2023-10-12 17:13:00,0001161697-23-000543,US GAAP 2023,Novaworks,10-Q,http://www.sec.gov/Archives/edgar/data/1498148/000116169723000543/form_10-q.htm,2023-10-12,2023,631392,https://www.sec.gov/Archives/edgar/data/1498148/000116169723000543/0001161697-23-000543-index.htm,7372,10q-aitx-20230831
DQC.US.0123.9583,"2023-10-12 17:46:22,817 [DQC.US.0123.9583] The company has reported a value for us-gaap:StockholdersEquity with the axis StatementClassOfStockAxis with a value of 3,350 to represent the monetary value of the class of stock in equity. This fact however when used in the Statement of Shareholders Equity must include the Component of Equity and associated member indicating if it is preferred stock, common stock or treasury stock. This error could occur because the filer has either 1) used the incorrect element or 2) has NOT included the Statement Equity Components Axis with the Common Stock or Preferred Stock member on the fact. 

The filer should either add the Statement Equity Components Axis and respective stock member in addition to the class of stock axis to the fact, or change the element name from us-gaap:StockholdersEquity to the appropriate element if the value is not included in Stockholders Equity.

Element : us-gaap:StockholdersEquity
Period : 2023-08-31 
Dimensions : us-gaap:StatementClassOfStockAxis=us-gaap:SeriesEPreferredStockMember

Rule Element Id:9583
Rule version: 22.0.0 - form_10-q.htm 6020",2023-10-12,ERROR,DQC,123,1498148,ARTIFICIAL     INTELLIGENCE TECHNOLOGY SOLUTIONS INC.,2023-10-12 17:13:00,0001161697-23-000543,US GAAP 2023,Novaworks,10-Q,http://www.sec.gov/Archives/edgar/data/1498148/000116169723000543/form_10-q.htm,2023-10-12,2023,631392,https://www.sec.gov/Archives/edgar/data/1498148/000116169723000543/0001161697-23-000543-index.htm,7372,10q-aitx-20230831
DQC.US.0123.9583,"2023-10-12 17:46:22,818 [DQC.US.0123.9583] The company has reported a value for us-gaap:StockholdersEquity with the axis StatementClassOfStockAxis with a value of 101,618 to represent the monetary value of the class of stock in equity. This fact however when used in the Statement of Shareholders Equity must include the Component of Equity and associated member indicating if it is preferred stock, common stock or treasury stock. This error could occur because the filer has either 1) used the incorrect element or 2) has NOT included the Statement Equity Components Axis with the Common Stock or Preferred Stock member on the fact. 

The filer should either add the Statement Equity Components Axis and respective stock member in addition to the class of stock axis to the fact, or change the element name from us-gaap:StockholdersEquity to the appropriate element if the value is not included in Stockholders Equity.

Element : us-gaap:StockholdersEquity
Period : 2022-02-28 
Dimensions : us-gaap:StatementClassOfStockAxis=us-gaap:SeriesFPreferredStockMember

Rule Element Id:9583
Rule version: 22.0.0 - form_10-q.htm 5302",2023-10-12,ERROR,DQC,123,1498148,ARTIFICIAL     INTELLIGENCE TECHNOLOGY SOLUTIONS INC.,2023-10-12 17:13:00,0001161697-23-000543,US GAAP 2023,Novaworks,10-Q,http://www.sec.gov/Archives/edgar/data/1498148/000116169723000543/form_10-q.htm,2023-10-12,2023,631392,https://www.sec.gov/Archives/edgar/data/1498148/000116169723000543/0001161697-23-000543-index.htm,7372,10q-aitx-20230831
DQC.US.0123.9583,"2023-10-12 17:46:22,818 [DQC.US.0123.9583] The company has reported a value for us-gaap:StockholdersEquity with the axis StatementClassOfStockAxis with a value of 3,350 to represent the monetary value of the class of stock in equity. This fact however when used in the Statement of Shareholders Equity must include the Component of Equity and associated member indicating if it is preferred stock, common stock or treasury stock. This error could occur because the filer has either 1) used the incorrect element or 2) has NOT included the Statement Equity Components Axis with the Common Stock or Preferred Stock member on the fact. 

The filer should either add the Statement Equity Components Axis and respective stock member in addition to the class of stock axis to the fact, or change the element name from us-gaap:StockholdersEquity to the appropriate element if the value is not included in Stockholders Equity.

Element : us-gaap:StockholdersEquity
Period : 2022-02-28 
Dimensions : us-gaap:StatementClassOfStockAxis=us-gaap:SeriesEPreferredStockMember

Rule Element Id:9583
Rule version: 22.0.0 - form_10-q.htm 5297",2023-10-12,ERROR,DQC,123,1498148,ARTIFICIAL     INTELLIGENCE TECHNOLOGY SOLUTIONS INC.,2023-10-12 17:13:00,0001161697-23-000543,US GAAP 2023,Novaworks,10-Q,http://www.sec.gov/Archives/edgar/data/1498148/000116169723000543/form_10-q.htm,2023-10-12,2023,631392,https://www.sec.gov/Archives/edgar/data/1498148/000116169723000543/0001161697-23-000543-index.htm,7372,10q-aitx-20230831
DQC.US.0123.9583,"2024-01-16 16:48:11,258 [DQC.US.0123.9583] The company has reported a value for us-gaap:StockholdersEquity with the axis StatementClassOfStockAxis with a value of 5,000 to represent the monetary value of the class of stock in equity. This fact however when used in the Statement of Shareholders Equity must include the Component of Equity and associated member indicating if it is preferred stock, common stock or treasury stock. This error could occur because the filer has either 1) used the incorrect element or 2) has NOT included the Statement Equity Components Axis with the Common Stock or Preferred Stock member on the fact. 

The filer should either add the Statement Equity Components Axis and respective stock member in addition to the class of stock axis to the fact, or change the element name from us-gaap:StockholdersEquity to the appropriate element if the value is not included in Stockholders Equity.

Element : us-gaap:StockholdersEquity
Period : 2023-11-30 
Dimensions : us-gaap:StatementClassOfStockAxis=loop:CommonStock1Member

Rule Element Id:9583
Rule version: 22.0.3 - loop_10q.htm 1",2024-01-16,ERROR,DQC,123,1504678,"LOOP INDUSTRIES, INC.",2024-01-16 16:11:00,0001654954-24-000626,US GAAP 2023,XBRL Document Created with XBRLMaster,10-Q,http://www.sec.gov/Archives/edgar/data/1504678/000165495424000626/loop_10q.htm,2024-01-16,2024,667660,https://www.sec.gov/Archives/edgar/data/1504678/000165495424000626/0001654954-24-000626-index.htm,2800,10q-loop-20231130
DQC.US.0123.9583,"2024-01-16 16:48:11,259 [DQC.US.0123.9583] The company has reported a value for us-gaap:StockholdersEquity with the axis StatementClassOfStockAxis with a value of 5,000 to represent the monetary value of the class of stock in equity. This fact however when used in the Statement of Shareholders Equity must include the Component of Equity and associated member indicating if it is preferred stock, common stock or treasury stock. This error could occur because the filer has either 1) used the incorrect element or 2) has NOT included the Statement Equity Components Axis with the Common Stock or Preferred Stock member on the fact. 

The filer should either add the Statement Equity Components Axis and respective stock member in addition to the class of stock axis to the fact, or change the element name from us-gaap:StockholdersEquity to the appropriate element if the value is not included in Stockholders Equity.

Element : us-gaap:StockholdersEquity
Period : 2022-02-28 
Dimensions : us-gaap:StatementClassOfStockAxis=loop:CommonStock1Member

Rule Element Id:9583
Rule version: 22.0.3 - loop_10q.htm 1",2024-01-16,ERROR,DQC,123,1504678,"LOOP INDUSTRIES, INC.",2024-01-16 16:11:00,0001654954-24-000626,US GAAP 2023,XBRL Document Created with XBRLMaster,10-Q,http://www.sec.gov/Archives/edgar/data/1504678/000165495424000626/loop_10q.htm,2024-01-16,2024,667660,https://www.sec.gov/Archives/edgar/data/1504678/000165495424000626/0001654954-24-000626-index.htm,2800,10q-loop-20231130
DQC.US.0123.9583,"2024-01-16 16:48:11,259 [DQC.US.0123.9583] The company has reported a value for us-gaap:StockholdersEquity with the axis StatementClassOfStockAxis with a value of 5,000 to represent the monetary value of the class of stock in equity. This fact however when used in the Statement of Shareholders Equity must include the Component of Equity and associated member indicating if it is preferred stock, common stock or treasury stock. This error could occur because the filer has either 1) used the incorrect element or 2) has NOT included the Statement Equity Components Axis with the Common Stock or Preferred Stock member on the fact. 

The filer should either add the Statement Equity Components Axis and respective stock member in addition to the class of stock axis to the fact, or change the element name from us-gaap:StockholdersEquity to the appropriate element if the value is not included in Stockholders Equity.

Element : us-gaap:StockholdersEquity
Period : 2022-11-30 
Dimensions : us-gaap:StatementClassOfStockAxis=loop:CommonStock1Member

Rule Element Id:9583
Rule version: 22.0.3 - loop_10q.htm 1",2024-01-16,ERROR,DQC,123,1504678,"LOOP INDUSTRIES, INC.",2024-01-16 16:11:00,0001654954-24-000626,US GAAP 2023,XBRL Document Created with XBRLMaster,10-Q,http://www.sec.gov/Archives/edgar/data/1504678/000165495424000626/loop_10q.htm,2024-01-16,2024,667660,https://www.sec.gov/Archives/edgar/data/1504678/000165495424000626/0001654954-24-000626-index.htm,2800,10q-loop-20231130
DQC.US.0123.9583,"2024-01-16 16:48:11,259 [DQC.US.0123.9583] The company has reported a value for us-gaap:StockholdersEquity with the axis StatementClassOfStockAxis with a value of 5,000 to represent the monetary value of the class of stock in equity. This fact however when used in the Statement of Shareholders Equity must include the Component of Equity and associated member indicating if it is preferred stock, common stock or treasury stock. This error could occur because the filer has either 1) used the incorrect element or 2) has NOT included the Statement Equity Components Axis with the Common Stock or Preferred Stock member on the fact. 

The filer should either add the Statement Equity Components Axis and respective stock member in addition to the class of stock axis to the fact, or change the element name from us-gaap:StockholdersEquity to the appropriate element if the value is not included in Stockholders Equity.

Element : us-gaap:StockholdersEquity
Period : 2023-02-28 
Dimensions : us-gaap:StatementClassOfStockAxis=loop:CommonStock1Member

Rule Element Id:9583
Rule version: 22.0.3 - loop_10q.htm 1",2024-01-16,ERROR,DQC,123,1504678,"LOOP INDUSTRIES, INC.",2024-01-16 16:11:00,0001654954-24-000626,US GAAP 2023,XBRL Document Created with XBRLMaster,10-Q,http://www.sec.gov/Archives/edgar/data/1504678/000165495424000626/loop_10q.htm,2024-01-16,2024,667660,https://www.sec.gov/Archives/edgar/data/1504678/000165495424000626/0001654954-24-000626-index.htm,2800,10q-loop-20231130
DQC.US.0123.9583,"2024-03-14 19:36:40,403 [DQC.US.0123.9583] The company has reported a value for us-gaap:StockholdersEquity with the axis StatementClassOfStockAxis with a value of 148,098,000 to represent the monetary value of the class of stock in equity. This fact however when used in the Statement of Shareholders Equity must include the Component of Equity and associated member indicating if it is preferred stock, common stock or treasury stock. This error could occur because the filer has either 1) used the incorrect element or 2) has NOT included the Statement Equity Components Axis with the Common Stock or Preferred Stock member on the fact. 

The filer should either add the Statement Equity Components Axis and respective stock member in addition to the class of stock axis to the fact, or change the element name from us-gaap:StockholdersEquity to the appropriate element if the value is not included in Stockholders Equity.

Element : us-gaap:StockholdersEquity
Period : 2022-12-31 
Dimensions : us-gaap:StatementClassOfStockAxis=asif:ClassISharesMember

Rule Element Id:9583
Rule version: 23.0.6 - asif-20231231.htm 5",2024-03-14,ERROR,DQC,123,1918712,ARES STRATEGIC INCOME FUND,2024-03-14 16:20:00,0001918712-24-000048,US GAAP 2023,XBRL Document Created with the Workiva Platform,10-K,http://www.sec.gov/Archives/edgar/data/1918712/000191871224000048/asif-20231231.htm,2024-03-14,2024,685573,https://www.sec.gov/Archives/edgar/data/1918712/000191871224000048/0001918712-24-000048-index.htm,-1,10k-asif-20231231
DQC.US.0123.9583,"2024-03-14 19:36:40,404 [DQC.US.0123.9583] The company has reported a value for us-gaap:StockholdersEquity with the axis StatementClassOfStockAxis with a value of 298,608,000 to represent the monetary value of the class of stock in equity. This fact however when used in the Statement of Shareholders Equity must include the Component of Equity and associated member indicating if it is preferred stock, common stock or treasury stock. This error could occur because the filer has either 1) used the incorrect element or 2) has NOT included the Statement Equity Components Axis with the Common Stock or Preferred Stock member on the fact. 

The filer should either add the Statement Equity Components Axis and respective stock member in addition to the class of stock axis to the fact, or change the element name from us-gaap:StockholdersEquity to the appropriate element if the value is not included in Stockholders Equity.

Element : us-gaap:StockholdersEquity
Period : 2023-12-31 
Dimensions : us-gaap:StatementClassOfStockAxis=asif:ClassSSharesMember

Rule Element Id:9583
Rule version: 23.0.6 - asif-20231231.htm 5",2024-03-14,ERROR,DQC,123,1918712,ARES STRATEGIC INCOME FUND,2024-03-14 16:20:00,0001918712-24-000048,US GAAP 2023,XBRL Document Created with the Workiva Platform,10-K,http://www.sec.gov/Archives/edgar/data/1918712/000191871224000048/asif-20231231.htm,2024-03-14,2024,685573,https://www.sec.gov/Archives/edgar/data/1918712/000191871224000048/0001918712-24-000048-index.htm,-1,10k-asif-20231231
DQC.US.0123.9583,"2024-03-14 19:36:40,404 [DQC.US.0123.9583] The company has reported a value for us-gaap:StockholdersEquity with the axis StatementClassOfStockAxis with a value of 49,152,000 to represent the monetary value of the class of stock in equity. This fact however when used in the Statement of Shareholders Equity must include the Component of Equity and associated member indicating if it is preferred stock, common stock or treasury stock. This error could occur because the filer has either 1) used the incorrect element or 2) has NOT included the Statement Equity Components Axis with the Common Stock or Preferred Stock member on the fact. 

The filer should either add the Statement Equity Components Axis and respective stock member in addition to the class of stock axis to the fact, or change the element name from us-gaap:StockholdersEquity to the appropriate element if the value is not included in Stockholders Equity.

Element : us-gaap:StockholdersEquity
Period : 2023-12-31 
Dimensions : us-gaap:StatementClassOfStockAxis=asif:ClassDSharesMember

Rule Element Id:9583
Rule version: 23.0.6 - asif-20231231.htm 5",2024-03-14,ERROR,DQC,123,1918712,ARES STRATEGIC INCOME FUND,2024-03-14 16:20:00,0001918712-24-000048,US GAAP 2023,XBRL Document Created with the Workiva Platform,10-K,http://www.sec.gov/Archives/edgar/data/1918712/000191871224000048/asif-20231231.htm,2024-03-14,2024,685573,https://www.sec.gov/Archives/edgar/data/1918712/000191871224000048/0001918712-24-000048-index.htm,-1,10k-asif-20231231
DQC.US.0123.9583,"2024-03-14 19:36:40,405 [DQC.US.0123.9583] The company has reported a value for us-gaap:StockholdersEquity with the axis StatementClassOfStockAxis with a value of 1,413,632,000 to represent the monetary value of the class of stock in equity. This fact however when used in the Statement of Shareholders Equity must include the Component of Equity and associated member indicating if it is preferred stock, common stock or treasury stock. This error could occur because the filer has either 1) used the incorrect element or 2) has NOT included the Statement Equity Components Axis with the Common Stock or Preferred Stock member on the fact. 

The filer should either add the Statement Equity Components Axis and respective stock member in addition to the class of stock axis to the fact, or change the element name from us-gaap:StockholdersEquity to the appropriate element if the value is not included in Stockholders Equity.

Element : us-gaap:StockholdersEquity
Period : 2023-12-31 
Dimensions : us-gaap:StatementClassOfStockAxis=asif:ClassISharesMember

Rule Element Id:9583
Rule version: 23.0.6 - asif-20231231.htm 5",2024-03-14,ERROR,DQC,123,1918712,ARES STRATEGIC INCOME FUND,2024-03-14 16:20:00,0001918712-24-000048,US GAAP 2023,XBRL Document Created with the Workiva Platform,10-K,http://www.sec.gov/Archives/edgar/data/1918712/000191871224000048/asif-20231231.htm,2024-03-14,2024,685573,https://www.sec.gov/Archives/edgar/data/1918712/000191871224000048/0001918712-24-000048-index.htm,-1,10k-asif-20231231
DQC.US.0123.9583,"2024-04-16 18:47:53,614 [DQC.US.0123.9583] The company has reported a value for us-gaap:StockholdersEquity with the axis StatementClassOfStockAxis with a value of 7,000 to represent the monetary value of the class of stock in equity. This fact however when used in the Statement of Shareholders Equity must include the Component of Equity and associated member indicating if it is preferred stock, common stock or treasury stock. This error could occur because the filer has either 1) used the incorrect element or 2) has NOT included the Statement Equity Components Axis with the Common Stock or Preferred Stock member on the fact. 

The filer should either add the Statement Equity Components Axis and respective stock member in addition to the class of stock axis to the fact, or change the element name from us-gaap:StockholdersEquity to the appropriate element if the value is not included in Stockholders Equity.

Element : us-gaap:StockholdersEquity
Period : 2022-12-31 
Dimensions : us-gaap:StatementClassOfStockAxis=us-gaap:ConvertiblePreferredStockMember

Rule Element Id:9583
Rule version: 23.0.10 - ludg_10k.htm 6756",2024-04-16,ERROR,DQC,123,1960262,"Ludwig Enterprises, Inc.",2024-04-16 17:22:00,0001903596-24-000245,US GAAP 2023,Novaworks,10-K,http://www.sec.gov/Archives/edgar/data/1960262/000190359624000245/ludg_10k.htm,2024-04-16,2024,700302,https://www.sec.gov/Archives/edgar/data/1960262/000190359624000245/0001903596-24-000245-index.htm,8071,10k-ludg-20231231
DQC.US.0123.9583,"2024-04-16 18:47:53,615 [DQC.US.0123.9583] The company has reported a value for us-gaap:StockholdersEquity with the axis StatementClassOfStockAxis with a value of 7,000 to represent the monetary value of the class of stock in equity. This fact however when used in the Statement of Shareholders Equity must include the Component of Equity and associated member indicating if it is preferred stock, common stock or treasury stock. This error could occur because the filer has either 1) used the incorrect element or 2) has NOT included the Statement Equity Components Axis with the Common Stock or Preferred Stock member on the fact. 

The filer should either add the Statement Equity Components Axis and respective stock member in addition to the class of stock axis to the fact, or change the element name from us-gaap:StockholdersEquity to the appropriate element if the value is not included in Stockholders Equity.

Element : us-gaap:StockholdersEquity
Period : 2023-12-31 
Dimensions : us-gaap:StatementClassOfStockAxis=us-gaap:ConvertiblePreferredStockMember

Rule Element Id:9583
Rule version: 23.0.10 - ludg_10k.htm 6837",2024-04-16,ERROR,DQC,123,1960262,"Ludwig Enterprises, Inc.",2024-04-16 17:22:00,0001903596-24-000245,US GAAP 2023,Novaworks,10-K,http://www.sec.gov/Archives/edgar/data/1960262/000190359624000245/ludg_10k.htm,2024-04-16,2024,700302,https://www.sec.gov/Archives/edgar/data/1960262/000190359624000245/0001903596-24-000245-index.htm,8071,10k-ludg-20231231
DQC.US.0123.9583,"2024-05-16 23:54:18,720 [DQC.US.0123.9583] The company has reported a value for us-gaap:StockholdersEquity with the axis StatementClassOfStockAxis with a value of 1 to represent the monetary value of the class of stock in equity. This fact however when used in the Statement of Shareholders Equity must include the Component of Equity and associated member indicating if it is preferred stock, common stock or treasury stock. This error could occur because the filer has either 1) used the incorrect element or 2) has NOT included the Statement Equity Components Axis with the Common Stock or Preferred Stock member on the fact. 

The filer should either add the Statement Equity Components Axis and respective stock member in addition to the class of stock axis to the fact, or change the element name from us-gaap:StockholdersEquity to the appropriate element if the value is not included in Stockholders Equity.

Element : us-gaap:StockholdersEquity
Period : 2024-03-31 
Dimensions : us-gaap:StatementClassOfStockAxis=us-gaap:SeriesCPreferredStockMember

Rule Element Id:9583
Rule version: 23.0.11 - g084223_10q.htm 3282",2024-05-17,ERROR,DQC,123,1919246,Channel Therapeutics Corporation,2024-05-15 16:06:00,0001753926-24-000976,US GAAP 2024,Novaworks,10-Q,http://www.sec.gov/Archives/edgar/data/1919246/000175392624000976/g084223_10q.htm,2024-05-15,2024,716348,https://www.sec.gov/Archives/edgar/data/1919246/000175392624000976/0001753926-24-000976-index.htm,2836,10q-chro-20240331
DQC.US.0123.9583,"2024-05-16 23:54:18,721 [DQC.US.0123.9583] The company has reported a value for us-gaap:StockholdersEquity with the axis StatementClassOfStockAxis with a value of 60 to represent the monetary value of the class of stock in equity. This fact however when used in the Statement of Shareholders Equity must include the Component of Equity and associated member indicating if it is preferred stock, common stock or treasury stock. This error could occur because the filer has either 1) used the incorrect element or 2) has NOT included the Statement Equity Components Axis with the Common Stock or Preferred Stock member on the fact. 

The filer should either add the Statement Equity Components Axis and respective stock member in addition to the class of stock axis to the fact, or change the element name from us-gaap:StockholdersEquity to the appropriate element if the value is not included in Stockholders Equity.

Element : us-gaap:StockholdersEquity
Period : 2022-12-31 
Dimensions : us-gaap:StatementClassOfStockAxis=us-gaap:SeriesAPreferredStockMember

Rule Element Id:9583
Rule version: 23.0.11 - g084223_10q.htm 2431",2024-05-17,ERROR,DQC,123,1919246,Channel Therapeutics Corporation,2024-05-15 16:06:00,0001753926-24-000976,US GAAP 2024,Novaworks,10-Q,http://www.sec.gov/Archives/edgar/data/1919246/000175392624000976/g084223_10q.htm,2024-05-15,2024,716348,https://www.sec.gov/Archives/edgar/data/1919246/000175392624000976/0001753926-24-000976-index.htm,2836,10q-chro-20240331
DQC.US.0123.9583,"2024-05-16 23:54:18,721 [DQC.US.0123.9583] The company has reported a value for us-gaap:StockholdersEquity with the axis StatementClassOfStockAxis with a value of 60 to represent the monetary value of the class of stock in equity. This fact however when used in the Statement of Shareholders Equity must include the Component of Equity and associated member indicating if it is preferred stock, common stock or treasury stock. This error could occur because the filer has either 1) used the incorrect element or 2) has NOT included the Statement Equity Components Axis with the Common Stock or Preferred Stock member on the fact. 

The filer should either add the Statement Equity Components Axis and respective stock member in addition to the class of stock axis to the fact, or change the element name from us-gaap:StockholdersEquity to the appropriate element if the value is not included in Stockholders Equity.

Element : us-gaap:StockholdersEquity
Period : 2023-03-31 
Dimensions : us-gaap:StatementClassOfStockAxis=us-gaap:SeriesAPreferredStockMember

Rule Element Id:9583
Rule version: 23.0.11 - g084223_10q.htm 2621",2024-05-17,ERROR,DQC,123,1919246,Channel Therapeutics Corporation,2024-05-15 16:06:00,0001753926-24-000976,US GAAP 2024,Novaworks,10-Q,http://www.sec.gov/Archives/edgar/data/1919246/000175392624000976/g084223_10q.htm,2024-05-15,2024,716348,https://www.sec.gov/Archives/edgar/data/1919246/000175392624000976/0001753926-24-000976-index.htm,2836,10q-chro-20240331
DQC.US.0123.9583,"2024-05-16 23:54:18,721 [DQC.US.0123.9583] The company has reported a value for us-gaap:StockholdersEquity with the axis StatementClassOfStockAxis with a value of 60 to represent the monetary value of the class of stock in equity. This fact however when used in the Statement of Shareholders Equity must include the Component of Equity and associated member indicating if it is preferred stock, common stock or treasury stock. This error could occur because the filer has either 1) used the incorrect element or 2) has NOT included the Statement Equity Components Axis with the Common Stock or Preferred Stock member on the fact. 

The filer should either add the Statement Equity Components Axis and respective stock member in addition to the class of stock axis to the fact, or change the element name from us-gaap:StockholdersEquity to the appropriate element if the value is not included in Stockholders Equity.

Element : us-gaap:StockholdersEquity
Period : 2023-12-31 
Dimensions : us-gaap:StatementClassOfStockAxis=us-gaap:SeriesAPreferredStockMember

Rule Element Id:9583
Rule version: 23.0.11 - g084223_10q.htm 2808",2024-05-17,ERROR,DQC,123,1919246,Channel Therapeutics Corporation,2024-05-15 16:06:00,0001753926-24-000976,US GAAP 2024,Novaworks,10-Q,http://www.sec.gov/Archives/edgar/data/1919246/000175392624000976/g084223_10q.htm,2024-05-15,2024,716348,https://www.sec.gov/Archives/edgar/data/1919246/000175392624000976/0001753926-24-000976-index.htm,2836,10q-chro-20240331
DQC.US.0123.9583,"2024-05-20 19:36:23,786 [DQC.US.0123.9583] The company has reported a value for us-gaap:StockholdersEquity with the axis StatementClassOfStockAxis with a value of 7,000 to represent the monetary value of the class of stock in equity. This fact however when used in the Statement of Shareholders Equity must include the Component of Equity and associated member indicating if it is preferred stock, common stock or treasury stock. This error could occur because the filer has either 1) used the incorrect element or 2) has NOT included the Statement Equity Components Axis with the Common Stock or Preferred Stock member on the fact. 

The filer should either add the Statement Equity Components Axis and respective stock member in addition to the class of stock axis to the fact, or change the element name from us-gaap:StockholdersEquity to the appropriate element if the value is not included in Stockholders Equity.

Element : us-gaap:StockholdersEquity
Period : 2022-12-31 
Dimensions : us-gaap:StatementClassOfStockAxis=us-gaap:ConvertiblePreferredStockMember

Rule Element Id:9583
Rule version: 23.0.11 - ludg_10q.htm 1826",2024-05-20,ERROR,DQC,123,1960262,"Ludwig Enterprises, Inc.",2024-05-20 17:21:00,0001903596-24-000339,US GAAP 2024,Novaworks,10-Q,http://www.sec.gov/Archives/edgar/data/1960262/000190359624000339/ludg_10q.htm,2024-05-20,2024,718289,https://www.sec.gov/Archives/edgar/data/1960262/000190359624000339/0001903596-24-000339-index.htm,8071,10q-ludg-20240513
DQC.US.0123.9583,"2024-05-20 19:36:23,786 [DQC.US.0123.9583] The company has reported a value for us-gaap:StockholdersEquity with the axis StatementClassOfStockAxis with a value of 7,000 to represent the monetary value of the class of stock in equity. This fact however when used in the Statement of Shareholders Equity must include the Component of Equity and associated member indicating if it is preferred stock, common stock or treasury stock. This error could occur because the filer has either 1) used the incorrect element or 2) has NOT included the Statement Equity Components Axis with the Common Stock or Preferred Stock member on the fact. 

The filer should either add the Statement Equity Components Axis and respective stock member in addition to the class of stock axis to the fact, or change the element name from us-gaap:StockholdersEquity to the appropriate element if the value is not included in Stockholders Equity.

Element : us-gaap:StockholdersEquity
Period : 2023-12-31 
Dimensions : us-gaap:StatementClassOfStockAxis=us-gaap:ConvertiblePreferredStockMember

Rule Element Id:9583
Rule version: 23.0.11 - ludg_10q.htm 1694",2024-05-20,ERROR,DQC,123,1960262,"Ludwig Enterprises, Inc.",2024-05-20 17:21:00,0001903596-24-000339,US GAAP 2024,Novaworks,10-Q,http://www.sec.gov/Archives/edgar/data/1960262/000190359624000339/ludg_10q.htm,2024-05-20,2024,718289,https://www.sec.gov/Archives/edgar/data/1960262/000190359624000339/0001903596-24-000339-index.htm,8071,10q-ludg-20240513
DQC.US.0123.9583,"2024-05-20 19:36:23,786 [DQC.US.0123.9583] The company has reported a value for us-gaap:StockholdersEquity with the axis StatementClassOfStockAxis with a value of 7,000 to represent the monetary value of the class of stock in equity. This fact however when used in the Statement of Shareholders Equity must include the Component of Equity and associated member indicating if it is preferred stock, common stock or treasury stock. This error could occur because the filer has either 1) used the incorrect element or 2) has NOT included the Statement Equity Components Axis with the Common Stock or Preferred Stock member on the fact. 

The filer should either add the Statement Equity Components Axis and respective stock member in addition to the class of stock axis to the fact, or change the element name from us-gaap:StockholdersEquity to the appropriate element if the value is not included in Stockholders Equity.

Element : us-gaap:StockholdersEquity
Period : 2024-03-31 
Dimensions : us-gaap:StatementClassOfStockAxis=us-gaap:ConvertiblePreferredStockMember

Rule Element Id:9583
Rule version: 23.0.11 - ludg_10q.htm 1761",2024-05-20,ERROR,DQC,123,1960262,"Ludwig Enterprises, Inc.",2024-05-20 17:21:00,0001903596-24-000339,US GAAP 2024,Novaworks,10-Q,http://www.sec.gov/Archives/edgar/data/1960262/000190359624000339/ludg_10q.htm,2024-05-20,2024,718289,https://www.sec.gov/Archives/edgar/data/1960262/000190359624000339/0001903596-24-000339-index.htm,8071,10q-ludg-20240513
DQC.US.0123.9583,"2024-05-20 19:36:23,787 [DQC.US.0123.9583] The company has reported a value for us-gaap:StockholdersEquity with the axis StatementClassOfStockAxis with a value of 7,000 to represent the monetary value of the class of stock in equity. This fact however when used in the Statement of Shareholders Equity must include the Component of Equity and associated member indicating if it is preferred stock, common stock or treasury stock. This error could occur because the filer has either 1) used the incorrect element or 2) has NOT included the Statement Equity Components Axis with the Common Stock or Preferred Stock member on the fact. 

The filer should either add the Statement Equity Components Axis and respective stock member in addition to the class of stock axis to the fact, or change the element name from us-gaap:StockholdersEquity to the appropriate element if the value is not included in Stockholders Equity.

Element : us-gaap:StockholdersEquity
Period : 2023-03-31 
Dimensions : us-gaap:StatementClassOfStockAxis=us-gaap:ConvertiblePreferredStockMember

Rule Element Id:9583
Rule version: 23.0.11 - ludg_10q.htm 1871",2024-05-20,ERROR,DQC,123,1960262,"Ludwig Enterprises, Inc.",2024-05-20 17:21:00,0001903596-24-000339,US GAAP 2024,Novaworks,10-Q,http://www.sec.gov/Archives/edgar/data/1960262/000190359624000339/ludg_10q.htm,2024-05-20,2024,718289,https://www.sec.gov/Archives/edgar/data/1960262/000190359624000339/0001903596-24-000339-index.htm,8071,10q-ludg-20240513
DQC.US.0123.9583,"2024-05-30 17:20:37,254 [DQC.US.0123.9583] The company has reported a value for us-gaap:StockholdersEquity with the axis StatementClassOfStockAxis with a value of 5,000 to represent the monetary value of the class of stock in equity. This fact however when used in the Statement of Shareholders Equity must include the Component of Equity and associated member indicating if it is preferred stock, common stock or treasury stock. This error could occur because the filer has either 1) used the incorrect element or 2) has NOT included the Statement Equity Components Axis with the Common Stock or Preferred Stock member on the fact. 

The filer should either add the Statement Equity Components Axis and respective stock member in addition to the class of stock axis to the fact, or change the element name from us-gaap:StockholdersEquity to the appropriate element if the value is not included in Stockholders Equity.

Element : us-gaap:StockholdersEquity
Period : 2022-02-28 
Dimensions : us-gaap:StatementClassOfStockAxis=loop:CommonStocksMember

Rule Element Id:9583
Rule version: 23.0.12 - loop_10k.htm 2",2024-05-30,ERROR,DQC,123,1504678,"LOOP INDUSTRIES, INC.",2024-05-29 16:56:00,0001654954-24-007029,US GAAP 2023,XBRL Document Created with XBRLMaster,10-K,http://www.sec.gov/Archives/edgar/data/1504678/000165495424007029/loop_10k.htm,2024-05-29,2024,720730,https://www.sec.gov/Archives/edgar/data/1504678/000165495424007029/0001654954-24-007029-index.htm,2800,10k-loop-20240229
DQC.US.0123.9583,"2024-05-30 17:20:37,255 [DQC.US.0123.9583] The company has reported a value for us-gaap:StockholdersEquity with the axis StatementClassOfStockAxis with a value of 5,000 to represent the monetary value of the class of stock in equity. This fact however when used in the Statement of Shareholders Equity must include the Component of Equity and associated member indicating if it is preferred stock, common stock or treasury stock. This error could occur because the filer has either 1) used the incorrect element or 2) has NOT included the Statement Equity Components Axis with the Common Stock or Preferred Stock member on the fact. 

The filer should either add the Statement Equity Components Axis and respective stock member in addition to the class of stock axis to the fact, or change the element name from us-gaap:StockholdersEquity to the appropriate element if the value is not included in Stockholders Equity.

Element : us-gaap:StockholdersEquity
Period : 2023-02-28 
Dimensions : us-gaap:StatementClassOfStockAxis=loop:CommonStocksMember

Rule Element Id:9583
Rule version: 23.0.12 - loop_10k.htm 2",2024-05-30,ERROR,DQC,123,1504678,"LOOP INDUSTRIES, INC.",2024-05-29 16:56:00,0001654954-24-007029,US GAAP 2023,XBRL Document Created with XBRLMaster,10-K,http://www.sec.gov/Archives/edgar/data/1504678/000165495424007029/loop_10k.htm,2024-05-29,2024,720730,https://www.sec.gov/Archives/edgar/data/1504678/000165495424007029/0001654954-24-007029-index.htm,2800,10k-loop-20240229
DQC.US.0123.9583,"2024-05-30 18:04:58,540 [DQC.US.0123.9583] The company has reported a value for us-gaap:StockholdersEquityIncludingPortionAttributableToNoncontrollingInterest with the axis StatementClassOfStockAxis with a value of 0 to represent the monetary value of the class of stock in equity. This fact however when used in the Statement of Shareholders Equity must include the Component of Equity and associated member indicating if it is preferred stock, common stock or treasury stock. This error could occur because the filer has either 1) used the incorrect element or 2) has NOT included the Statement Equity Components Axis with the Common Stock or Preferred Stock member on the fact. 

The filer should either add the Statement Equity Components Axis and respective stock member in addition to the class of stock axis to the fact, or change the element name from us-gaap:StockholdersEquityIncludingPortionAttributableToNoncontrollingInterest to the appropriate element if the value is not included in Stockholders Equity.

Element : us-gaap:StockholdersEquityIncludingPortionAttributableToNoncontrollingInterest
Period : 2021-03-31 
Dimensions : us-gaap:StatementClassOfStockAxis=us-gaap:NonvotingCommonStockMember

Rule Element Id:9583
Rule version: 23.0.12 - uhal-20240331.htm 15541",2024-05-30,ERROR,DQC,123,4457,U-Haul Holding Company,2024-05-30 16:55:00,0000950170-24-066736,US GAAP 2023,DFIN New ActiveDisclosure (SM) XBRL Schema Document - http://www.dfinsolutions.com/,10-K,http://www.sec.gov/Archives/edgar/data/4457/000095017024066736/uhal-20240331.htm,2024-05-30,2024,721182,https://www.sec.gov/Archives/edgar/data/4457/000095017024066736/0000950170-24-066736-index.htm,7510,10k-uhal-20240331
DQC.US.0123.9583,"2024-05-30 18:04:58,540 [DQC.US.0123.9583] The company has reported a value for us-gaap:StockholdersEquityIncludingPortionAttributableToNoncontrollingInterest with the axis StatementClassOfStockAxis with a value of 0 to represent the monetary value of the class of stock in equity. This fact however when used in the Statement of Shareholders Equity must include the Component of Equity and associated member indicating if it is preferred stock, common stock or treasury stock. This error could occur because the filer has either 1) used the incorrect element or 2) has NOT included the Statement Equity Components Axis with the Common Stock or Preferred Stock member on the fact. 

The filer should either add the Statement Equity Components Axis and respective stock member in addition to the class of stock axis to the fact, or change the element name from us-gaap:StockholdersEquityIncludingPortionAttributableToNoncontrollingInterest to the appropriate element if the value is not included in Stockholders Equity.

Element : us-gaap:StockholdersEquityIncludingPortionAttributableToNoncontrollingInterest
Period : 2022-03-31 
Dimensions : us-gaap:StatementClassOfStockAxis=us-gaap:NonvotingCommonStockMember

Rule Element Id:9583
Rule version: 23.0.12 - uhal-20240331.htm 15926",2024-05-30,ERROR,DQC,123,4457,U-Haul Holding Company,2024-05-30 16:55:00,0000950170-24-066736,US GAAP 2023,DFIN New ActiveDisclosure (SM) XBRL Schema Document - http://www.dfinsolutions.com/,10-K,http://www.sec.gov/Archives/edgar/data/4457/000095017024066736/uhal-20240331.htm,2024-05-30,2024,721182,https://www.sec.gov/Archives/edgar/data/4457/000095017024066736/0000950170-24-066736-index.htm,7510,10k-uhal-20240331
DQC.US.0123.9583,"2024-05-30 18:04:58,541 [DQC.US.0123.9583] The company has reported a value for us-gaap:StockholdersEquityIncludingPortionAttributableToNoncontrollingInterest with the axis StatementClassOfStockAxis with a value of 176,000 to represent the monetary value of the class of stock in equity. This fact however when used in the Statement of Shareholders Equity must include the Component of Equity and associated member indicating if it is preferred stock, common stock or treasury stock. This error could occur because the filer has either 1) used the incorrect element or 2) has NOT included the Statement Equity Components Axis with the Common Stock or Preferred Stock member on the fact. 

The filer should either add the Statement Equity Components Axis and respective stock member in addition to the class of stock axis to the fact, or change the element name from us-gaap:StockholdersEquityIncludingPortionAttributableToNoncontrollingInterest to the appropriate element if the value is not included in Stockholders Equity.

Element : us-gaap:StockholdersEquityIncludingPortionAttributableToNoncontrollingInterest
Period : 2023-03-31 
Dimensions : us-gaap:StatementClassOfStockAxis=us-gaap:NonvotingCommonStockMember

Rule Element Id:9583
Rule version: 23.0.12 - uhal-20240331.htm 16311",2024-05-30,ERROR,DQC,123,4457,U-Haul Holding Company,2024-05-30 16:55:00,0000950170-24-066736,US GAAP 2023,DFIN New ActiveDisclosure (SM) XBRL Schema Document - http://www.dfinsolutions.com/,10-K,http://www.sec.gov/Archives/edgar/data/4457/000095017024066736/uhal-20240331.htm,2024-05-30,2024,721182,https://www.sec.gov/Archives/edgar/data/4457/000095017024066736/0000950170-24-066736-index.htm,7510,10k-uhal-20240331
DQC.US.0123.9583,"2024-05-30 18:04:58,541 [DQC.US.0123.9583] The company has reported a value for us-gaap:StockholdersEquityIncludingPortionAttributableToNoncontrollingInterest with the axis StatementClassOfStockAxis with a value of 176,000 to represent the monetary value of the class of stock in equity. This fact however when used in the Statement of Shareholders Equity must include the Component of Equity and associated member indicating if it is preferred stock, common stock or treasury stock. This error could occur because the filer has either 1) used the incorrect element or 2) has NOT included the Statement Equity Components Axis with the Common Stock or Preferred Stock member on the fact. 

The filer should either add the Statement Equity Components Axis and respective stock member in addition to the class of stock axis to the fact, or change the element name from us-gaap:StockholdersEquityIncludingPortionAttributableToNoncontrollingInterest to the appropriate element if the value is not included in Stockholders Equity.

Element : us-gaap:StockholdersEquityIncludingPortionAttributableToNoncontrollingInterest
Period : 2024-03-31 
Dimensions : us-gaap:StatementClassOfStockAxis=us-gaap:NonvotingCommonStockMember

Rule Element Id:9583
Rule version: 23.0.12 - uhal-20240331.htm 16661",2024-05-30,ERROR,DQC,123,4457,U-Haul Holding Company,2024-05-30 16:55:00,0000950170-24-066736,US GAAP 2023,DFIN New ActiveDisclosure (SM) XBRL Schema Document - http://www.dfinsolutions.com/,10-K,http://www.sec.gov/Archives/edgar/data/4457/000095017024066736/uhal-20240331.htm,2024-05-30,2024,721182,https://www.sec.gov/Archives/edgar/data/4457/000095017024066736/0000950170-24-066736-index.htm,7510,10k-uhal-20240331
DQC.US.0123.9583,"2024-07-15 20:22:57,656 [DQC.US.0123.9583] The company has reported a value for us-gaap:StockholdersEquity with the axis StatementClassOfStockAxis with a value of 5,000 to represent the monetary value of the class of stock in equity. This fact however when used in the Statement of Shareholders Equity must include the Component of Equity and associated member indicating if it is preferred stock, common stock or treasury stock. This error could occur because the filer has either 1) used the incorrect element or 2) has NOT included the Statement Equity Components Axis with the Common Stock or Preferred Stock member on the fact. 

The filer should either add the Statement Equity Components Axis and respective stock member in addition to the class of stock axis to the fact, or change the element name from us-gaap:StockholdersEquity to the appropriate element if the value is not included in Stockholders Equity.

Element : us-gaap:StockholdersEquity
Period : 2024-02-29 
Dimensions : us-gaap:StatementClassOfStockAxis=loop:CommonStocksMember

Rule Element Id:9583
Rule version: 24.0.0 - loop_10q.htm 2",2024-07-16,ERROR,DQC,123,1504678,"LOOP INDUSTRIES, INC.",2024-07-15 17:05:00,0001654954-24-008942,US GAAP 2024,XBRL Document Created with XBRLMaster,10-Q,http://www.sec.gov/Archives/edgar/data/1504678/000165495424008942/loop_10q.htm,2024-07-15,2024,739477,https://www.sec.gov/Archives/edgar/data/1504678/000165495424008942/0001654954-24-008942-index.htm,2800,10q-loop-20240531
DQC.US.0123.9583,"2024-07-15 20:22:57,657 [DQC.US.0123.9583] The company has reported a value for us-gaap:StockholdersEquity with the axis StatementClassOfStockAxis with a value of 5,000 to represent the monetary value of the class of stock in equity. This fact however when used in the Statement of Shareholders Equity must include the Component of Equity and associated member indicating if it is preferred stock, common stock or treasury stock. This error could occur because the filer has either 1) used the incorrect element or 2) has NOT included the Statement Equity Components Axis with the Common Stock or Preferred Stock member on the fact. 

The filer should either add the Statement Equity Components Axis and respective stock member in addition to the class of stock axis to the fact, or change the element name from us-gaap:StockholdersEquity to the appropriate element if the value is not included in Stockholders Equity.

Element : us-gaap:StockholdersEquity
Period : 2023-02-28 
Dimensions : us-gaap:StatementClassOfStockAxis=loop:CommonStocksMember

Rule Element Id:9583
Rule version: 24.0.0 - loop_10q.htm 2",2024-07-16,ERROR,DQC,123,1504678,"LOOP INDUSTRIES, INC.",2024-07-15 17:05:00,0001654954-24-008942,US GAAP 2024,XBRL Document Created with XBRLMaster,10-Q,http://www.sec.gov/Archives/edgar/data/1504678/000165495424008942/loop_10q.htm,2024-07-15,2024,739477,https://www.sec.gov/Archives/edgar/data/1504678/000165495424008942/0001654954-24-008942-index.htm,2800,10q-loop-20240531
DQC.US.0123.9583,"2024-08-21 06:22:34,294 [DQC.US.0123.9583] The company has reported a value for us-gaap:StockholdersEquity with the axis StatementClassOfStockAxis with a value of 60 to represent the monetary value of the class of stock in equity. This fact however when used in the Statement of Shareholders Equity must include the Component of Equity and associated member indicating if it is preferred stock, common stock or treasury stock. This error could occur because the filer has either 1) used the incorrect element or 2) has NOT included the Statement Equity Components Axis with the Common Stock or Preferred Stock member on the fact. 

The filer should either add the Statement Equity Components Axis and respective stock member in addition to the class of stock axis to the fact, or change the element name from us-gaap:StockholdersEquity to the appropriate element if the value is not included in Stockholders Equity.

Element : us-gaap:StockholdersEquity
Period : 2022-12-31 
Dimensions : us-gaap:StatementClassOfStockAxis=us-gaap:SeriesAPreferredStockMember

Rule Element Id:9583
Rule version: 24.0.4 - g084373_10q.htm 3233",2024-08-21,ERROR,DQC,123,1919246,Channel Therapeutics Corporation,2024-08-13 16:31:00,0001753926-24-001423,US GAAP 2024,Novaworks,10-Q,http://www.sec.gov/Archives/edgar/data/1919246/000175392624001423/g084373_10q.htm,2024-08-13,2024,751810,https://www.sec.gov/Archives/edgar/data/1919246/000175392624001423/0001753926-24-001423-index.htm,2836,10q-chro-20240630
DQC.US.0123.9583,"2024-08-21 06:22:34,294 [DQC.US.0123.9583] The company has reported a value for us-gaap:StockholdersEquity with the axis StatementClassOfStockAxis with a value of 60 to represent the monetary value of the class of stock in equity. This fact however when used in the Statement of Shareholders Equity must include the Component of Equity and associated member indicating if it is preferred stock, common stock or treasury stock. This error could occur because the filer has either 1) used the incorrect element or 2) has NOT included the Statement Equity Components Axis with the Common Stock or Preferred Stock member on the fact. 

The filer should either add the Statement Equity Components Axis and respective stock member in addition to the class of stock axis to the fact, or change the element name from us-gaap:StockholdersEquity to the appropriate element if the value is not included in Stockholders Equity.

Element : us-gaap:StockholdersEquity
Period : 2023-06-30 
Dimensions : us-gaap:StatementClassOfStockAxis=us-gaap:SeriesAPreferredStockMember

Rule Element Id:9583
Rule version: 24.0.4 - g084373_10q.htm 3697",2024-08-21,ERROR,DQC,123,1919246,Channel Therapeutics Corporation,2024-08-13 16:31:00,0001753926-24-001423,US GAAP 2024,Novaworks,10-Q,http://www.sec.gov/Archives/edgar/data/1919246/000175392624001423/g084373_10q.htm,2024-08-13,2024,751810,https://www.sec.gov/Archives/edgar/data/1919246/000175392624001423/0001753926-24-001423-index.htm,2836,10q-chro-20240630
DQC.US.0123.9583,"2024-08-21 06:22:34,294 [DQC.US.0123.9583] The company has reported a value for us-gaap:StockholdersEquity with the axis StatementClassOfStockAxis with a value of 60 to represent the monetary value of the class of stock in equity. This fact however when used in the Statement of Shareholders Equity must include the Component of Equity and associated member indicating if it is preferred stock, common stock or treasury stock. This error could occur because the filer has either 1) used the incorrect element or 2) has NOT included the Statement Equity Components Axis with the Common Stock or Preferred Stock member on the fact. 

The filer should either add the Statement Equity Components Axis and respective stock member in addition to the class of stock axis to the fact, or change the element name from us-gaap:StockholdersEquity to the appropriate element if the value is not included in Stockholders Equity.

Element : us-gaap:StockholdersEquity
Period : 2023-12-31 
Dimensions : us-gaap:StatementClassOfStockAxis=us-gaap:SeriesAPreferredStockMember

Rule Element Id:9583
Rule version: 24.0.4 - g084373_10q.htm 3833",2024-08-21,ERROR,DQC,123,1919246,Channel Therapeutics Corporation,2024-08-13 16:31:00,0001753926-24-001423,US GAAP 2024,Novaworks,10-Q,http://www.sec.gov/Archives/edgar/data/1919246/000175392624001423/g084373_10q.htm,2024-08-13,2024,751810,https://www.sec.gov/Archives/edgar/data/1919246/000175392624001423/0001753926-24-001423-index.htm,2836,10q-chro-20240630
DQC.US.0123.9583,"2024-08-21 06:22:34,295 [DQC.US.0123.9583] The company has reported a value for us-gaap:StockholdersEquity with the axis StatementClassOfStockAxis with a value of 60 to represent the monetary value of the class of stock in equity. This fact however when used in the Statement of Shareholders Equity must include the Component of Equity and associated member indicating if it is preferred stock, common stock or treasury stock. This error could occur because the filer has either 1) used the incorrect element or 2) has NOT included the Statement Equity Components Axis with the Common Stock or Preferred Stock member on the fact. 

The filer should either add the Statement Equity Components Axis and respective stock member in addition to the class of stock axis to the fact, or change the element name from us-gaap:StockholdersEquity to the appropriate element if the value is not included in Stockholders Equity.

Element : us-gaap:StockholdersEquity
Period : 2023-03-31 
Dimensions : us-gaap:StatementClassOfStockAxis=us-gaap:SeriesAPreferredStockMember

Rule Element Id:9583
Rule version: 24.0.4 - g084373_10q.htm 3426",2024-08-21,ERROR,DQC,123,1919246,Channel Therapeutics Corporation,2024-08-13 16:31:00,0001753926-24-001423,US GAAP 2024,Novaworks,10-Q,http://www.sec.gov/Archives/edgar/data/1919246/000175392624001423/g084373_10q.htm,2024-08-13,2024,751810,https://www.sec.gov/Archives/edgar/data/1919246/000175392624001423/0001753926-24-001423-index.htm,2836,10q-chro-20240630
DQC.US.0123.9583,"2024-10-17 07:52:06,508 [DQC.US.0123.9583] The company has reported a value for us-gaap:StockholdersEquity with the axis StatementClassOfStockAxis with a value of 5,000 to represent the monetary value of the class of stock in equity. This fact however when used in the Statement of Shareholders Equity must include the Component of Equity and associated member indicating if it is preferred stock, common stock or treasury stock. This error could occur because the filer has either 1) used the incorrect element or 2) has NOT included the Statement Equity Components Axis with the Common Stock or Preferred Stock member on the fact. 

The filer should either add the Statement Equity Components Axis and respective stock member in addition to the class of stock axis to the fact, or change the element name from us-gaap:StockholdersEquity to the appropriate element if the value is not included in Stockholders Equity.

Element : us-gaap:StockholdersEquity
Period : 2023-02-28 
Dimensions : us-gaap:StatementClassOfStockAxis=loop:CommonStocksMember

Rule Element Id:9583
Rule version: 25.0.1 - loop_10q.htm 2",2024-10-17,ERROR,DQC,123,1504678,"LOOP INDUSTRIES, INC.",2024-10-15 17:27:00,0001654954-24-012999,US GAAP 2024,XBRL Document Created with XBRLMaster,10-Q,http://www.sec.gov/Archives/edgar/data/1504678/000165495424012999/loop_10q.htm,2024-10-15,2024,768354,https://www.sec.gov/Archives/edgar/data/1504678/000165495424012999/0001654954-24-012999-index.htm,2800,10q-loop-20240831
DQC.US.0123.9583,"2024-10-17 07:52:06,508 [DQC.US.0123.9583] The company has reported a value for us-gaap:StockholdersEquity with the axis StatementClassOfStockAxis with a value of 5,000 to represent the monetary value of the class of stock in equity. This fact however when used in the Statement of Shareholders Equity must include the Component of Equity and associated member indicating if it is preferred stock, common stock or treasury stock. This error could occur because the filer has either 1) used the incorrect element or 2) has NOT included the Statement Equity Components Axis with the Common Stock or Preferred Stock member on the fact. 

The filer should either add the Statement Equity Components Axis and respective stock member in addition to the class of stock axis to the fact, or change the element name from us-gaap:StockholdersEquity to the appropriate element if the value is not included in Stockholders Equity.

Element : us-gaap:StockholdersEquity
Period : 2024-02-29 
Dimensions : us-gaap:StatementClassOfStockAxis=loop:CommonStocksMember

Rule Element Id:9583
Rule version: 25.0.1 - loop_10q.htm 2",2024-10-17,ERROR,DQC,123,1504678,"LOOP INDUSTRIES, INC.",2024-10-15 17:27:00,0001654954-24-012999,US GAAP 2024,XBRL Document Created with XBRLMaster,10-Q,http://www.sec.gov/Archives/edgar/data/1504678/000165495424012999/loop_10q.htm,2024-10-15,2024,768354,https://www.sec.gov/Archives/edgar/data/1504678/000165495424012999/0001654954-24-012999-index.htm,2800,10q-loop-20240831
DQC.US.0123.9583,"2024-11-18 01:08:56,142 [DQC.US.0123.9583] The company has reported a value for us-gaap:StockholdersEquity with the axis StatementClassOfStockAxis with a value of 60 to represent the monetary value of the class of stock in equity. This fact however when used in the Statement of Shareholders Equity must include the Component of Equity and associated member indicating if it is preferred stock, common stock or treasury stock. This error could occur because the filer has either 1) used the incorrect element or 2) has NOT included the Statement Equity Components Axis with the Common Stock or Preferred Stock member on the fact. 

The filer should either add the Statement Equity Components Axis and respective stock member in addition to the class of stock axis to the fact, or change the element name from us-gaap:StockholdersEquity to the appropriate element if the value is not included in Stockholders Equity.

Element : us-gaap:StockholdersEquity
Period : 2022-12-31 
Dimensions : us-gaap:StatementClassOfStockAxis=us-gaap:SeriesAPreferredStockMember

Rule Element Id:9583
Rule version: 25.0.4 - g084536_10q.htm 3214",2024-11-18,ERROR,DQC,123,1919246,Channel Therapeutics Corporation,2024-11-13 16:30:00,0001753926-24-001883,US GAAP 2024,IBM,10-Q,http://www.sec.gov/Archives/edgar/data/1919246/000175392624001883/g084536_10q.htm,2024-11-13,2024,780488,https://www.sec.gov/Archives/edgar/data/1919246/000175392624001883/0001753926-24-001883-index.htm,2836,10q-chro-20240930
DQC.US.0123.9583,"2024-11-18 01:08:56,142 [DQC.US.0123.9583] The company has reported a value for us-gaap:StockholdersEquity with the axis StatementClassOfStockAxis with a value of 60 to represent the monetary value of the class of stock in equity. This fact however when used in the Statement of Shareholders Equity must include the Component of Equity and associated member indicating if it is preferred stock, common stock or treasury stock. This error could occur because the filer has either 1) used the incorrect element or 2) has NOT included the Statement Equity Components Axis with the Common Stock or Preferred Stock member on the fact. 

The filer should either add the Statement Equity Components Axis and respective stock member in addition to the class of stock axis to the fact, or change the element name from us-gaap:StockholdersEquity to the appropriate element if the value is not included in Stockholders Equity.

Element : us-gaap:StockholdersEquity
Period : 2023-09-30 
Dimensions : us-gaap:StatementClassOfStockAxis=us-gaap:SeriesAPreferredStockMember

Rule Element Id:9583
Rule version: 25.0.4 - g084536_10q.htm 3414",2024-11-18,ERROR,DQC,123,1919246,Channel Therapeutics Corporation,2024-11-13 16:30:00,0001753926-24-001883,US GAAP 2024,IBM,10-Q,http://www.sec.gov/Archives/edgar/data/1919246/000175392624001883/g084536_10q.htm,2024-11-13,2024,780488,https://www.sec.gov/Archives/edgar/data/1919246/000175392624001883/0001753926-24-001883-index.htm,2836,10q-chro-20240930
DQC.US.0123.9583,"2024-11-18 01:08:56,142 [DQC.US.0123.9583] The company has reported a value for us-gaap:StockholdersEquity with the axis StatementClassOfStockAxis with a value of 60 to represent the monetary value of the class of stock in equity. This fact however when used in the Statement of Shareholders Equity must include the Component of Equity and associated member indicating if it is preferred stock, common stock or treasury stock. This error could occur because the filer has either 1) used the incorrect element or 2) has NOT included the Statement Equity Components Axis with the Common Stock or Preferred Stock member on the fact. 

The filer should either add the Statement Equity Components Axis and respective stock member in addition to the class of stock axis to the fact, or change the element name from us-gaap:StockholdersEquity to the appropriate element if the value is not included in Stockholders Equity.

Element : us-gaap:StockholdersEquity
Period : 2023-12-31 
Dimensions : us-gaap:StatementClassOfStockAxis=us-gaap:SeriesAPreferredStockMember

Rule Element Id:9583
Rule version: 25.0.4 - g084536_10q.htm 3473",2024-11-18,ERROR,DQC,123,1919246,Channel Therapeutics Corporation,2024-11-13 16:30:00,0001753926-24-001883,US GAAP 2024,IBM,10-Q,http://www.sec.gov/Archives/edgar/data/1919246/000175392624001883/g084536_10q.htm,2024-11-13,2024,780488,https://www.sec.gov/Archives/edgar/data/1919246/000175392624001883/0001753926-24-001883-index.htm,2836,10q-chro-20240930
DQC.US.0123.9583,"2024-11-18 01:08:56,143 [DQC.US.0123.9583] The company has reported a value for us-gaap:StockholdersEquity with the axis StatementClassOfStockAxis with a value of 60 to represent the monetary value of the class of stock in equity. This fact however when used in the Statement of Shareholders Equity must include the Component of Equity and associated member indicating if it is preferred stock, common stock or treasury stock. This error could occur because the filer has either 1) used the incorrect element or 2) has NOT included the Statement Equity Components Axis with the Common Stock or Preferred Stock member on the fact. 

The filer should either add the Statement Equity Components Axis and respective stock member in addition to the class of stock axis to the fact, or change the element name from us-gaap:StockholdersEquity to the appropriate element if the value is not included in Stockholders Equity.

Element : us-gaap:StockholdersEquity
Period : 2023-03-31 
Dimensions : us-gaap:StatementClassOfStockAxis=us-gaap:SeriesAPreferredStockMember

Rule Element Id:9583
Rule version: 25.0.4 - g084536_10q.htm 3269",2024-11-18,ERROR,DQC,123,1919246,Channel Therapeutics Corporation,2024-11-13 16:30:00,0001753926-24-001883,US GAAP 2024,IBM,10-Q,http://www.sec.gov/Archives/edgar/data/1919246/000175392624001883/g084536_10q.htm,2024-11-13,2024,780488,https://www.sec.gov/Archives/edgar/data/1919246/000175392624001883/0001753926-24-001883-index.htm,2836,10q-chro-20240930
DQC.US.0123.9583,"2024-11-18 01:08:56,143 [DQC.US.0123.9583] The company has reported a value for us-gaap:StockholdersEquity with the axis StatementClassOfStockAxis with a value of 60 to represent the monetary value of the class of stock in equity. This fact however when used in the Statement of Shareholders Equity must include the Component of Equity and associated member indicating if it is preferred stock, common stock or treasury stock. This error could occur because the filer has either 1) used the incorrect element or 2) has NOT included the Statement Equity Components Axis with the Common Stock or Preferred Stock member on the fact. 

The filer should either add the Statement Equity Components Axis and respective stock member in addition to the class of stock axis to the fact, or change the element name from us-gaap:StockholdersEquity to the appropriate element if the value is not included in Stockholders Equity.

Element : us-gaap:StockholdersEquity
Period : 2023-06-30 
Dimensions : us-gaap:StatementClassOfStockAxis=us-gaap:SeriesAPreferredStockMember

Rule Element Id:9583
Rule version: 25.0.4 - g084536_10q.htm 3347",2024-11-18,ERROR,DQC,123,1919246,Channel Therapeutics Corporation,2024-11-13 16:30:00,0001753926-24-001883,US GAAP 2024,IBM,10-Q,http://www.sec.gov/Archives/edgar/data/1919246/000175392624001883/g084536_10q.htm,2024-11-13,2024,780488,https://www.sec.gov/Archives/edgar/data/1919246/000175392624001883/0001753926-24-001883-index.htm,2836,10q-chro-20240930
