assertion.code,assertion.detail,assertion.run-date,assertion.severity,assertion.source,assertion.type,entity.cik,entity.name,report.accepted-timestamp,report.accession,report.base-taxonomy,report.creation-software,report.document-type,report.entry-url,report.filing-date,report.filing-year,report.id,report.sec-url,report.sic-code,folder_name
DQC.US.0099.9533,"2022-01-03 11:15:38,239 [DQC.US.0099.9533] 
The following elements are in the presentation linkbase of 00000002 - Statement - CONDENSED BALANCE SHEETS but are not included in any calculation relationship in the filing.
us-gaap:PreferredStockValue
All elements appearing in the face of the financial statements should be included in a calculation relationship somewhere in the filing. Items not included in the financial statement calculations but included in the presentation are referred to as parenthetical items. These usualy appear as a referenced item, or as a value in parenthesis describing that the value reported includes another specific amount.  These values should be reported in a seperate link role for parenthetical items.

This rule will produce an error irrespective of a fact value being entered for the item(s) listed above.
If the item is an additional disclosure in the income statement statement then make sure that is included as a child of one of the following abstract items:
ShareBasedCompensationAllocationAndClassificationInFinancialStatementsAbstract, 
SupplementalIncomeStatementElementsAbstract

Rule Element Id:9533
Rule version: 16.0.10 - IXDS anvi_10q.htm",2022-01-03,ERROR,DQC,99,1570132,"ANVI GLOBAL HOLDINGS, INC.",2022-01-03 10:40:00,0001553350-22-000002,US GAAP 2021,Field: Set; Name: xdx; ID: xdx_050_edei%2D%2DDocumentFiscalYearFocus_2022,10-Q,http://www.sec.gov/Archives/edgar/data/1570132/000155335022000002/anvi_10q.htm,2022-01-03,2022,409852,https://www.sec.gov/Archives/edgar/data/1570132/000155335022000002/0001553350-22-000002-index.htm,5400,10q-anvi-20211130
DQC.US.0099.9533,"2022-01-18 07:01:54,632 [DQC.US.0099.9533] 
The following elements are in the presentation linkbase of 000004 - Statement - Consolidated Statements of Operations (Unaudited) but are not included in any calculation relationship in the filing.
hbr:OtherIncomeExpenseAbstract
All elements appearing in the face of the financial statements should be included in a calculation relationship somewhere in the filing. Items not included in the financial statement calculations but included in the presentation are referred to as parenthetical items. These usualy appear as a referenced item, or as a value in parenthesis describing that the value reported includes another specific amount.  These values should be reported in a seperate link role for parenthetical items.

This rule will produce an error irrespective of a fact value being entered for the item(s) listed above.
If the item is an additional disclosure in the income statement statement then make sure that is included as a child of one of the following abstract items:
ShareBasedCompensationAllocationAndClassificationInFinancialStatementsAbstract, 
SupplementalIncomeStatementElementsAbstract

Rule Element Id:9533
Rule version: 16.0.10 - IXDS hbr_10q.htm",2022-01-18,ERROR,DQC,99,1796949,"GenFlat Holdings, Inc.",2022-01-18 06:02:00,0001654954-22-000549,US GAAP 2020,Document Created by XBRLMaster,10-Q,http://www.sec.gov/Archives/edgar/data/1796949/000165495422000549/hbr_10q.htm,2022-01-18,2022,412314,https://www.sec.gov/Archives/edgar/data/1796949/000165495422000549/0001654954-22-000549-index.htm,8742,10q-hbr-20211130
DQC.US.0099.9533,"2022-01-18 07:01:54,632 [DQC.US.0099.9533] 
The following elements are in the presentation linkbase of 000006 - Statement - Consolidated Statements of Cash Flows (Unaudited) but are not included in any calculation relationship in the filing.
us-gaap:ProceedsFromNotesPayable, 
us-gaap:ProceedsFromIssuanceOrSaleOfEquity, 
us-gaap:ProceedsFromRepaymentsOfRelatedPartyDebt, 
us-gaap:ProceedsFromShortTermDebt
All elements appearing in the face of the financial statements should be included in a calculation relationship somewhere in the filing. Items not included in the financial statement calculations but included in the presentation are referred to as parenthetical items. These usualy appear as a referenced item, or as a value in parenthesis describing that the value reported includes another specific amount.  These values should be reported in a seperate link role for parenthetical items.

This rule will produce an error irrespective of a fact value being entered for the item(s) listed above.

If the item is an additional disclosure in the cash flow statement then make sure that is included as a child of one of the following abstract items:
SupplementalCashFlowElementsAbstract, CashFlowNoncashInvestingAndFinancingActivitiesDisclosureAbstract, us-gaap:IncomeTaxesPaidNetAbstract, NoncashInvestingAndFinancingItemsAbstract, us-gaap:NoncashOrPartNoncashAcquisitionNetNonmonetaryAssetsAcquiredLiabilitiesAssumedAbstract, us-gaap:NoncashOrPartNoncashAcquisitionValueOfAssetsAcquiredAbstract, us-gaap:NoncashOrPartNoncashAcquisitionValueOfLiabilitiesAssumedAbstract, NoncashInvestingItemsAbstract, us-gaap:OtherNoncashInvestingAndFinancingItemsAbstract, SupplementalCashFlowInformationAbstract, AdditionalCashFlowElementsAndSupplementalCashFlowInformationAbstract, NonCashOperatingAndInvestingActivitiesAbstract, NonCashOperatingAndFinancingActivitiesAbstract, NoncashFinancingItemsAbstract, us-gaap:InterestPaidAbstract

Rule Element Id:9533
Rule version: 16.0.10 - IXDS hbr_10q.htm",2022-01-18,ERROR,DQC,99,1796949,"GenFlat Holdings, Inc.",2022-01-18 06:02:00,0001654954-22-000549,US GAAP 2020,Document Created by XBRLMaster,10-Q,http://www.sec.gov/Archives/edgar/data/1796949/000165495422000549/hbr_10q.htm,2022-01-18,2022,412314,https://www.sec.gov/Archives/edgar/data/1796949/000165495422000549/0001654954-22-000549-index.htm,8742,10q-hbr-20211130
DQC.US.0099.9533,"2022-03-09 20:16:45,117 [DQC.US.0099.9533] 
The following elements are in the presentation linkbase of 000005 - Statement - Consolidated Statements of Comprehensive Income but are not included in any calculation relationship in the filing.
us-gaap:OtherComprehensiveIncomeForeignCurrencyTransactionAndTranslationAdjustmentNetOfTaxPortionAttributableToParent, 
us-gaap:NetIncomeLoss, 
us-gaap:OtherComprehensiveIncomeLossNetOfTaxPortionAttributableToParent
All elements appearing in the face of the financial statements should be included in a calculation relationship somewhere in the filing. Items not included in the financial statement calculations but included in the presentation are referred to as parenthetical items. These usualy appear as a referenced item, or as a value in parenthesis describing that the value reported includes another specific amount.  These values should be reported in a seperate link role for parenthetical items.

This rule will produce an error irrespective of a fact value being entered for the item(s) listed above.
If the item is an additional disclosure in the income statement statement then make sure that is included as a child of one of the following abstract items:
ShareBasedCompensationAllocationAndClassificationInFinancialStatementsAbstract, 
SupplementalIncomeStatementElementsAbstract

Rule Element Id:9533
Rule version: 17.0.2 - IXDS pbsv_10k.htm",2022-03-10,ERROR,DQC,99,1304161,"PHARMA-BIO SERV, INC.",2022-02-11 17:21:00,0001654954-22-001532,US GAAP 2021,Document Created by XBRLMaster,10-K,http://www.sec.gov/Archives/edgar/data/1304161/000165495422001532/pbsv_10k.htm,2022-02-11,2022,418188,https://www.sec.gov/Archives/edgar/data/1304161/000165495422001532/0001654954-22-001532-index.htm,8742,10k-pbsv-20211031
DQC.US.0099.9533,"2022-02-15 07:30:54,506 [DQC.US.0099.9533] 
The following elements are in the presentation linkbase of 000002 - Statement - Balance Sheets but are not included in any calculation relationship in the filing.
us-gaap:LiabilitiesAndStockholdersEquity, 
us-gaap:Liabilities, 
us-gaap:Assets, 
us-gaap:PreferredStockValue
All elements appearing in the face of the financial statements should be included in a calculation relationship somewhere in the filing. Items not included in the financial statement calculations but included in the presentation are referred to as parenthetical items. These usualy appear as a referenced item, or as a value in parenthesis describing that the value reported includes another specific amount.  These values should be reported in a seperate link role for parenthetical items.

This rule will produce an error irrespective of a fact value being entered for the item(s) listed above.
If the item is an additional disclosure in the income statement statement then make sure that is included as a child of one of the following abstract items:
ShareBasedCompensationAllocationAndClassificationInFinancialStatementsAbstract, 
SupplementalIncomeStatementElementsAbstract

Rule Element Id:9533
Rule version: 16.0.11 - IXDS pnht_10k.htm",2022-02-15,ERROR,DQC,99,1620749,PANAMERA HOLDINGS CORPORATION,2022-02-14 21:51:00,0001640334-22-000315,US GAAP 2021,Document Created by XBRLMaster,10-K,http://www.sec.gov/Archives/edgar/data/1620749/000164033422000315/pnht_10k.htm,2022-02-15,2022,419692,https://www.sec.gov/Archives/edgar/data/1620749/000164033422000315/0001640334-22-000315-index.htm,8742,10k-pnht-20210731
DQC.US.0099.9533,"2022-02-15 07:30:54,507 [DQC.US.0099.9533] 
The following elements are in the presentation linkbase of 000006 - Statement - Statements of Cash Flows (Unaudited) but are not included in any calculation relationship in the filing.
us-gaap:CashAndCashEquivalentsPeriodIncreaseDecrease
All elements appearing in the face of the financial statements should be included in a calculation relationship somewhere in the filing. Items not included in the financial statement calculations but included in the presentation are referred to as parenthetical items. These usualy appear as a referenced item, or as a value in parenthesis describing that the value reported includes another specific amount.  These values should be reported in a seperate link role for parenthetical items.

This rule will produce an error irrespective of a fact value being entered for the item(s) listed above.

If the item is an additional disclosure in the cash flow statement then make sure that is included as a child of one of the following abstract items:
us-gaap:OtherNoncashInvestingAndFinancingItemsAbstract, AdditionalCashFlowElementsAndSupplementalCashFlowInformationAbstract, NonCashOperatingAndFinancingActivitiesAbstract, NoncashInvestingItemsAbstract, NoncashInvestingAndFinancingItemsAbstract, NoncashFinancingItemsAbstract, CashFlowNoncashInvestingAndFinancingActivitiesDisclosureAbstract, us-gaap:IncomeTaxesPaidNetAbstract, us-gaap:NoncashOrPartNoncashAcquisitionNetNonmonetaryAssetsAcquiredLiabilitiesAssumedAbstract, NonCashOperatingAndInvestingActivitiesAbstract, SupplementalCashFlowElementsAbstract, SupplementalCashFlowInformationAbstract, us-gaap:NoncashOrPartNoncashAcquisitionValueOfAssetsAcquiredAbstract, us-gaap:NoncashOrPartNoncashAcquisitionValueOfLiabilitiesAssumedAbstract, us-gaap:InterestPaidAbstract

Rule Element Id:9533
Rule version: 16.0.11 - IXDS pnht_10k.htm",2022-02-15,ERROR,DQC,99,1620749,PANAMERA HOLDINGS CORPORATION,2022-02-14 21:51:00,0001640334-22-000315,US GAAP 2021,Document Created by XBRLMaster,10-K,http://www.sec.gov/Archives/edgar/data/1620749/000164033422000315/pnht_10k.htm,2022-02-15,2022,419692,https://www.sec.gov/Archives/edgar/data/1620749/000164033422000315/0001640334-22-000315-index.htm,8742,10k-pnht-20210731
DQC.US.0099.9533,"2022-02-18 09:45:49,004 [DQC.US.0099.9533] 
The following elements are in the presentation linkbase of 00000005 - Statement - STATEMENTS OF CASH FLOWS (Unaudited) but are not included in any calculation relationship in the filing.
us-gaap:IncreaseDecreaseInAccountsPayableAndAccruedLiabilities, 
us-gaap:NetIncomeLoss, 
us-gaap:StockIssuedDuringPeriodValueOther, 
us-gaap:ProceedsFromIssuanceOfCommonStock, 
us-gaap:IncreaseDecreaseInDueToEmployeesCurrent
All elements appearing in the face of the financial statements should be included in a calculation relationship somewhere in the filing. Items not included in the financial statement calculations but included in the presentation are referred to as parenthetical items. These usualy appear as a referenced item, or as a value in parenthesis describing that the value reported includes another specific amount.  These values should be reported in a seperate link role for parenthetical items.

This rule will produce an error irrespective of a fact value being entered for the item(s) listed above.

If the item is an additional disclosure in the cash flow statement then make sure that is included as a child of one of the following abstract items:
SupplementalCashFlowInformationAbstract, us-gaap:NoncashOrPartNoncashAcquisitionValueOfLiabilitiesAssumedAbstract, AdditionalCashFlowElementsAndSupplementalCashFlowInformationAbstract, us-gaap:OtherNoncashInvestingAndFinancingItemsAbstract, NonCashOperatingAndFinancingActivitiesAbstract, NonCashOperatingAndInvestingActivitiesAbstract, NoncashInvestingItemsAbstract, NoncashFinancingItemsAbstract, us-gaap:InterestPaidAbstract, CashFlowNoncashInvestingAndFinancingActivitiesDisclosureAbstract, us-gaap:IncomeTaxesPaidNetAbstract, NoncashInvestingAndFinancingItemsAbstract, SupplementalCashFlowElementsAbstract, us-gaap:NoncashOrPartNoncashAcquisitionNetNonmonetaryAssetsAcquiredLiabilitiesAssumedAbstract, us-gaap:NoncashOrPartNoncashAcquisitionValueOfAssetsAcquiredAbstract

Rule Element Id:9533
Rule version: 16.0.11 - frtg-20211231.xml",2022-02-18,ERROR,DQC,99,1602813,FRONTERA GROUP INC.,2022-02-18 09:24:00,0001549727-22-000009,US GAAP 2020,Field: Doc-Info; Name: Generator; Value: GoFiler Complete; Version: 5.11a,10-Q,http://www.sec.gov/Archives/edgar/data/1602813/000154972722000009/frtg-20211231.xml,2022-02-18,2022,422094,https://www.sec.gov/Archives/edgar/data/1602813/000154972722000009/0001549727-22-000009-index.htm,8742,10q-frtg-20211231
DQC.US.0099.9533,"2022-12-19 12:02:34,485 [DQC.US.0099.9533] 
The following elements are in the presentation linkbase of 00000006 - Statement - Consolidated Statement of Cash Flows (Unaudited) but are not included in any calculation relationship in the filing.
us-gaap:ProceedsFromIssuanceOfPreferredStockAndPreferenceStock
All elements appearing in the face of the financial statements should be included in a calculation relationship somewhere in the filing. Items not included in the financial statement calculations but included in the presentation are referred to as parenthetical items. These usualy appear as a referenced item, or as a value in parenthesis describing that the value reported includes another specific amount.  These values should be reported in a seperate link role for parenthetical items.

This rule will produce an error irrespective of a fact value being entered for the item(s) listed above.

If the item is an additional disclosure in the cash flow statement then make sure that is included as a child of one of the following abstract items:
us-gaap:OtherNoncashInvestingAndFinancingItemsAbstract, AdditionalCashFlowElementsAndSupplementalCashFlowInformationAbstract, NoncashInvestingItemsAbstract, NoncashFinancingItemsAbstract, CashFlowNoncashInvestingAndFinancingActivitiesDisclosureAbstract, us-gaap:InterestPaidAbstract, NonCashOperatingAndInvestingActivitiesAbstract, us-gaap:IncomeTaxesPaidNetAbstract, NoncashInvestingAndFinancingItemsAbstract, us-gaap:NoncashOrPartNoncashAcquisitionNetNonmonetaryAssetsAcquiredLiabilitiesAssumedAbstract, SupplementalCashFlowElementsAbstract, us-gaap:NoncashOrPartNoncashAcquisitionValueOfAssetsAcquiredAbstract, NonCashOperatingAndFinancingActivitiesAbstract, us-gaap:NoncashOrPartNoncashAcquisitionValueOfLiabilitiesAssumedAbstract, SupplementalCashFlowInformationAbstract

Rule Element Id:9533
Rule version: 19.0.6 - IXDS f10q_cyberapps.htm",2022-12-19,ERROR,DQC,99,1230524,"Leopard Energy, Inc.",2022-12-14 16:20:00,0001903596-22-000915,US GAAP 2021,Novaworks,10-Q,http://www.sec.gov/Archives/edgar/data/1230524/000190359622000915/f10q_cyberapps.htm,2022-12-14,2022,535328,https://www.sec.gov/Archives/edgar/data/1230524/000190359622000915/0001903596-22-000915-index.htm,8742,10q-cetc-20221031
DQC.US.0099.9533,"2022-11-23 06:02:44,800 [DQC.US.0099.9533] 
The following elements are in the presentation linkbase of 00000005 - Statement - STATEMENTS OF CASH FLOWS (Unaudited) but are not included in any calculation relationship in the filing.
frtg:NoncashInterest, 
us-gaap:IncreaseDecreaseInAccountsPayableAndAccruedLiabilities, 
us-gaap:NetIncomeLoss, 
us-gaap:IncreaseDecreaseInDeferredIncomeTaxes, 
us-gaap:IncreaseDecreaseInAccountsReceivable, 
us-gaap:DepreciationDepletionAndAmortization, 
us-gaap:IncreaseDecreaseInAccruedLiabilities
All elements appearing in the face of the financial statements should be included in a calculation relationship somewhere in the filing. Items not included in the financial statement calculations but included in the presentation are referred to as parenthetical items. These usualy appear as a referenced item, or as a value in parenthesis describing that the value reported includes another specific amount.  These values should be reported in a seperate link role for parenthetical items.

This rule will produce an error irrespective of a fact value being entered for the item(s) listed above.

If the item is an additional disclosure in the cash flow statement then make sure that is included as a child of one of the following abstract items:
NoncashInvestingItemsAbstract, CashFlowNoncashInvestingAndFinancingActivitiesDisclosureAbstract, us-gaap:NoncashOrPartNoncashAcquisitionValueOfLiabilitiesAssumedAbstract, AdditionalCashFlowElementsAndSupplementalCashFlowInformationAbstract, us-gaap:IncomeTaxesPaidNetAbstract, us-gaap:OtherNoncashInvestingAndFinancingItemsAbstract, us-gaap:NoncashOrPartNoncashAcquisitionValueOfAssetsAcquiredAbstract, NoncashFinancingItemsAbstract, NonCashOperatingAndInvestingActivitiesAbstract, NonCashOperatingAndFinancingActivitiesAbstract, SupplementalCashFlowElementsAbstract, us-gaap:NoncashOrPartNoncashAcquisitionNetNonmonetaryAssetsAcquiredLiabilitiesAssumedAbstract, us-gaap:InterestPaidAbstract, SupplementalCashFlowInformationAbstract, NoncashInvestingAndFinancingItemsAbstract

Rule Element Id:9533
Rule version: 19.0.5 - IXDS frtg-10q.htm",2022-11-23,ERROR,DQC,99,1602813,FRONTERA GROUP INC.,2022-11-22 15:10:00,0001549727-22-000096,US GAAP 2022,Novaworks,10-Q,http://www.sec.gov/Archives/edgar/data/1602813/000154972722000096/frtg-10q.htm,2022-11-22,2022,531482,https://www.sec.gov/Archives/edgar/data/1602813/000154972722000096/0001549727-22-000096-index.htm,8742,10q-frtg-20220930
DQC.US.0099.9533,"2022-11-17 06:28:43,249 [DQC.US.0099.9533] 
The following elements are in the presentation linkbase of 000002 - Statement - Interim Condensed Consolidated Balance Sheets but are not included in any calculation relationship in the filing.
us-gaap:CommonStockValue
All elements appearing in the face of the financial statements should be included in a calculation relationship somewhere in the filing. Items not included in the financial statement calculations but included in the presentation are referred to as parenthetical items. These usualy appear as a referenced item, or as a value in parenthesis describing that the value reported includes another specific amount.  These values should be reported in a seperate link role for parenthetical items.

This rule will produce an error irrespective of a fact value being entered for the item(s) listed above.
If the item is an additional disclosure in the income statement statement then make sure that is included as a child of one of the following abstract items:
ShareBasedCompensationAllocationAndClassificationInFinancialStatementsAbstract, 
SupplementalIncomeStatementElementsAbstract

Rule Element Id:9533
Rule version: 19.0.2 - IXDS tpco_10q.htm",2022-11-17,ERROR,DQC,99,1876945,Gold Flora Corporation,2022-11-14 16:56:00,0001654954-22-015300,US GAAP 2022,Document Created by XBRLMaster,10-Q,http://www.sec.gov/Archives/edgar/data/1876945/000165495422015300/tpco_10q.htm,2022-11-14,2022,529878,https://www.sec.gov/Archives/edgar/data/1876945/000165495422015300/0001654954-22-015300-index.htm,100,10q-gramf-20220930
DQC.US.0099.9533,"2022-11-17 06:28:43,249 [DQC.US.0099.9533] 
The following elements are in the presentation linkbase of 000004 - Statement - Interim condensed consolidated statements of operations and comprehensive loss but are not included in any calculation relationship in the filing.
gramf:LossAndComprehensiveLossAttributableToShareholdersOfTheCompany
All elements appearing in the face of the financial statements should be included in a calculation relationship somewhere in the filing. Items not included in the financial statement calculations but included in the presentation are referred to as parenthetical items. These usualy appear as a referenced item, or as a value in parenthesis describing that the value reported includes another specific amount.  These values should be reported in a seperate link role for parenthetical items.

This rule will produce an error irrespective of a fact value being entered for the item(s) listed above.
If the item is an additional disclosure in the income statement statement then make sure that is included as a child of one of the following abstract items:
ShareBasedCompensationAllocationAndClassificationInFinancialStatementsAbstract, 
SupplementalIncomeStatementElementsAbstract

Rule Element Id:9533
Rule version: 19.0.2 - IXDS tpco_10q.htm",2022-11-17,ERROR,DQC,99,1876945,Gold Flora Corporation,2022-11-14 16:56:00,0001654954-22-015300,US GAAP 2022,Document Created by XBRLMaster,10-Q,http://www.sec.gov/Archives/edgar/data/1876945/000165495422015300/tpco_10q.htm,2022-11-14,2022,529878,https://www.sec.gov/Archives/edgar/data/1876945/000165495422015300/0001654954-22-015300-index.htm,100,10q-gramf-20220930
DQC.US.0099.9533,"2022-11-17 06:28:43,249 [DQC.US.0099.9533] 
The following elements are in the presentation linkbase of 000006 - Statement - Interim Condensed Consolidated Statements of Cash Flows (Unaudited) but are not included in any calculation relationship in the filing.
gramf:RestrictedCashAndCashEquivalentsAtCarryingValue1, 
gramf:CashRestrictedCashAndRestrictedCashEquivalents, 
gramf:CashAndCashEquivalents
All elements appearing in the face of the financial statements should be included in a calculation relationship somewhere in the filing. Items not included in the financial statement calculations but included in the presentation are referred to as parenthetical items. These usualy appear as a referenced item, or as a value in parenthesis describing that the value reported includes another specific amount.  These values should be reported in a seperate link role for parenthetical items.

This rule will produce an error irrespective of a fact value being entered for the item(s) listed above.

If the item is an additional disclosure in the cash flow statement then make sure that is included as a child of one of the following abstract items:
us-gaap:OtherNoncashInvestingAndFinancingItemsAbstract, AdditionalCashFlowElementsAndSupplementalCashFlowInformationAbstract, NonCashOperatingAndFinancingActivitiesAbstract, NoncashInvestingItemsAbstract, NoncashFinancingItemsAbstract, CashFlowNoncashInvestingAndFinancingActivitiesDisclosureAbstract, us-gaap:InterestPaidAbstract, SupplementalCashFlowElementsAbstract, NoncashInvestingAndFinancingItemsAbstract, us-gaap:IncomeTaxesPaidNetAbstract, NonCashOperatingAndInvestingActivitiesAbstract, us-gaap:NoncashOrPartNoncashAcquisitionNetNonmonetaryAssetsAcquiredLiabilitiesAssumedAbstract, us-gaap:NoncashOrPartNoncashAcquisitionValueOfAssetsAcquiredAbstract, us-gaap:NoncashOrPartNoncashAcquisitionValueOfLiabilitiesAssumedAbstract, SupplementalCashFlowInformationAbstract

Rule Element Id:9533
Rule version: 19.0.2 - IXDS tpco_10q.htm",2022-11-17,ERROR,DQC,99,1876945,Gold Flora Corporation,2022-11-14 16:56:00,0001654954-22-015300,US GAAP 2022,Document Created by XBRLMaster,10-Q,http://www.sec.gov/Archives/edgar/data/1876945/000165495422015300/tpco_10q.htm,2022-11-14,2022,529878,https://www.sec.gov/Archives/edgar/data/1876945/000165495422015300/0001654954-22-015300-index.htm,100,10q-gramf-20220930
DQC.US.0099.9533,"2022-11-15 07:58:34,662 [DQC.US.0099.9533] 
The following elements are in the presentation linkbase of 00000002 - Statement - CONDENSED CONSOLIDATED BALANCE SHEETS (UNAUDITED) but are not included in any calculation relationship in the filing.
us-gaap:PreferredStockValue
All elements appearing in the face of the financial statements should be included in a calculation relationship somewhere in the filing. Items not included in the financial statement calculations but included in the presentation are referred to as parenthetical items. These usualy appear as a referenced item, or as a value in parenthesis describing that the value reported includes another specific amount.  These values should be reported in a seperate link role for parenthetical items.

This rule will produce an error irrespective of a fact value being entered for the item(s) listed above.
If the item is an additional disclosure in the income statement statement then make sure that is included as a child of one of the following abstract items:
ShareBasedCompensationAllocationAndClassificationInFinancialStatementsAbstract, 
SupplementalIncomeStatementElementsAbstract

Rule Element Id:9533
Rule version: 19.0.2 - IXDS e4226_10q.htm",2022-11-15,ERROR,DQC,99,1471781,GBT TECHNOLOGIES INC.,2022-11-14 16:17:00,0001731122-22-001969,US GAAP 2022,Field: Set; Name: xdx; ID: xdx_059_edei%2D%2DDocumentFiscalPeriodFocus_Q3,10-Q,http://www.sec.gov/Archives/edgar/data/1471781/000173112222001969/e4226_10q.htm,2022-11-14,2022,528572,https://www.sec.gov/Archives/edgar/data/1471781/000173112222001969/0001731122-22-001969-index.htm,8742,10q-gtch-20220930
DQC.US.0099.9533,"2022-11-15 07:58:34,662 [DQC.US.0099.9533] 
The following elements are in the presentation linkbase of 00000004 - Statement - CONDENSED CONSOLIDATED STATEMENTS OF OPERATIONS (UNAUDITED) but are not included in any calculation relationship in the filing.
us-gaap:IncomeLossFromContinuingOperations
All elements appearing in the face of the financial statements should be included in a calculation relationship somewhere in the filing. Items not included in the financial statement calculations but included in the presentation are referred to as parenthetical items. These usualy appear as a referenced item, or as a value in parenthesis describing that the value reported includes another specific amount.  These values should be reported in a seperate link role for parenthetical items.

This rule will produce an error irrespective of a fact value being entered for the item(s) listed above.
If the item is an additional disclosure in the income statement statement then make sure that is included as a child of one of the following abstract items:
ShareBasedCompensationAllocationAndClassificationInFinancialStatementsAbstract, 
SupplementalIncomeStatementElementsAbstract

Rule Element Id:9533
Rule version: 19.0.2 - IXDS e4226_10q.htm",2022-11-15,ERROR,DQC,99,1471781,GBT TECHNOLOGIES INC.,2022-11-14 16:17:00,0001731122-22-001969,US GAAP 2022,Field: Set; Name: xdx; ID: xdx_059_edei%2D%2DDocumentFiscalPeriodFocus_Q3,10-Q,http://www.sec.gov/Archives/edgar/data/1471781/000173112222001969/e4226_10q.htm,2022-11-14,2022,528572,https://www.sec.gov/Archives/edgar/data/1471781/000173112222001969/0001731122-22-001969-index.htm,8742,10q-gtch-20220930
DQC.US.0099.9533,"2022-11-15 07:58:34,662 [DQC.US.0099.9533] 
The following elements are in the presentation linkbase of 00000006 - Statement - CONDENSED CONSOLIDATED STATEMENTS OF CASH FLOWS  (UNAUDITED) but are not included in any calculation relationship in the filing.
gtch:TransferOfAccountsPayableToConvertibleNote, 
gtch:ReductionInDerivativeLiabilityDueToConversion, 
gtch:TransferOfAccountsPayableToConvertibleNotes, 
gtch:ShareIssuanceForJvTokenize, 
gtch:SharesIssuedForConversionOfConvertibleDebt, 
gtch:DebtDiscountRelatedToConvertibleDebt, 
gtch:EquityMethodInvestment, 
gtch:ShareIssuanceForJvMetaverse
All elements appearing in the face of the financial statements should be included in a calculation relationship somewhere in the filing. Items not included in the financial statement calculations but included in the presentation are referred to as parenthetical items. These usualy appear as a referenced item, or as a value in parenthesis describing that the value reported includes another specific amount.  These values should be reported in a seperate link role for parenthetical items.

This rule will produce an error irrespective of a fact value being entered for the item(s) listed above.

If the item is an additional disclosure in the cash flow statement then make sure that is included as a child of one of the following abstract items:
us-gaap:OtherNoncashInvestingAndFinancingItemsAbstract, NoncashInvestingAndFinancingItemsAbstract, AdditionalCashFlowElementsAndSupplementalCashFlowInformationAbstract, NoncashInvestingItemsAbstract, us-gaap:NoncashOrPartNoncashAcquisitionNetNonmonetaryAssetsAcquiredLiabilitiesAssumedAbstract, NonCashOperatingAndInvestingActivitiesAbstract, SupplementalCashFlowInformationAbstract, NoncashFinancingItemsAbstract, us-gaap:IncomeTaxesPaidNetAbstract, CashFlowNoncashInvestingAndFinancingActivitiesDisclosureAbstract, us-gaap:NoncashOrPartNoncashAcquisitionValueOfAssetsAcquiredAbstract, NonCashOperatingAndFinancingActivitiesAbstract, us-gaap:NoncashOrPartNoncashAcquisitionValueOfLiabilitiesAssumedAbstract, SupplementalCashFlowElementsAbstract, us-gaap:InterestPaidAbstract

Rule Element Id:9533
Rule version: 19.0.2 - IXDS e4226_10q.htm",2022-11-15,ERROR,DQC,99,1471781,GBT TECHNOLOGIES INC.,2022-11-14 16:17:00,0001731122-22-001969,US GAAP 2022,Field: Set; Name: xdx; ID: xdx_059_edei%2D%2DDocumentFiscalPeriodFocus_Q3,10-Q,http://www.sec.gov/Archives/edgar/data/1471781/000173112222001969/e4226_10q.htm,2022-11-14,2022,528572,https://www.sec.gov/Archives/edgar/data/1471781/000173112222001969/0001731122-22-001969-index.htm,8742,10q-gtch-20220930
DQC.US.0099.9533,"2022-11-15 06:36:01,493 [DQC.US.0099.9533] 
The following elements are in the presentation linkbase of 00000006 - Statement - CONSOLIDATED STATEMENTS OF CASH FLOWS (Unaudited) but are not included in any calculation relationship in the filing.
bbrw:LossOnSeriesAConversion, 
bbrw:AmortizationOfDebtDiscountAndDeferredFinancingCosts, 
us-gaap:IncreaseDecreaseInAccountsReceivable, 
us-gaap:IncreaseDecreaseInAccruedLiabilities, 
us-gaap:RepaymentsOfConvertibleDebt, 
bbrw:PreferredStockIssuedForAdvertisingExpenses, 
us-gaap:IncreaseDecreaseInBillingInExcessOfCostOfEarnings, 
bbrw:DebtForgiveness, 
us-gaap:PropertyPlantAndEquipmentDisposals, 
bbrw:LossOnDerivativeLiability, 
us-gaap:IncreaseDecreaseInPrepaidExpense, 
us-gaap:IncreaseDecreaseInAccountsPayable, 
bbrw:RelatedPartyLiabilities, 
us-gaap:ProceedsFromConvertibleDebt, 
us-gaap:IncreaseDecreaseInInventories, 
us-gaap:IncreaseDecreaseInOtherCurrentAssets, 
us-gaap:IncreaseDecreaseInCostInExcessOfBillingOnUncompletedContract, 
us-gaap:ProceedsFromNotesPayable, 
us-gaap:PropertyPlantAndEquipmentAdditions, 
bbrw:AmortizationOfCapitalizedDistributionFees, 
bbrw:LossOnConversionOfDebt, 
us-gaap:NetIncomeLoss, 
us-gaap:ProceedsFromIssuanceOfDebt, 
us-gaap:IncreaseDecreaseInAccruedInterestReceivableNet, 
us-gaap:NetCashProvidedByUsedInFinancingActivities, 
us-gaap:OtherDepreciationAndAmortization, 
us-gaap:ShareBasedCompensation, 
bbrw:PenaltiesOnDebtSettlementAndDebtConversion, 
us-gaap:CashCashEquivalentsRestrictedCashAndRestrictedCashEquivalentsPeriodIncreaseDecreaseIncludingExchangeRateEffect, 
us-gaap:NetCashProvidedByUsedInInvestingActivities, 
us-gaap:GainsLossesOnExtinguishmentOfDebt, 
us-gaap:NetCashProvidedByUsedInOperatingActivities, 
bbrw:PreferredStockIssuedForConsultingServices
All elements appearing in the face of the financial statements should be included in a calculation relationship somewhere in the filing. Items not included in the financial statement calculations but included in the presentation are referred to as parenthetical items. These usualy appear as a referenced item, or as a value in parenthesis describing that the value reported includes another specific amount.  These values should be reported in a seperate link role for parenthetical items.

This rule will produce an error irrespective of a fact value being entered for the item(s) listed above.

If the item is an additional disclosure in the cash flow statement then make sure that is included as a child of one of the following abstract items:
NoncashFinancingItemsAbstract, us-gaap:NoncashOrPartNoncashAcquisitionNetNonmonetaryAssetsAcquiredLiabilitiesAssumedAbstract, NoncashInvestingItemsAbstract, SupplementalCashFlowInformationAbstract, us-gaap:OtherNoncashInvestingAndFinancingItemsAbstract, CashFlowNoncashInvestingAndFinancingActivitiesDisclosureAbstract, us-gaap:InterestPaidAbstract, NonCashOperatingAndInvestingActivitiesAbstract, SupplementalCashFlowElementsAbstract, AdditionalCashFlowElementsAndSupplementalCashFlowInformationAbstract, us-gaap:NoncashOrPartNoncashAcquisitionValueOfLiabilitiesAssumedAbstract, NonCashOperatingAndFinancingActivitiesAbstract, us-gaap:NoncashOrPartNoncashAcquisitionValueOfAssetsAcquiredAbstract, us-gaap:IncomeTaxesPaidNetAbstract, NoncashInvestingAndFinancingItemsAbstract

Rule Element Id:9533
Rule version: 19.0.2 - IXDS bbrw-10q.htm",2022-11-15,ERROR,DQC,99,1641751,BrewBilt Manufacturing Inc.,2022-11-14 13:32:00,0001641751-22-000018,US GAAP 2022,Field: Set; Name: xdx; ID: xdx_059_edei%2D%2DDocumentFiscalPeriodFocus_Q3,10-Q,http://www.sec.gov/Archives/edgar/data/1641751/000164175122000018/bbrw-10q.htm,2022-11-14,2022,528238,https://www.sec.gov/Archives/edgar/data/1641751/000164175122000018/0001641751-22-000018-index.htm,5047,10q-bbrw-20220930
DQC.US.0099.9533,"2022-11-14 20:17:16,017 [DQC.US.0099.9533] 
The following elements are in the presentation linkbase of 00000003 - Statement - CONDENSED STATEMENTS OF OPERATIONS (Unaudited) but are not included in any calculation relationship in the filing.
us-gaap:RevenueFromContractWithCustomerIncludingAssessedTax
All elements appearing in the face of the financial statements should be included in a calculation relationship somewhere in the filing. Items not included in the financial statement calculations but included in the presentation are referred to as parenthetical items. These usualy appear as a referenced item, or as a value in parenthesis describing that the value reported includes another specific amount.  These values should be reported in a seperate link role for parenthetical items.

This rule will produce an error irrespective of a fact value being entered for the item(s) listed above.
If the item is an additional disclosure in the income statement statement then make sure that is included as a child of one of the following abstract items:
ShareBasedCompensationAllocationAndClassificationInFinancialStatementsAbstract, 
SupplementalIncomeStatementElementsAbstract

Rule Element Id:9533
Rule version: 19.0.2 - IXDS mep10-10q_093022.htm",2022-11-15,ERROR,DQC,99,1491262,"MEWBOURNE ENERGY PARTNERS 10-A, L.P.",2022-11-14 08:24:00,0001387131-22-011332,US GAAP 2022,Field: Set; Name: xdx; ID: xdx_059_edei%2D%2DDocumentFiscalPeriodFocus_Q3,10-Q,http://www.sec.gov/Archives/edgar/data/1491262/000138713122011332/mep10-10q_093022.htm,2022-11-14,2022,527950,https://www.sec.gov/Archives/edgar/data/1491262/000138713122011332/0001387131-22-011332-index.htm,1381,10q-mep-20220930
DQC.US.0099.9533,"2022-11-14 20:17:16,017 [DQC.US.0099.9533] 
The following elements are in the presentation linkbase of 00000005 - Statement - CONDENSED STATEMENTS OF CASH FLOWS (Unaudited) but are not included in any calculation relationship in the filing.
mep:OilAndGasPropertyAdditionsIncludedInAccountsPayableAffiliate
All elements appearing in the face of the financial statements should be included in a calculation relationship somewhere in the filing. Items not included in the financial statement calculations but included in the presentation are referred to as parenthetical items. These usualy appear as a referenced item, or as a value in parenthesis describing that the value reported includes another specific amount.  These values should be reported in a seperate link role for parenthetical items.

This rule will produce an error irrespective of a fact value being entered for the item(s) listed above.

If the item is an additional disclosure in the cash flow statement then make sure that is included as a child of one of the following abstract items:
NoncashInvestingItemsAbstract, NoncashFinancingItemsAbstract, AdditionalCashFlowElementsAndSupplementalCashFlowInformationAbstract, us-gaap:NoncashOrPartNoncashAcquisitionValueOfAssetsAcquiredAbstract, NonCashOperatingAndFinancingActivitiesAbstract, SupplementalCashFlowInformationAbstract, NonCashOperatingAndInvestingActivitiesAbstract, us-gaap:OtherNoncashInvestingAndFinancingItemsAbstract, us-gaap:NoncashOrPartNoncashAcquisitionNetNonmonetaryAssetsAcquiredLiabilitiesAssumedAbstract, SupplementalCashFlowElementsAbstract, us-gaap:IncomeTaxesPaidNetAbstract, us-gaap:InterestPaidAbstract, us-gaap:NoncashOrPartNoncashAcquisitionValueOfLiabilitiesAssumedAbstract, NoncashInvestingAndFinancingItemsAbstract, CashFlowNoncashInvestingAndFinancingActivitiesDisclosureAbstract

Rule Element Id:9533
Rule version: 19.0.2 - IXDS mep10-10q_093022.htm",2022-11-15,ERROR,DQC,99,1491262,"MEWBOURNE ENERGY PARTNERS 10-A, L.P.",2022-11-14 08:24:00,0001387131-22-011332,US GAAP 2022,Field: Set; Name: xdx; ID: xdx_059_edei%2D%2DDocumentFiscalPeriodFocus_Q3,10-Q,http://www.sec.gov/Archives/edgar/data/1491262/000138713122011332/mep10-10q_093022.htm,2022-11-14,2022,527950,https://www.sec.gov/Archives/edgar/data/1491262/000138713122011332/0001387131-22-011332-index.htm,1381,10q-mep-20220930
DQC.US.0099.9533,"2022-11-14 18:32:12,351 [DQC.US.0099.9533] 
The following elements are in the presentation linkbase of 00000002 - Statement - CONDENSED CONSOLIDATED BALANCE SHEETS (Unaudited) but are not included in any calculation relationship in the filing.
us-gaap:PreferredStockValue
All elements appearing in the face of the financial statements should be included in a calculation relationship somewhere in the filing. Items not included in the financial statement calculations but included in the presentation are referred to as parenthetical items. These usualy appear as a referenced item, or as a value in parenthesis describing that the value reported includes another specific amount.  These values should be reported in a seperate link role for parenthetical items.

This rule will produce an error irrespective of a fact value being entered for the item(s) listed above.
If the item is an additional disclosure in the income statement statement then make sure that is included as a child of one of the following abstract items:
ShareBasedCompensationAllocationAndClassificationInFinancialStatementsAbstract, 
SupplementalIncomeStatementElementsAbstract

Rule Element Id:9533
Rule version: 19.0.2 - IXDS growthstalk_10q.htm",2022-11-14,ERROR,DQC,99,1917993,GROWTH STALK HOLDINGS CORP.,2022-11-14 06:07:00,0001829126-22-019182,US GAAP 2022,Field: Set; Name: xdx; ID: xdx_058_edei%2D%2DDocumentFiscalPeriodFocus_Q2,10-Q,http://www.sec.gov/Archives/edgar/data/1917993/000182912622019182/growthstalk_10q.htm,2022-11-14,2022,527718,https://www.sec.gov/Archives/edgar/data/1917993/000182912622019182/0001829126-22-019182-index.htm,100,10q-cik0001917993-20220630
DQC.US.0099.9533,"2023-01-17 17:00:30,319 [DQC.US.0099.9533] 
The following elements are in the presentation linkbase of 00000004 - Statement - Consolidated Statements of Operations but are not included in any calculation relationship in the filing.
us-gaap:PaymentsOfDividendsPreferredStockAndPreferenceStock
All elements appearing in the face of the financial statements should be included in a calculation relationship somewhere in the filing. Items not included in the financial statement calculations but included in the presentation are referred to as parenthetical items. These usualy appear as a referenced item, or as a value in parenthesis describing that the value reported includes another specific amount.  These values should be reported in a seperate link role for parenthetical items.

This rule will produce an error irrespective of a fact value being entered for the item(s) listed above.
If the item is an additional disclosure in the income statement statement then make sure that is included as a child of one of the following abstract items:
ShareBasedCompensationAllocationAndClassificationInFinancialStatementsAbstract, 
SupplementalIncomeStatementElementsAbstract

Rule Element Id:9533
Rule version: 19.0.6 - IXDS abqq10q.htm",2023-01-17,ERROR,DQC,99,1605331,AB International Group Corp.,2023-01-17 16:19:00,0001663577-23-000014,US GAAP 2022,Novaworks,10-Q,http://www.sec.gov/Archives/edgar/data/1605331/000166357723000014/abqq10q.htm,2023-01-17,2023,541054,https://www.sec.gov/Archives/edgar/data/1605331/000166357723000014/0001663577-23-000014-index.htm,6794,10q-abqq-20221130
DQC.US.0099.9533,"2023-01-18 06:45:40,658 [DQC.US.0099.9533] 
The following elements are in the presentation linkbase of 000006 - Statement - STATEMENTS OF CASH FLOWS (Unaudited) but are not included in any calculation relationship in the filing.
sodi:ReclassificationOfConstructionInProgressToPlantPropertyAndEquipment
All elements appearing in the face of the financial statements should be included in a calculation relationship somewhere in the filing. Items not included in the financial statement calculations but included in the presentation are referred to as parenthetical items. These usualy appear as a referenced item, or as a value in parenthesis describing that the value reported includes another specific amount.  These values should be reported in a seperate link role for parenthetical items.

This rule will produce an error irrespective of a fact value being entered for the item(s) listed above.

If the item is an additional disclosure in the cash flow statement then make sure that is included as a child of one of the following abstract items:
CashFlowNoncashInvestingAndFinancingActivitiesDisclosureAbstract, us-gaap:IncomeTaxesPaidNetAbstract, NoncashInvestingAndFinancingItemsAbstract, us-gaap:NoncashOrPartNoncashAcquisitionNetNonmonetaryAssetsAcquiredLiabilitiesAssumedAbstract, SupplementalCashFlowElementsAbstract, us-gaap:NoncashOrPartNoncashAcquisitionValueOfAssetsAcquiredAbstract, us-gaap:NoncashOrPartNoncashAcquisitionValueOfLiabilitiesAssumedAbstract, NoncashInvestingItemsAbstract, us-gaap:OtherNoncashInvestingAndFinancingItemsAbstract, SupplementalCashFlowInformationAbstract, NonCashOperatingAndInvestingActivitiesAbstract, AdditionalCashFlowElementsAndSupplementalCashFlowInformationAbstract, NonCashOperatingAndFinancingActivitiesAbstract, us-gaap:InterestPaidAbstract, NoncashFinancingItemsAbstract

Rule Element Id:9533
Rule version: 19.0.6 - IXDS sodi_8k.htm",2023-01-18,ERROR,DQC,99,91668,"Solitron Devices, Inc.",2023-01-17 17:53:00,0001654954-23-000512,US GAAP 2022,XBRL Document Created with XBRLMaster,10-Q,http://www.sec.gov/Archives/edgar/data/91668/000165495423000512/sodi_8k.htm,2023-01-18,2023,541156,https://www.sec.gov/Archives/edgar/data/91668/000165495423000512/0001654954-23-000512-index.htm,3674,10q-sodi-20221130
DQC.US.0099.9533,"2023-02-02 19:01:53,630 [DQC.US.0099.9533] 
The following elements are in the presentation linkbase of 0000004 - Statement - Condensed Consolidated Statements of Operations (Unaudited) but are not included in any calculation relationship in the filing.
us-gaap:GoodwillPurchaseAccountingAdjustments
All elements appearing in the face of the financial statements should be included in a calculation relationship somewhere in the filing. Items not included in the financial statement calculations but included in the presentation are referred to as parenthetical items. These usualy appear as a referenced item, or as a value in parenthesis describing that the value reported includes another specific amount.  These values should be reported in a seperate link role for parenthetical items.

This rule will produce an error irrespective of a fact value being entered for the item(s) listed above.
If the item is an additional disclosure in the income statement statement then make sure that is included as a child of one of the following abstract items:
ShareBasedCompensationAllocationAndClassificationInFinancialStatementsAbstract, 
SupplementalIncomeStatementElementsAbstract

Rule Element Id:9533
Rule version: 19.0.10 - IXDS rfmd-20221231.htm",2023-02-03,ERROR,DQC,99,1604778,"Qorvo, Inc.",2023-02-02 16:10:00,0001604778-23-000034,US GAAP 2022,XBRL Document Created with Wdesk from Workiva,10-Q,http://www.sec.gov/Archives/edgar/data/1604778/000160477823000034/rfmd-20221231.htm,2023-02-02,2023,545306,https://www.sec.gov/Archives/edgar/data/1604778/000160477823000034/0001604778-23-000034-index.htm,3674,10q-rfmd-20221231
DQC.US.0099.9533,"2023-02-02 19:01:53,630 [DQC.US.0099.9533] 
The following elements are in the presentation linkbase of 0000005 - Statement - Condensed Consolidated Statements of Comprehensive Income (Loss) (Unaudited) but are not included in any calculation relationship in the filing.
us-gaap:OtherComprehensiveIncomeLossForeignCurrencyTransactionAndTranslationReclassificationAdjustmentFromAOCIRealizedUponSaleOrLiquidationNetOfTax
All elements appearing in the face of the financial statements should be included in a calculation relationship somewhere in the filing. Items not included in the financial statement calculations but included in the presentation are referred to as parenthetical items. These usualy appear as a referenced item, or as a value in parenthesis describing that the value reported includes another specific amount.  These values should be reported in a seperate link role for parenthetical items.

This rule will produce an error irrespective of a fact value being entered for the item(s) listed above.
If the item is an additional disclosure in the income statement statement then make sure that is included as a child of one of the following abstract items:
ShareBasedCompensationAllocationAndClassificationInFinancialStatementsAbstract, 
SupplementalIncomeStatementElementsAbstract

Rule Element Id:9533
Rule version: 19.0.10 - IXDS rfmd-20221231.htm",2023-02-03,ERROR,DQC,99,1604778,"Qorvo, Inc.",2023-02-02 16:10:00,0001604778-23-000034,US GAAP 2022,XBRL Document Created with Wdesk from Workiva,10-Q,http://www.sec.gov/Archives/edgar/data/1604778/000160477823000034/rfmd-20221231.htm,2023-02-02,2023,545306,https://www.sec.gov/Archives/edgar/data/1604778/000160477823000034/0001604778-23-000034-index.htm,3674,10q-rfmd-20221231
DQC.US.0099.9533,"2023-02-02 19:01:53,630 [DQC.US.0099.9533] 
The following elements are in the presentation linkbase of 0000007 - Statement - Condensed Consolidated Statements of Cash Flows (Unaudited) but are not included in any calculation relationship in the filing.
us-gaap:RepaymentsOfLongTermDebt, 
us-gaap:ProceedsFromRepaymentsOfDebt
All elements appearing in the face of the financial statements should be included in a calculation relationship somewhere in the filing. Items not included in the financial statement calculations but included in the presentation are referred to as parenthetical items. These usualy appear as a referenced item, or as a value in parenthesis describing that the value reported includes another specific amount.  These values should be reported in a seperate link role for parenthetical items.

This rule will produce an error irrespective of a fact value being entered for the item(s) listed above.

If the item is an additional disclosure in the cash flow statement then make sure that is included as a child of one of the following abstract items:
us-gaap:NoncashOrPartNoncashAcquisitionNetNonmonetaryAssetsAcquiredLiabilitiesAssumedAbstract, NoncashFinancingItemsAbstract, us-gaap:NoncashOrPartNoncashAcquisitionValueOfLiabilitiesAssumedAbstract, SupplementalCashFlowInformationAbstract, NonCashOperatingAndInvestingActivitiesAbstract, SupplementalCashFlowElementsAbstract, us-gaap:NoncashOrPartNoncashAcquisitionValueOfAssetsAcquiredAbstract, us-gaap:IncomeTaxesPaidNetAbstract, us-gaap:InterestPaidAbstract, NoncashInvestingAndFinancingItemsAbstract, CashFlowNoncashInvestingAndFinancingActivitiesDisclosureAbstract, NonCashOperatingAndFinancingActivitiesAbstract, AdditionalCashFlowElementsAndSupplementalCashFlowInformationAbstract, NoncashInvestingItemsAbstract, us-gaap:OtherNoncashInvestingAndFinancingItemsAbstract

Rule Element Id:9533
Rule version: 19.0.10 - IXDS rfmd-20221231.htm",2023-02-03,ERROR,DQC,99,1604778,"Qorvo, Inc.",2023-02-02 16:10:00,0001604778-23-000034,US GAAP 2022,XBRL Document Created with Wdesk from Workiva,10-Q,http://www.sec.gov/Archives/edgar/data/1604778/000160477823000034/rfmd-20221231.htm,2023-02-02,2023,545306,https://www.sec.gov/Archives/edgar/data/1604778/000160477823000034/0001604778-23-000034-index.htm,3674,10q-rfmd-20221231
DQC.US.0099.9533,"2023-02-14 15:32:06,985 [DQC.US.0099.9533] 
The following elements are in the presentation linkbase of 00000005 - Statement - CONSOLIDATED STATEMENTS OF CASH FLOWS but are not included in any calculation relationship in the filing.
PATI:StockExpiredDuringPeriodValue, 
us-gaap:RightOfUseAssetObtainedInExchangeForOperatingLeaseLiability
All elements appearing in the face of the financial statements should be included in a calculation relationship somewhere in the filing. Items not included in the financial statement calculations but included in the presentation are referred to as parenthetical items. These usualy appear as a referenced item, or as a value in parenthesis describing that the value reported includes another specific amount.  These values should be reported in a seperate link role for parenthetical items.

This rule will produce an error irrespective of a fact value being entered for the item(s) listed above.

If the item is an additional disclosure in the cash flow statement then make sure that is included as a child of one of the following abstract items:
us-gaap:NoncashOrPartNoncashAcquisitionNetNonmonetaryAssetsAcquiredLiabilitiesAssumedAbstract, NonCashOperatingAndInvestingActivitiesAbstract, NoncashInvestingAndFinancingItemsAbstract, us-gaap:InterestPaidAbstract, NoncashFinancingItemsAbstract, NoncashInvestingItemsAbstract, SupplementalCashFlowElementsAbstract, SupplementalCashFlowInformationAbstract, us-gaap:IncomeTaxesPaidNetAbstract, us-gaap:OtherNoncashInvestingAndFinancingItemsAbstract, CashFlowNoncashInvestingAndFinancingActivitiesDisclosureAbstract, AdditionalCashFlowElementsAndSupplementalCashFlowInformationAbstract, us-gaap:NoncashOrPartNoncashAcquisitionValueOfAssetsAcquiredAbstract, us-gaap:NoncashOrPartNoncashAcquisitionValueOfLiabilitiesAssumedAbstract, NonCashOperatingAndFinancingActivitiesAbstract

Rule Element Id:9533
Rule version: 20.0.1 - IXDS patrdecq23.htm",2023-02-14,ERROR,DQC,99,1616741,"PATRIOT
TRANSPORTATION HOLDING, INC.",2023-02-14 15:08:00,0001616741-23-000019,US GAAP 2022,Novaworks,10-Q,http://www.sec.gov/Archives/edgar/data/1616741/000161674123000019/patrdecq23.htm,2023-02-14,2023,548259,https://www.sec.gov/Archives/edgar/data/1616741/000161674123000019/0001616741-23-000019-index.htm,4210,10q-pati-20221231
DQC.US.0099.9533,"2023-02-14 17:22:07,841 [DQC.US.0099.9533] 
The following elements are in the presentation linkbase of 000060 - Statement - Consolidated Statements of Cash Flows but are not included in any calculation relationship in the filing.
us-gaap:NetCashProvidedByUsedInFinancingActivities
All elements appearing in the face of the financial statements should be included in a calculation relationship somewhere in the filing. Items not included in the financial statement calculations but included in the presentation are referred to as parenthetical items. These usualy appear as a referenced item, or as a value in parenthesis describing that the value reported includes another specific amount.  These values should be reported in a seperate link role for parenthetical items.

This rule will produce an error irrespective of a fact value being entered for the item(s) listed above.

If the item is an additional disclosure in the cash flow statement then make sure that is included as a child of one of the following abstract items:
NoncashInvestingItemsAbstract, CashFlowNoncashInvestingAndFinancingActivitiesDisclosureAbstract, NonCashOperatingAndFinancingActivitiesAbstract, us-gaap:InterestPaidAbstract, us-gaap:IncomeTaxesPaidNetAbstract, NoncashInvestingAndFinancingItemsAbstract, us-gaap:NoncashOrPartNoncashAcquisitionNetNonmonetaryAssetsAcquiredLiabilitiesAssumedAbstract, SupplementalCashFlowElementsAbstract, us-gaap:NoncashOrPartNoncashAcquisitionValueOfAssetsAcquiredAbstract, us-gaap:NoncashOrPartNoncashAcquisitionValueOfLiabilitiesAssumedAbstract, NonCashOperatingAndInvestingActivitiesAbstract, us-gaap:OtherNoncashInvestingAndFinancingItemsAbstract, AdditionalCashFlowElementsAndSupplementalCashFlowInformationAbstract, SupplementalCashFlowInformationAbstract, NoncashFinancingItemsAbstract

Rule Element Id:9533
Rule version: 20.0.1 - IXDS figi-20221031.htm",2023-02-14,ERROR,DQC,99,1791325,Freedom Internet Group Inc.,2023-02-14 16:25:00,0001096906-23-000384,US GAAP 2022,"Produced by EDGARsuite software, Advanced Computer Innovations, Inc., Copyright (C) 2008-2022 [PPXK5GW761L0VGXA5UT0]. www.edgarsuite.com",10-K,http://www.sec.gov/Archives/edgar/data/1791325/000109690623000384/figi-20221031.htm,2023-02-14,2023,548378,https://www.sec.gov/Archives/edgar/data/1791325/000109690623000384/0001096906-23-000384-index.htm,6794,10k-figi-20221031
DQC.US.0099.9533,"2023-02-23 15:34:42,815 [DQC.US.0099.9533] 
The following elements are in the presentation linkbase of 0000007 - Statement - Consolidated Statements of Cash Flows but are not included in any calculation relationship in the filing.
us-gaap:ProceedsFromIssuanceOfDebt
All elements appearing in the face of the financial statements should be included in a calculation relationship somewhere in the filing. Items not included in the financial statement calculations but included in the presentation are referred to as parenthetical items. These usualy appear as a referenced item, or as a value in parenthesis describing that the value reported includes another specific amount.  These values should be reported in a seperate link role for parenthetical items.

This rule will produce an error irrespective of a fact value being entered for the item(s) listed above.

If the item is an additional disclosure in the cash flow statement then make sure that is included as a child of one of the following abstract items:
us-gaap:NoncashOrPartNoncashAcquisitionValueOfAssetsAcquiredAbstract, SupplementalCashFlowInformationAbstract, us-gaap:NoncashOrPartNoncashAcquisitionValueOfLiabilitiesAssumedAbstract, NonCashOperatingAndInvestingActivitiesAbstract, AdditionalCashFlowElementsAndSupplementalCashFlowInformationAbstract, us-gaap:OtherNoncashInvestingAndFinancingItemsAbstract, NonCashOperatingAndFinancingActivitiesAbstract, NoncashInvestingItemsAbstract, us-gaap:InterestPaidAbstract, NoncashFinancingItemsAbstract, CashFlowNoncashInvestingAndFinancingActivitiesDisclosureAbstract, us-gaap:IncomeTaxesPaidNetAbstract, NoncashInvestingAndFinancingItemsAbstract, SupplementalCashFlowElementsAbstract, us-gaap:NoncashOrPartNoncashAcquisitionNetNonmonetaryAssetsAcquiredLiabilitiesAssumedAbstract

Rule Element Id:9533
Rule version: 20.0.2 - IXDS lkq-20221231.htm",2023-02-23,ERROR,DQC,99,1065696,LKQ CORPORATION,2023-02-23 15:08:00,0001065696-23-000008,US GAAP 2021,XBRL Document Created with Wdesk from Workiva,10-K,http://www.sec.gov/Archives/edgar/data/1065696/000106569623000008/lkq-20221231.htm,2023-02-23,2023,551270,https://www.sec.gov/Archives/edgar/data/1065696/000106569623000008/0001065696-23-000008-index.htm,5010,10k-lkq-20221231
DQC.US.0099.9533,"2023-03-01 10:04:18,126 [DQC.US.0099.9533] 
The following elements are in the presentation linkbase of 0000003 - Statement - Consolidated Balance Sheets but are not included in any calculation relationship in the filing.
tax:SecuritizedReceivablesNetCurrent
All elements appearing in the face of the financial statements should be included in a calculation relationship somewhere in the filing. Items not included in the financial statement calculations but included in the presentation are referred to as parenthetical items. These usualy appear as a referenced item, or as a value in parenthesis describing that the value reported includes another specific amount.  These values should be reported in a seperate link role for parenthetical items.

This rule will produce an error irrespective of a fact value being entered for the item(s) listed above.
If the item is an additional disclosure in the income statement statement then make sure that is included as a child of one of the following abstract items:
ShareBasedCompensationAllocationAndClassificationInFinancialStatementsAbstract, 
SupplementalIncomeStatementElementsAbstract

Rule Element Id:9533
Rule version: 20.0.2 - IXDS tax-20221231.htm",2023-03-01,ERROR,DQC,99,1528930,"Franchise Group, Inc.",2023-02-28 16:13:00,0001528930-23-000005,US GAAP 2022,XBRL Document Created with Wdesk from Workiva,10-K,http://www.sec.gov/Archives/edgar/data/1528930/000152893023000005/tax-20221231.htm,2023-02-28,2023,553409,https://www.sec.gov/Archives/edgar/data/1528930/000152893023000005/0001528930-23-000005-index.htm,6794,10k-tax-20221231
DQC.US.0099.9533,"2023-12-12 22:04:07,575 [DQC.US.0099.9533] 
The following elements are in the presentation linkbase of 00000009 - Statement - CONSOLIDATED STATEMENTS OF CASH FLOWS but are not included in any calculation relationship in the filing.
us-gaap:RightOfUseAssetObtainedInExchangeForOperatingLeaseLiability
All elements appearing in the face of the financial statements should be included in a calculation relationship somewhere in the filing. Items not included in the financial statement calculations but included in the presentation are referred to as parenthetical items. These usually appear as a referenced item, or as a value in parenthesis describing that the value reported includes another specific amount.  These values should be reported in a seperate link role for parenthetical items.

This rule will produce an error irrespective of a fact value being entered for the item(s) listed above.

If the item is an additional disclosure in the cash flow statement then make sure that is included as a child of one of the following abstract items:
us-gaap:InterestPaidAbstract, NonCashOperatingAndFinancingActivitiesAbstract, NonCashOperatingAndInvestingActivitiesAbstract, NoncashFinancingItemsAbstract, CashFlowNoncashInvestingAndFinancingActivitiesDisclosureAbstract, us-gaap:IncomeTaxesPaidNetAbstract, NoncashInvestingItemsAbstract, SupplementalCashFlowElementsAbstract, NoncashInvestingAndFinancingItemsAbstract, us-gaap:NoncashOrPartNoncashAcquisitionNetNonmonetaryAssetsAcquiredLiabilitiesAssumedAbstract, us-gaap:NoncashOrPartNoncashAcquisitionValueOfAssetsAcquiredAbstract, SupplementalCashFlowInformationAbstract, us-gaap:NoncashOrPartNoncashAcquisitionValueOfLiabilitiesAssumedAbstract, AdditionalCashFlowElementsAndSupplementalCashFlowInformationAbstract, us-gaap:OtherNoncashInvestingAndFinancingItemsAbstract

Rule Element Id:9533
Rule version: 22.0.2 - IXDS pati10k23.htm",2023-12-13,ERROR,DQC,99,1616741,"PATRIOT
TRANSPORTATION HOLDING, INC.",2023-12-12 15:49:00,0001616741-23-000042,US GAAP 2023,Novaworks,10-K,http://www.sec.gov/Archives/edgar/data/1616741/000161674123000042/pati10k23.htm,2023-12-12,2023,661477,https://www.sec.gov/Archives/edgar/data/1616741/000161674123000042/0001616741-23-000042-index.htm,4210,10k-pati-20230930
DQC.US.0099.9533,"2023-11-29 16:33:06,562 [DQC.US.0099.9533] 
The following elements are in the presentation linkbase of 00000003 - Statement - Consolidated Statements of Operations but are not included in any calculation relationship in the filing.
us-gaap:PaymentsOfDividendsPreferredStockAndPreferenceStock
All elements appearing in the face of the financial statements should be included in a calculation relationship somewhere in the filing. Items not included in the financial statement calculations but included in the presentation are referred to as parenthetical items. These usually appear as a referenced item, or as a value in parenthesis describing that the value reported includes another specific amount.  These values should be reported in a seperate link role for parenthetical items.

This rule will produce an error irrespective of a fact value being entered for the item(s) listed above.
If the item is an additional disclosure in the income statement statement then make sure that is included as a child of one of the following abstract items:
ShareBasedCompensationAllocationAndClassificationInFinancialStatementsAbstract, 
SupplementalIncomeStatementElementsAbstract

Rule Element Id:9533
Rule version: 22.0.1 - IXDS abqq10k_083123.htm",2023-11-29,ERROR,DQC,99,1605331,AB International Group Corp.,2023-11-29 15:35:00,0001663577-23-000552,US GAAP 2023,Novaworks,10-K,http://www.sec.gov/Archives/edgar/data/1605331/000166357723000552/abqq10k_083123.htm,2023-11-29,2023,658506,https://www.sec.gov/Archives/edgar/data/1605331/000166357723000552/0001663577-23-000552-index.htm,6794,10k-abqq-20230831
DQC.US.0099.9533,"2023-11-14 21:31:59,721 [DQC.US.0099.9533] 
The following elements are in the presentation linkbase of 001 - Statement - Balance Sheets (Unaudited) but are not included in any calculation relationship in the filing.
us-gaap:OperatingLeaseLiabilityNoncurrent, 
us-gaap:OtherLiabilitiesNoncurrent
All elements appearing in the face of the financial statements should be included in a calculation relationship somewhere in the filing. Items not included in the financial statement calculations but included in the presentation are referred to as parenthetical items. These usually appear as a referenced item, or as a value in parenthesis describing that the value reported includes another specific amount.  These values should be reported in a seperate link role for parenthetical items.

This rule will produce an error irrespective of a fact value being entered for the item(s) listed above.
If the item is an additional disclosure in the income statement statement then make sure that is included as a child of one of the following abstract items:
ShareBasedCompensationAllocationAndClassificationInFinancialStatementsAbstract, 
SupplementalIncomeStatementElementsAbstract

Rule Element Id:9533
Rule version: 22.0.1 - IXDS ipwr20230630_10q.htm",2023-11-15,ERROR,DQC,99,1507957,IDEAL POWER INC.,2023-11-14 16:01:00,0001437749-23-031954,US GAAP 2023,Generated by ThunderDome XBRL - 12:02AM UTC 2023-11-14,10-Q,http://www.sec.gov/Archives/edgar/data/1507957/000143774923031954/ipwr20230630_10q.htm,2023-11-14,2023,654845,https://www.sec.gov/Archives/edgar/data/1507957/000143774923031954/0001437749-23-031954-index.htm,3674,10q-ipwr-20230930
DQC.US.0099.9533,"2023-11-10 07:01:35,944 [DQC.US.0099.9533] 
The following elements are in the presentation linkbase of 0000007 - Statement - CONSOLIDATED STATEMENTS OF CASH FLOWS but are not included in any calculation relationship in the filing.
us-gaap:ProceedsFromPaymentsForOtherFinancingActivities
All elements appearing in the face of the financial statements should be included in a calculation relationship somewhere in the filing. Items not included in the financial statement calculations but included in the presentation are referred to as parenthetical items. These usually appear as a referenced item, or as a value in parenthesis describing that the value reported includes another specific amount.  These values should be reported in a seperate link role for parenthetical items.

This rule will produce an error irrespective of a fact value being entered for the item(s) listed above.

If the item is an additional disclosure in the cash flow statement then make sure that is included as a child of one of the following abstract items:
us-gaap:NoncashOrPartNoncashAcquisitionValueOfAssetsAcquiredAbstract, us-gaap:IncomeTaxesPaidNetAbstract, NoncashInvestingItemsAbstract, us-gaap:OtherNoncashInvestingAndFinancingItemsAbstract, SupplementalCashFlowInformationAbstract, us-gaap:InterestPaidAbstract, AdditionalCashFlowElementsAndSupplementalCashFlowInformationAbstract, NonCashOperatingAndFinancingActivitiesAbstract, NoncashFinancingItemsAbstract, NoncashInvestingAndFinancingItemsAbstract, NonCashOperatingAndInvestingActivitiesAbstract, CashFlowNoncashInvestingAndFinancingActivitiesDisclosureAbstract, us-gaap:NoncashOrPartNoncashAcquisitionNetNonmonetaryAssetsAcquiredLiabilitiesAssumedAbstract, SupplementalCashFlowElementsAbstract, us-gaap:NoncashOrPartNoncashAcquisitionValueOfLiabilitiesAssumedAbstract

Rule Element Id:9533
Rule version: 22.0.1 - IXDS atsg-20230930.htm",2023-11-10,ERROR,DQC,99,894081,"Air Transport Services Group, Inc.",2023-11-09 17:19:00,0000894081-23-000213,US GAAP 2023,XBRL Document Created with the Workiva Platform,10-Q,http://www.sec.gov/Archives/edgar/data/894081/000089408123000213/atsg-20230930.htm,2023-11-09,2023,652917,https://www.sec.gov/Archives/edgar/data/894081/000089408123000213/0000894081-23-000213-index.htm,4513,10q-atsg-20230930
DQC.US.0099.9533,"2024-01-12 13:01:42,953 [DQC.US.0099.9533] 
The following elements are in the presentation linkbase of 000006 - Statement - CONDENSED CONSOLIDATED STATEMENTS OF CASH FLOWS (Unaudited) but are not included in any calculation relationship in the filing.
us-gaap:NetCashProvidedByUsedInContinuingOperations, 
accredited:CashAndCashEquivalentsOfDiscontinuedOperations
All elements appearing in the face of the financial statements should be included in a calculation relationship somewhere in the filing. Items not included in the financial statement calculations but included in the presentation are referred to as parenthetical items. These usually appear as a referenced item, or as a value in parenthesis describing that the value reported includes another specific amount.  These values should be reported in a seperate link role for parenthetical items.

This rule will produce an error irrespective of a fact value being entered for the item(s) listed above.

If the item is an additional disclosure in the cash flow statement then make sure that is included as a child of one of the following abstract items:
CashFlowNoncashInvestingAndFinancingActivitiesDisclosureAbstract, us-gaap:NoncashOrPartNoncashAcquisitionNetNonmonetaryAssetsAcquiredLiabilitiesAssumedAbstract, NoncashInvestingItemsAbstract, NoncashInvestingAndFinancingItemsAbstract, us-gaap:NoncashOrPartNoncashAcquisitionValueOfAssetsAcquiredAbstract, us-gaap:OtherNoncashInvestingAndFinancingItemsAbstract, us-gaap:InterestPaidAbstract, SupplementalCashFlowInformationAbstract, AdditionalCashFlowElementsAndSupplementalCashFlowInformationAbstract, us-gaap:IncomeTaxesPaidNetAbstract, SupplementalCashFlowElementsAbstract, us-gaap:NoncashOrPartNoncashAcquisitionValueOfLiabilitiesAssumedAbstract, NonCashOperatingAndFinancingActivitiesAbstract, NonCashOperatingAndInvestingActivitiesAbstract, NoncashFinancingItemsAbstract

Rule Element Id:9533
Rule version: 22.0.3 - IXDS accredited_10q.htm",2024-01-12,ERROR,DQC,99,1464865,"Accredited Solutions, Inc.",2024-01-12 12:35:00,0001477932-24-000145,US GAAP 2023,XBRL Document Created with XBRLMaster,10-Q,http://www.sec.gov/Archives/edgar/data/1464865/000147793224000145/accredited_10q.htm,2024-01-12,2024,667273,https://www.sec.gov/Archives/edgar/data/1464865/000147793224000145/0001477932-24-000145-index.htm,2080,10q-accredited-20230930
DQC.US.0099.9533,"2024-01-16 16:16:54,493 [DQC.US.0099.9533] 
The following elements are in the presentation linkbase of 000006 - Statement - Condensed Consolidated Interim Statements of Cash Flows (Unaudited) but are not included in any calculation relationship in the filing.
alid:AdjustmentForAccruedInterest
All elements appearing in the face of the financial statements should be included in a calculation relationship somewhere in the filing. Items not included in the financial statement calculations but included in the presentation are referred to as parenthetical items. These usually appear as a referenced item, or as a value in parenthesis describing that the value reported includes another specific amount.  These values should be reported in a seperate link role for parenthetical items.

This rule will produce an error irrespective of a fact value being entered for the item(s) listed above.

If the item is an additional disclosure in the cash flow statement then make sure that is included as a child of one of the following abstract items:
NoncashInvestingAndFinancingItemsAbstract, us-gaap:InterestPaidAbstract, us-gaap:NoncashOrPartNoncashAcquisitionValueOfAssetsAcquiredAbstract, SupplementalCashFlowInformationAbstract, us-gaap:NoncashOrPartNoncashAcquisitionNetNonmonetaryAssetsAcquiredLiabilitiesAssumedAbstract, SupplementalCashFlowElementsAbstract, us-gaap:NoncashOrPartNoncashAcquisitionValueOfLiabilitiesAssumedAbstract, us-gaap:IncomeTaxesPaidNetAbstract, NoncashInvestingItemsAbstract, CashFlowNoncashInvestingAndFinancingActivitiesDisclosureAbstract, NoncashFinancingItemsAbstract, us-gaap:OtherNoncashInvestingAndFinancingItemsAbstract, AdditionalCashFlowElementsAndSupplementalCashFlowInformationAbstract, NonCashOperatingAndInvestingActivitiesAbstract, NonCashOperatingAndFinancingActivitiesAbstract

Rule Element Id:9533
Rule version: 22.0.3 - IXDS alid_10q.htm",2024-01-16,ERROR,DQC,99,1575295,Allied Corp.,2024-01-16 15:41:00,0001477932-24-000188,US GAAP 2023,XBRL Document Created with XBRLMaster,10-Q,http://www.sec.gov/Archives/edgar/data/1575295/000147793224000188/alid_10q.htm,2024-01-16,2024,667604,https://www.sec.gov/Archives/edgar/data/1575295/000147793224000188/0001477932-24-000188-index.htm,5961,10q-alid-20231130
DQC.US.0099.9533,"2024-02-29 21:34:15,479 [DQC.US.0099.9533] 
The following elements are in the presentation linkbase of 0000003 - Statement - Consolidated Balance Sheet but are not included in any calculation relationship in the filing.
efc:ForwardMSRRelatedInvestmentsAtFairValue, 
efc:HMBSRelatedObligationsAtFairValue
All elements appearing in the face of the financial statements should be included in a calculation relationship somewhere in the filing. Items not included in the financial statement calculations but included in the presentation are referred to as parenthetical items. These usually appear as a referenced item, or as a value in parenthesis describing that the value reported includes another specific amount.  These values should be reported in a seperate link role for parenthetical items.

This rule will produce an error irrespective of a fact value being entered for the item(s) listed above.
If the item is an additional disclosure in the income statement statement then make sure that is included as a child of one of the following abstract items:
ShareBasedCompensationAllocationAndClassificationInFinancialStatementsAbstract, 
SupplementalIncomeStatementElementsAbstract

Rule Element Id:9533
Rule version: 23.0.5 - IXDS efc-20231231.htm",2024-03-01,ERROR,DQC,99,1411342,ELLINGTON FINANCIAL INC,2024-02-29 16:42:00,0001411342-24-000021,US GAAP 2023,XBRL Document Created with the Workiva Platform,10-K,http://www.sec.gov/Archives/edgar/data/1411342/000141134224000021/efc-20231231.htm,2024-02-29,2024,681343,https://www.sec.gov/Archives/edgar/data/1411342/000141134224000021/0001411342-24-000021-index.htm,6500,10k-efc-20231231
DQC.US.0099.9533,"2024-02-29 21:34:15,479 [DQC.US.0099.9533] 
The following elements are in the presentation linkbase of 0000008 - Statement - Consolidated Statement of Cash Flows but are not included in any calculation relationship in the filing.
us-gaap:AmortizationOfFinancingCosts, 
us-gaap:RepaymentsOfUnsecuredDebt, 
efc:UnrealizedGainsLossesOnSecuritiesAndLoansNet, 
efc:RealizedGainsLossesOnDerivativesNet, 
efc:RealEstateAcquiredThroughForeclosureUnrealizedGainsLosses, 
efc:NetChangeFromForwardMSRRelatedInvestmentsAtFairValue, 
us-gaap:RepaymentsOfSecuredDebt, 
us-gaap:IncreaseDecreaseInMortgageLoansHeldForSale, 
us-gaap:AccretionAmortizationOfDiscountsAndPremiumsInvestments, 
efc:RealEstateAcquiredThroughForeclosureRealizedGainsLossesOnDisposal, 
efc:IncreaseDecreaseInIncentiveFeePayableToAffiliate, 
us-gaap:CashAcquiredFromAcquisition, 
efc:IncreaseDecreaseInAccruedManagementFee, 
efc:InterestIncomeRelatedToConsolidatedSecuritizationTrust, 
us-gaap:IncreaseDecreaseInOtherOperatingAssets, 
us-gaap:ForeignCurrencyTransactionGainLossUnrealized, 
efc:EquityBasedCompensationExpense, 
efc:NetChangeFromReverseMortgageLoansHeldForInvestmentAtFairValue, 
efc:CompensationExpenseRelatedToMergerNoncashExpense, 
efc:UnrealizedGainsLossesOtherNet, 
efc:InterestExpenseRelatedToConsolidatedSecuritizationTrust, 
us-gaap:IncreaseDecreaseInInterestPayableNet, 
efc:UnrealizedGainsLossesOnLoanCommitmentsNet, 
us-gaap:UnrealizedGainLossOnDerivatives, 
us-gaap:InvestmentCompanyRealizedAndUnrealizedGainLossOnInvestmentAndForeignCurrency, 
efc:NetChangeRelatedToHMBSObligationsAtFairValue, 
us-gaap:PaymentsToAcquireBusinessesGross, 
us-gaap:ForeignCurrencyTransactionGainLossRealized, 
efc:SharesIssuedInConnectionWithIncentiveFeePayment, 
efc:ValuationAdjustmentAndDeletionsOfMortgageServicingRights, 
efc:CashOutflowForDebtIssuanceCostsRelatedToOtherSecuredBorrowingsAtFairValue, 
efc:RealizedGainsLossesOnSecuritiesAndLoansNet, 
us-gaap:IncreaseDecreaseInAccruedLiabilitiesAndOtherOperatingLiabilities, 
us-gaap:BusinessCombinationBargainPurchaseGainRecognizedAmount, 
us-gaap:ProceedsFromSaleOfMortgageLoansHeldForSale, 
efc:ProceedsFromSaleOfForwardMSRRelatedInvestments, 
efc:DebtIssuanceCostsRelatedToUnsecuredBorrowingsAtFairValue, 
efc:IncreaseDecreaseInInterestAndPrincipalReceivable
All elements appearing in the face of the financial statements should be included in a calculation relationship somewhere in the filing. Items not included in the financial statement calculations but included in the presentation are referred to as parenthetical items. These usually appear as a referenced item, or as a value in parenthesis describing that the value reported includes another specific amount.  These values should be reported in a seperate link role for parenthetical items.

This rule will produce an error irrespective of a fact value being entered for the item(s) listed above.

If the item is an additional disclosure in the cash flow statement then make sure that is included as a child of one of the following abstract items:
us-gaap:OtherNoncashInvestingAndFinancingItemsAbstract, NoncashInvestingItemsAbstract, SupplementalCashFlowInformationAbstract, AdditionalCashFlowElementsAndSupplementalCashFlowInformationAbstract, SupplementalCashFlowElementsAbstract, us-gaap:InterestPaidAbstract, CashFlowNoncashInvestingAndFinancingActivitiesDisclosureAbstract, us-gaap:IncomeTaxesPaidNetAbstract, NonCashOperatingAndFinancingActivitiesAbstract, NoncashInvestingAndFinancingItemsAbstract, us-gaap:NoncashOrPartNoncashAcquisitionNetNonmonetaryAssetsAcquiredLiabilitiesAssumedAbstract, NonCashOperatingAndInvestingActivitiesAbstract, us-gaap:NoncashOrPartNoncashAcquisitionValueOfAssetsAcquiredAbstract, us-gaap:NoncashOrPartNoncashAcquisitionValueOfLiabilitiesAssumedAbstract, NoncashFinancingItemsAbstract

Rule Element Id:9533
Rule version: 23.0.5 - IXDS efc-20231231.htm",2024-03-01,ERROR,DQC,99,1411342,ELLINGTON FINANCIAL INC,2024-02-29 16:42:00,0001411342-24-000021,US GAAP 2023,XBRL Document Created with the Workiva Platform,10-K,http://www.sec.gov/Archives/edgar/data/1411342/000141134224000021/efc-20231231.htm,2024-02-29,2024,681343,https://www.sec.gov/Archives/edgar/data/1411342/000141134224000021/0001411342-24-000021-index.htm,6500,10k-efc-20231231
DQC.US.0099.9533,"2024-03-26 11:19:44,533 [DQC.US.0099.9533] 
The following elements are in the presentation linkbase of 00000005 - Statement - STATEMENTS OF CASH FLOWS but are not included in any calculation relationship in the filing.
us-gaap:IncreaseDecreaseInPrepaidExpense, 
us-gaap:IncreaseDecreaseInInterestPayableNet, 
us-gaap:NetIncomeLoss, 
us-gaap:IncreaseDecreaseInDueToRelatedParties, 
lsmg:RescindedSapirTransaction, 
us-gaap:IncreaseDecreaseInAccountsPayableAndAccruedLiabilities
All elements appearing in the face of the financial statements should be included in a calculation relationship somewhere in the filing. Items not included in the financial statement calculations but included in the presentation are referred to as parenthetical items. These usually appear as a referenced item, or as a value in parenthesis describing that the value reported includes another specific amount.  These values should be reported in a seperate link role for parenthetical items.

This rule will produce an error irrespective of a fact value being entered for the item(s) listed above.

If the item is an additional disclosure in the cash flow statement then make sure that is included as a child of one of the following abstract items:
NonCashOperatingAndFinancingActivitiesAbstract, SupplementalCashFlowElementsAbstract, us-gaap:OtherNoncashInvestingAndFinancingItemsAbstract, us-gaap:NoncashOrPartNoncashAcquisitionNetNonmonetaryAssetsAcquiredLiabilitiesAssumedAbstract, NoncashInvestingItemsAbstract, NoncashFinancingItemsAbstract, NoncashInvestingAndFinancingItemsAbstract, CashFlowNoncashInvestingAndFinancingActivitiesDisclosureAbstract, NonCashOperatingAndInvestingActivitiesAbstract, SupplementalCashFlowInformationAbstract, AdditionalCashFlowElementsAndSupplementalCashFlowInformationAbstract, us-gaap:InterestPaidAbstract, us-gaap:NoncashOrPartNoncashAcquisitionValueOfAssetsAcquiredAbstract, us-gaap:IncomeTaxesPaidNetAbstract, us-gaap:NoncashOrPartNoncashAcquisitionValueOfLiabilitiesAssumedAbstract

Rule Element Id:9533
Rule version: 23.0.7 - IXDS lsmg-10k.htm",2024-03-26,ERROR,DQC,99,1319643,"Lode-Star Mining, Inc.",2024-03-22 15:06:00,0001199835-24-000120,US GAAP 2023,Novaworks,10-K,http://www.sec.gov/Archives/edgar/data/1319643/000119983524000120/lsmg-10k.htm,2024-03-22,2024,692753,https://www.sec.gov/Archives/edgar/data/1319643/000119983524000120/0001199835-24-000120-index.htm,1040,10k-lsmg-20231231
DQC.US.0099.9533,"2024-04-11 12:16:53,526 [DQC.US.0099.9533] 
The following elements are in the presentation linkbase of 00000006 - Statement - STATEMENTS OF CASH FLOWS but are not included in any calculation relationship in the filing.
us-gaap:IncreaseDecreaseInPrepaidDeferredExpenseAndOtherAssets, 
us-gaap:AmortizationOfDeferredLoanOriginationFeesNet, 
us-gaap:NetIncomeLoss, 
wvvi:IncreaseDecreaseGrapesPayable, 
us-gaap:IncreaseDecreaseInAccountsReceivable, 
us-gaap:IncreaseDecreaseInAccountsPayable, 
us-gaap:OtherNoncashExpense, 
us-gaap:IncreaseDecreaseInInventories, 
us-gaap:IncreaseDecreaseInOperatingLeaseLiability, 
wvvi:IncreaseDecreaseUnearnedRevenue, 
us-gaap:DepreciationDepletionAndAmortization, 
us-gaap:IncreaseDecreaseInAccruedLiabilities, 
us-gaap:IncreaseDecreaseInIncomeTaxesReceivable, 
us-gaap:DeferredIncomeTaxesAndTaxCredits
All elements appearing in the face of the financial statements should be included in a calculation relationship somewhere in the filing. Items not included in the financial statement calculations but included in the presentation are referred to as parenthetical items. These usually appear as a referenced item, or as a value in parenthesis describing that the value reported includes another specific amount.  These values should be reported in a seperate link role for parenthetical items.

This rule will produce an error irrespective of a fact value being entered for the item(s) listed above.

If the item is an additional disclosure in the cash flow statement then make sure that is included as a child of one of the following abstract items:
us-gaap:OtherNoncashInvestingAndFinancingItemsAbstract, AdditionalCashFlowElementsAndSupplementalCashFlowInformationAbstract, NonCashOperatingAndInvestingActivitiesAbstract, NonCashOperatingAndFinancingActivitiesAbstract, NoncashInvestingAndFinancingItemsAbstract, CashFlowNoncashInvestingAndFinancingActivitiesDisclosureAbstract, us-gaap:InterestPaidAbstract, SupplementalCashFlowElementsAbstract, NoncashFinancingItemsAbstract, us-gaap:IncomeTaxesPaidNetAbstract, us-gaap:NoncashOrPartNoncashAcquisitionNetNonmonetaryAssetsAcquiredLiabilitiesAssumedAbstract, us-gaap:NoncashOrPartNoncashAcquisitionValueOfAssetsAcquiredAbstract, NoncashInvestingItemsAbstract, SupplementalCashFlowInformationAbstract, us-gaap:NoncashOrPartNoncashAcquisitionValueOfLiabilitiesAssumedAbstract

Rule Element Id:9533
Rule version: 23.0.9 - IXDS wvvi-10k.htm",2024-04-11,ERROR,DQC,99,838875,WILLAMETTE VALLEY VINEYARDS INC,2024-03-26 16:23:00,0001199835-24-000132,US GAAP 2023,Novaworks,10-K,http://www.sec.gov/Archives/edgar/data/838875/000119983524000132/wvvi-10k.htm,2024-03-26,2024,697400,https://www.sec.gov/Archives/edgar/data/838875/000119983524000132/0001199835-24-000132-index.htm,2080,10k-wvvi-20231231
DQC.US.0099.9533,"2024-04-02 06:22:11,659 [DQC.US.0099.9533] 
The following elements are in the presentation linkbase of 00000002 - Statement - CONSOLIDATED BALANCE SHEETS but are not included in any calculation relationship in the filing.
us-gaap:AdditionalPaidInCapital, 
us-gaap:CommonStockValueOutstanding, 
us-gaap:PropertyPlantAndEquipmentNet, 
us-gaap:CommonStockShareSubscribedButUnissuedSubscriptionsReceivable, 
us-gaap:ConvertibleNotesPayableCurrent, 
us-gaap:DiscontinuedOperationAmountsOfMaterialContingentLiabilitiesRemaining, 
us-gaap:NotesPayable, 
us-gaap:Deposits, 
us-gaap:LongTermDebtNoncurrent, 
us-gaap:AccountsPayableAndAccruedLiabilitiesCurrent, 
us-gaap:AccruedLiabilitiesCurrent
All elements appearing in the face of the financial statements should be included in a calculation relationship somewhere in the filing. Items not included in the financial statement calculations but included in the presentation are referred to as parenthetical items. These usually appear as a referenced item, or as a value in parenthesis describing that the value reported includes another specific amount.  These values should be reported in a seperate link role for parenthetical items.

This rule will produce an error irrespective of a fact value being entered for the item(s) listed above.
If the item is an additional disclosure in the income statement statement then make sure that is included as a child of one of the following abstract items:
ShareBasedCompensationAllocationAndClassificationInFinancialStatementsAbstract, 
SupplementalIncomeStatementElementsAbstract

Rule Element Id:9533
Rule version: 23.0.8 - IXDS realk2023.htm",2024-04-02,ERROR,DQC,99,1084133,REAL BRANDS INC.,2024-04-01 16:48:00,0001264931-24-000007,US GAAP 2023,Novaworks,10-K,http://www.sec.gov/Archives/edgar/data/1084133/000126493124000007/realk2023.htm,2024-04-01,2024,694992,https://www.sec.gov/Archives/edgar/data/1084133/000126493124000007/0001264931-24-000007-index.htm,2080,10k-rlbd-20231231
DQC.US.0099.9533,"2024-04-02 06:22:11,659 [DQC.US.0099.9533] 
The following elements are in the presentation linkbase of 00000006 - Statement - CONSOLIDATED STATEMENTS OF CASH FLOWS but are not included in any calculation relationship in the filing.
us-gaap:DepreciationExpenseOnReclassifiedAssets, 
us-gaap:IncreaseDecreaseInAccountsReceivable, 
us-gaap:RestrictedStockExpense, 
us-gaap:StockOptionPlanExpense, 
us-gaap:LossContingencyAccrualCarryingValuePeriodIncreaseDecrease, 
us-gaap:ProceedsFromIssuanceOfCommonStock, 
us-gaap:IncreaseDecreaseInAccountsPayableAndAccruedLiabilities
All elements appearing in the face of the financial statements should be included in a calculation relationship somewhere in the filing. Items not included in the financial statement calculations but included in the presentation are referred to as parenthetical items. These usually appear as a referenced item, or as a value in parenthesis describing that the value reported includes another specific amount.  These values should be reported in a seperate link role for parenthetical items.

This rule will produce an error irrespective of a fact value being entered for the item(s) listed above.

If the item is an additional disclosure in the cash flow statement then make sure that is included as a child of one of the following abstract items:
us-gaap:NoncashOrPartNoncashAcquisitionNetNonmonetaryAssetsAcquiredLiabilitiesAssumedAbstract, NoncashInvestingAndFinancingItemsAbstract, SupplementalCashFlowInformationAbstract, us-gaap:NoncashOrPartNoncashAcquisitionValueOfAssetsAcquiredAbstract, us-gaap:NoncashOrPartNoncashAcquisitionValueOfLiabilitiesAssumedAbstract, NonCashOperatingAndInvestingActivitiesAbstract, us-gaap:OtherNoncashInvestingAndFinancingItemsAbstract, AdditionalCashFlowElementsAndSupplementalCashFlowInformationAbstract, NonCashOperatingAndFinancingActivitiesAbstract, us-gaap:InterestPaidAbstract, SupplementalCashFlowElementsAbstract, CashFlowNoncashInvestingAndFinancingActivitiesDisclosureAbstract, us-gaap:IncomeTaxesPaidNetAbstract, NoncashFinancingItemsAbstract, NoncashInvestingItemsAbstract

Rule Element Id:9533
Rule version: 23.0.8 - IXDS realk2023.htm",2024-04-02,ERROR,DQC,99,1084133,REAL BRANDS INC.,2024-04-01 16:48:00,0001264931-24-000007,US GAAP 2023,Novaworks,10-K,http://www.sec.gov/Archives/edgar/data/1084133/000126493124000007/realk2023.htm,2024-04-01,2024,694992,https://www.sec.gov/Archives/edgar/data/1084133/000126493124000007/0001264931-24-000007-index.htm,2080,10k-rlbd-20231231
DQC.US.0099.9533,"2024-04-02 06:22:11,660 [DQC.US.0099.9533] 
The following elements are in the presentation linkbase of 00000004 - Statement - CONSOLIDATED STATEMENTS OF OPERATIONS but are not included in any calculation relationship in the filing.
us-gaap:TaxAdjustmentsSettlementsAndUnusualProvisions, 
us-gaap:OperatingIncomeLoss
All elements appearing in the face of the financial statements should be included in a calculation relationship somewhere in the filing. Items not included in the financial statement calculations but included in the presentation are referred to as parenthetical items. These usually appear as a referenced item, or as a value in parenthesis describing that the value reported includes another specific amount.  These values should be reported in a seperate link role for parenthetical items.

This rule will produce an error irrespective of a fact value being entered for the item(s) listed above.
If the item is an additional disclosure in the income statement statement then make sure that is included as a child of one of the following abstract items:
ShareBasedCompensationAllocationAndClassificationInFinancialStatementsAbstract, 
SupplementalIncomeStatementElementsAbstract

Rule Element Id:9533
Rule version: 23.0.8 - IXDS realk2023.htm",2024-04-02,ERROR,DQC,99,1084133,REAL BRANDS INC.,2024-04-01 16:48:00,0001264931-24-000007,US GAAP 2023,Novaworks,10-K,http://www.sec.gov/Archives/edgar/data/1084133/000126493124000007/realk2023.htm,2024-04-01,2024,694992,https://www.sec.gov/Archives/edgar/data/1084133/000126493124000007/0001264931-24-000007-index.htm,2080,10k-rlbd-20231231
DQC.US.0099.9533,"2024-11-18 16:00:52,835 [DQC.US.0099.9533] 
The following elements are in the presentation linkbase of 00000005 - Statement - STATEMENTS OF CASH FLOWS (Unaudited) but are not included in any calculation relationship in the filing.
us-gaap:NetIncomeLoss, 
us-gaap:IncreaseDecreaseInAccountsPayableAndAccruedLiabilities
All elements appearing in the face of the financial statements should be included in a calculation relationship somewhere in the filing. Items not included in the financial statement calculations but included in the presentation are referred to as parenthetical items. These usually appear as a referenced item, or as a value in parenthesis describing that the value reported includes another specific amount.  These values should be reported in a seperate link role for parenthetical items.

This rule will produce an error irrespective of a fact value being entered for the item(s) listed above.

If the item is an additional disclosure in the cash flow statement then make sure that is included as a child of one of the following abstract items:
SupplementalCashFlowElementsAbstract, NoncashInvestingAndFinancingItemsAbstract, AdditionalCashFlowElementsAndSupplementalCashFlowInformationAbstract, NonCashOperatingAndInvestingActivitiesAbstract, CashFlowNoncashInvestingAndFinancingActivitiesDisclosureAbstract, SupplementalCashFlowInformationAbstract, us-gaap:IncomeTaxPaidByIndividualJurisdictionAbstract, NoncashInvestingItemsAbstract, us-gaap:InterestPaidAbstract, us-gaap:IncomeTaxesPaidNetAbstract, us-gaap:IncomeTaxPaidFederalAfterRefundReceivedAbstract, us-gaap:IncomeTaxPaidStateAndLocalAfterRefundReceivedAbstract, us-gaap:IncomeTaxPaidForeignAfterRefundReceivedAbstract, NoncashFinancingItemsAbstract, us-gaap:NoncashOrPartNoncashAcquisitionNetNonmonetaryAssetsAcquiredLiabilitiesAssumedAbstract, us-gaap:NoncashOrPartNoncashAcquisitionValueOfAssetsAcquiredAbstract, us-gaap:NoncashOrPartNoncashAcquisitionValueOfLiabilitiesAssumedAbstract, us-gaap:OtherNoncashInvestingAndFinancingItemsAbstract, NonCashOperatingAndFinancingActivitiesAbstract

Rule Element Id:9533
Rule version: 25.0.4 - IXDS lsmg-10q.htm",2024-11-18,ERROR,DQC,99,1319643,"Lode-Star Mining, Inc.",2024-11-15 12:34:00,0001199835-24-000512,US GAAP 2024,Novaworks,10-Q,http://www.sec.gov/Archives/edgar/data/1319643/000119983524000512/lsmg-10q.htm,2024-11-15,2024,781414,https://www.sec.gov/Archives/edgar/data/1319643/000119983524000512/0001199835-24-000512-index.htm,1040,10q-lsmg-20240930
DQC.US.0099.9533,"2024-11-15 06:36:09,129 [DQC.US.0099.9533] 
The following elements are in the presentation linkbase of 00000006 - Statement - STATEMENTS OF CASH FLOWS (Unaudited) but are not included in any calculation relationship in the filing.
us-gaap:IncreaseDecreaseInInventories, 
us-gaap:AmortizationOfDeferredLoanOriginationFeesNet, 
us-gaap:NetIncomeLoss, 
wvvi:IncreaseDecreaseUnearnedRevenue, 
us-gaap:IncreaseDecreaseInAccountsReceivable, 
wvvi:IncreaseDecreaseGrapesPayable, 
us-gaap:IncreaseDecreaseInIncomeTaxesReceivable, 
us-gaap:OtherNoncashExpense, 
us-gaap:IncreaseDecreaseInOperatingLeaseLiability, 
us-gaap:IncreaseDecreaseInPrepaidDeferredExpenseAndOtherAssets, 
us-gaap:IncreaseDecreaseInAccountsPayable, 
us-gaap:IncreaseDecreaseInAccruedLiabilities, 
us-gaap:DepreciationDepletionAndAmortization
All elements appearing in the face of the financial statements should be included in a calculation relationship somewhere in the filing. Items not included in the financial statement calculations but included in the presentation are referred to as parenthetical items. These usually appear as a referenced item, or as a value in parenthesis describing that the value reported includes another specific amount.  These values should be reported in a seperate link role for parenthetical items.

This rule will produce an error irrespective of a fact value being entered for the item(s) listed above.

If the item is an additional disclosure in the cash flow statement then make sure that is included as a child of one of the following abstract items:
NoncashInvestingItemsAbstract, NoncashFinancingItemsAbstract, us-gaap:NoncashOrPartNoncashAcquisitionNetNonmonetaryAssetsAcquiredLiabilitiesAssumedAbstract, CashFlowNoncashInvestingAndFinancingActivitiesDisclosureAbstract, NoncashInvestingAndFinancingItemsAbstract, AdditionalCashFlowElementsAndSupplementalCashFlowInformationAbstract, SupplementalCashFlowElementsAbstract, us-gaap:IncomeTaxPaidForeignAfterRefundReceivedAbstract, us-gaap:IncomeTaxPaidStateAndLocalAfterRefundReceivedAbstract, us-gaap:OtherNoncashInvestingAndFinancingItemsAbstract, SupplementalCashFlowInformationAbstract, NonCashOperatingAndFinancingActivitiesAbstract, us-gaap:IncomeTaxPaidFederalAfterRefundReceivedAbstract, us-gaap:NoncashOrPartNoncashAcquisitionValueOfLiabilitiesAssumedAbstract, us-gaap:IncomeTaxPaidByIndividualJurisdictionAbstract, NonCashOperatingAndInvestingActivitiesAbstract, us-gaap:InterestPaidAbstract, us-gaap:IncomeTaxesPaidNetAbstract, us-gaap:NoncashOrPartNoncashAcquisitionValueOfAssetsAcquiredAbstract

Rule Element Id:9533
Rule version: 25.0.4 - IXDS wvvi-10q.htm",2024-11-15,ERROR,DQC,99,838875,WILLAMETTE VALLEY VINEYARDS INC,2024-11-12 16:30:00,0001199835-24-000492,US GAAP 2024,Novaworks,10-Q,http://www.sec.gov/Archives/edgar/data/838875/000119983524000492/wvvi-10q.htm,2024-11-12,2024,779429,https://www.sec.gov/Archives/edgar/data/838875/000119983524000492/0001199835-24-000492-index.htm,2080,10q-wvvi-20240930
DQC.US.0099.9533,"2024-11-15 10:17:04,302 [DQC.US.0099.9533] 
The following elements are in the presentation linkbase of 0000007 - Statement - Consolidated Statement of Cash Flows but are not included in any calculation relationship in the filing.
efc:LoansAcquiredInConsolidationOfSecuritizationTrustNetNonCash, 
us-gaap:RepaymentsOfSecuredDebt, 
us-gaap:AccretionAmortizationOfDiscountsAndPremiumsInvestments, 
efc:UnrealizedGainsLossesOnLoanCommitmentsNet, 
efc:RealizedGainsLossesOnDerivativesNet, 
us-gaap:AmortizationOfFinancingCosts, 
efc:TransfersOfHMBSObligationsToThirdPartyAtFairValueNonCash, 
efc:TransfersOfReverseMortgageLoansToThirdPartyAtFairValueNonCash, 
efc:SharesIssuedInConnectionWithIncentiveFeePayment, 
efc:RealEstateAcquiredThroughForeclosureRealizedGainsLossesOnDisposal, 
efc:EquityBasedCompensationExpense, 
us-gaap:PaymentsToAcquireBusinessesGross, 
efc:InterestIncomeRelatedToConsolidatedSecuritizationTrust, 
us-gaap:ForeignCurrencyTransactionGainLossUnrealized, 
efc:DebtIssuanceCostsRelatedToOtherSecuredBorrowingsAtFairValueNonCash, 
efc:UnrealizedGainsLossesOnSecuritiesAndLoansNet, 
efc:RealEstateAcquiredThroughForeclosureUnrealizedGainsLosses, 
efc:InterestExpenseRelatedToConsolidatedSecuritizationTrust, 
us-gaap:ForeignCurrencyTransactionGainLossRealized, 
efc:CashOutflowForDebtIssuanceCostsRelatedToOtherSecuredBorrowingsAtFairValue, 
us-gaap:ProceedsFromSaleOfMortgageLoansHeldForSale, 
efc:IncreaseDecreaseInInterestAndPrincipalReceivable, 
efc:IncreaseDecreaseInAccruedManagementFee, 
efc:NetChangeRelatedToHMBSObligationsAtFairValue, 
efc:IncreaseDecreaseInIncentiveFeePayableToAffiliate, 
us-gaap:IncreaseDecreaseInAccruedLiabilitiesAndOtherOperatingLiabilities, 
us-gaap:IncreaseDecreaseInInterestPayableNet, 
us-gaap:UnrealizedGainLossOnDerivatives, 
efc:TransfersFromSecuritiesToCorporateLoansNonCash, 
efc:ProceedsFromSaleOfForwardMSRRelatedInvestments, 
us-gaap:RepaymentsOfUnsecuredDebt, 
efc:TransfersFromSecuritiesToResidentialMortgageLoansNonCash, 
efc:UnrealizedGainsLossesOtherNet, 
us-gaap:IncreaseDecreaseInOtherOperatingAssets, 
us-gaap:ProceedsFromIssuanceOfUnsecuredDebt, 
efc:CompensationExpenseRelatedToMergerNoncashExpense, 
efc:IncreaseInCashResultingFromConsolidationOfSecuritizationTrustNet, 
us-gaap:IncreaseDecreaseInMortgageLoansHeldForSale, 
efc:NetChangeFromReverseMortgageLoansHeldForInvestmentAtFairValue, 
us-gaap:InvestmentCompanyRealizedAndUnrealizedGainLossOnInvestmentAndForeignCurrency, 
efc:RealizedGainsLossesOnSecuritiesAndLoansNet, 
efc:OtherSecuredBorrowingsAtFairValueAssumedInConsolidationOfSecuritizationTrustNonCash, 
efc:NetChangeFromForwardMSRRelatedInvestmentsAtFairValue, 
efc:ValuationAdjustmentAndDeletionsOfMortgageServicingRights
All elements appearing in the face of the financial statements should be included in a calculation relationship somewhere in the filing. Items not included in the financial statement calculations but included in the presentation are referred to as parenthetical items. These usually appear as a referenced item, or as a value in parenthesis describing that the value reported includes another specific amount.  These values should be reported in a seperate link role for parenthetical items.

This rule will produce an error irrespective of a fact value being entered for the item(s) listed above.

If the item is an additional disclosure in the cash flow statement then make sure that is included as a child of one of the following abstract items:
us-gaap:NoncashOrPartNoncashAcquisitionNetNonmonetaryAssetsAcquiredLiabilitiesAssumedAbstract, NonCashOperatingAndInvestingActivitiesAbstract, us-gaap:NoncashOrPartNoncashAcquisitionValueOfAssetsAcquiredAbstract, us-gaap:NoncashOrPartNoncashAcquisitionValueOfLiabilitiesAssumedAbstract, us-gaap:InterestPaidAbstract, NonCashOperatingAndFinancingActivitiesAbstract, us-gaap:IncomeTaxesPaidNetAbstract, SupplementalCashFlowElementsAbstract, us-gaap:OtherNoncashInvestingAndFinancingItemsAbstract, CashFlowNoncashInvestingAndFinancingActivitiesDisclosureAbstract, NoncashInvestingAndFinancingItemsAbstract, NoncashFinancingItemsAbstract, AdditionalCashFlowElementsAndSupplementalCashFlowInformationAbstract, NoncashInvestingItemsAbstract, SupplementalCashFlowInformationAbstract

Rule Element Id:9533
Rule version: 25.0.4 - IXDS efc-20240930.htm",2024-11-15,ERROR,DQC,99,1411342,ELLINGTON FINANCIAL INC,2024-11-12 15:47:00,0001411342-24-000113,US GAAP 2023,XBRL Document Created with the Workiva Platform,10-Q,http://www.sec.gov/Archives/edgar/data/1411342/000141134224000113/efc-20240930.htm,2024-11-12,2024,779538,https://www.sec.gov/Archives/edgar/data/1411342/000141134224000113/0001411342-24-000113-index.htm,6500,10q-efc-20240930
DQC.US.0099.9533,"2024-11-08 10:31:10,231 [DQC.US.0099.9533] 
The following elements are in the presentation linkbase of 9952154 - Statement - CONDENSED CONSOLIDATED STATEMENTS OF COMPREHENSIVE INCOME (UNAUDITED) but are not included in any calculation relationship in the filing.
us-gaap:OtherComprehensiveIncomeLossReclassificationAdjustmentFromAOCIPensionAndOtherPostretirementBenefitPlansTax, 
us-gaap:OtherComprehensiveIncomeLossReclassificationAdjustmentFromAOCIPensionAndOtherPostretirementBenefitPlansForNetTransitionAssetObligationBeforeTax, 
us-gaap:OtherComprehensiveIncomeLossReclassificationAdjustmentFromAOCIPensionAndOtherPostretirementBenefitPlansForNetGainLossBeforeTax, 
us-gaap:OtherComprehensiveIncomeLossFinalizationOfPensionAndNonPensionPostretirementPlanValuationBeforeTax
All elements appearing in the face of the financial statements should be included in a calculation relationship somewhere in the filing. Items not included in the financial statement calculations but included in the presentation are referred to as parenthetical items. These usually appear as a referenced item, or as a value in parenthesis describing that the value reported includes another specific amount.  These values should be reported in a seperate link role for parenthetical items.

This rule will produce an error irrespective of a fact value being entered for the item(s) listed above.
If the item is an additional disclosure in the income statement statement then make sure that is included as a child of one of the following abstract items:
ShareBasedCompensationAllocationAndClassificationInFinancialStatementsAbstract, 
SupplementalIncomeStatementElementsAbstract

Rule Element Id:9533
Rule version: 25.0.4 - IXDS kmt-20240930.htm",2024-11-08,ERROR,DQC,99,55242,KENNAMETAL INC.,2024-11-06 15:18:00,0000055242-24-000067,US GAAP 2024,XBRL Document Created with the Workiva Platform,10-Q,http://www.sec.gov/Archives/edgar/data/55242/000005524224000067/kmt-20240930.htm,2024-11-06,2024,776222,https://www.sec.gov/Archives/edgar/data/55242/000005524224000067/0000055242-24-000067-index.htm,3541,10q-kmt-20240930
DQC.US.0099.9533,"2024-08-26 22:32:12,912 [DQC.US.0099.9533] 
The following elements are in the presentation linkbase of 000006 - Statement - CONDENSED CONSOLIDATED STATEMENTS OF CASH FLOWS (Unaudited) but are not included in any calculation relationship in the filing.
us-gaap:NetCashProvidedByUsedInContinuingOperations, 
asii:CashAndCashEquivalentsOfDiscontinuedOperations
All elements appearing in the face of the financial statements should be included in a calculation relationship somewhere in the filing. Items not included in the financial statement calculations but included in the presentation are referred to as parenthetical items. These usually appear as a referenced item, or as a value in parenthesis describing that the value reported includes another specific amount.  These values should be reported in a seperate link role for parenthetical items.

This rule will produce an error irrespective of a fact value being entered for the item(s) listed above.

If the item is an additional disclosure in the cash flow statement then make sure that is included as a child of one of the following abstract items:
NonCashOperatingAndInvestingActivitiesAbstract, NoncashInvestingAndFinancingItemsAbstract, AdditionalCashFlowElementsAndSupplementalCashFlowInformationAbstract, CashFlowNoncashInvestingAndFinancingActivitiesDisclosureAbstract, SupplementalCashFlowInformationAbstract, NoncashInvestingItemsAbstract, us-gaap:IncomeTaxPaidByIndividualJurisdictionAbstract, us-gaap:InterestPaidAbstract, us-gaap:IncomeTaxesPaidNetAbstract, us-gaap:IncomeTaxPaidFederalAfterRefundReceivedAbstract, us-gaap:IncomeTaxPaidStateAndLocalAfterRefundReceivedAbstract, NoncashFinancingItemsAbstract, us-gaap:IncomeTaxPaidForeignAfterRefundReceivedAbstract, us-gaap:NoncashOrPartNoncashAcquisitionNetNonmonetaryAssetsAcquiredLiabilitiesAssumedAbstract, us-gaap:NoncashOrPartNoncashAcquisitionValueOfAssetsAcquiredAbstract, us-gaap:NoncashOrPartNoncashAcquisitionValueOfLiabilitiesAssumedAbstract, us-gaap:OtherNoncashInvestingAndFinancingItemsAbstract, NonCashOperatingAndFinancingActivitiesAbstract, SupplementalCashFlowElementsAbstract

Rule Element Id:9533
Rule version: 24.0.4 - IXDS asii_10q.htm",2024-08-27,ERROR,DQC,99,1464865,"Accredited Solutions, Inc.",2024-08-23 06:36:00,0001477932-24-005218,US GAAP 2024,XBRL Document Created with XBRLMaster,10-Q,http://www.sec.gov/Archives/edgar/data/1464865/000147793224005218/asii_10q.htm,2024-08-23,2024,753546,https://www.sec.gov/Archives/edgar/data/1464865/000147793224005218/0001477932-24-005218-index.htm,2080,10q-asii-20240630
DQC.US.0099.9533,"2024-08-21 06:23:45,365 [DQC.US.0099.9533] 
The following elements are in the presentation linkbase of 00000006 - Statement - CONDENSED STATEMENTS OF CASH FLOWS (Unaudited) but are not included in any calculation relationship in the filing.
us-gaap:DepreciationDepletionAndAmortization, 
us-gaap:OtherNoncashExpense, 
us-gaap:IncreaseDecreaseInPrepaidDeferredExpenseAndOtherAssets, 
us-gaap:IncreaseDecreaseInOperatingLeaseLiability, 
us-gaap:IncreaseDecreaseInIncomeTaxesReceivable, 
us-gaap:NetIncomeLoss, 
us-gaap:IncreaseDecreaseInAccountsPayable, 
us-gaap:IncreaseDecreaseInInventories, 
us-gaap:IncreaseDecreaseInAccruedLiabilities, 
wvvi:IncreaseDecreaseGrapesPayable, 
us-gaap:AmortizationOfDeferredLoanOriginationFeesNet, 
wvvi:IncreaseDecreaseUnearnedRevenue, 
us-gaap:IncreaseDecreaseInAccountsReceivable
All elements appearing in the face of the financial statements should be included in a calculation relationship somewhere in the filing. Items not included in the financial statement calculations but included in the presentation are referred to as parenthetical items. These usually appear as a referenced item, or as a value in parenthesis describing that the value reported includes another specific amount.  These values should be reported in a seperate link role for parenthetical items.

This rule will produce an error irrespective of a fact value being entered for the item(s) listed above.

If the item is an additional disclosure in the cash flow statement then make sure that is included as a child of one of the following abstract items:
us-gaap:NoncashOrPartNoncashAcquisitionValueOfAssetsAcquiredAbstract, us-gaap:InterestPaidAbstract, CashFlowNoncashInvestingAndFinancingActivitiesDisclosureAbstract, us-gaap:IncomeTaxPaidFederalAfterRefundReceivedAbstract, AdditionalCashFlowElementsAndSupplementalCashFlowInformationAbstract, us-gaap:IncomeTaxPaidForeignAfterRefundReceivedAbstract, NonCashOperatingAndFinancingActivitiesAbstract, us-gaap:NoncashOrPartNoncashAcquisitionValueOfLiabilitiesAssumedAbstract, NoncashFinancingItemsAbstract, us-gaap:IncomeTaxPaidByIndividualJurisdictionAbstract, SupplementalCashFlowElementsAbstract, us-gaap:IncomeTaxesPaidNetAbstract, NoncashInvestingItemsAbstract, us-gaap:IncomeTaxPaidStateAndLocalAfterRefundReceivedAbstract, us-gaap:NoncashOrPartNoncashAcquisitionNetNonmonetaryAssetsAcquiredLiabilitiesAssumedAbstract, NonCashOperatingAndInvestingActivitiesAbstract, NoncashInvestingAndFinancingItemsAbstract, SupplementalCashFlowInformationAbstract, us-gaap:OtherNoncashInvestingAndFinancingItemsAbstract

Rule Element Id:9533
Rule version: 24.0.4 - IXDS wvvi-10q.htm",2024-08-21,ERROR,DQC,99,838875,WILLAMETTE VALLEY VINEYARDS INC,2024-08-13 16:31:00,0001199835-24-000317,US GAAP 2024,Novaworks,10-Q,http://www.sec.gov/Archives/edgar/data/838875/000119983524000317/wvvi-10q.htm,2024-08-13,2024,751812,https://www.sec.gov/Archives/edgar/data/838875/000119983524000317/0001199835-24-000317-index.htm,2080,10q-wvvi-20240630
DQC.US.0099.9533,"2024-08-14 06:24:10,678 [DQC.US.0099.9533] 
The following elements are in the presentation linkbase of 00000005 - Statement - STATEMENTS OF CASH FLOWS (Unaudited) but are not included in any calculation relationship in the filing.
us-gaap:IncreaseDecreaseInAccountsPayableAndAccruedLiabilities, 
us-gaap:NetIncomeLoss
All elements appearing in the face of the financial statements should be included in a calculation relationship somewhere in the filing. Items not included in the financial statement calculations but included in the presentation are referred to as parenthetical items. These usually appear as a referenced item, or as a value in parenthesis describing that the value reported includes another specific amount.  These values should be reported in a seperate link role for parenthetical items.

This rule will produce an error irrespective of a fact value being entered for the item(s) listed above.

If the item is an additional disclosure in the cash flow statement then make sure that is included as a child of one of the following abstract items:
us-gaap:OtherNoncashInvestingAndFinancingItemsAbstract, us-gaap:IncomeTaxesPaidNetAbstract, us-gaap:IncomeTaxPaidForeignAfterRefundReceivedAbstract, NoncashInvestingAndFinancingItemsAbstract, AdditionalCashFlowElementsAndSupplementalCashFlowInformationAbstract, NonCashOperatingAndFinancingActivitiesAbstract, us-gaap:NoncashOrPartNoncashAcquisitionNetNonmonetaryAssetsAcquiredLiabilitiesAssumedAbstract, us-gaap:NoncashOrPartNoncashAcquisitionValueOfAssetsAcquiredAbstract, CashFlowNoncashInvestingAndFinancingActivitiesDisclosureAbstract, NonCashOperatingAndInvestingActivitiesAbstract, us-gaap:InterestPaidAbstract, us-gaap:NoncashOrPartNoncashAcquisitionValueOfLiabilitiesAssumedAbstract, us-gaap:IncomeTaxPaidStateAndLocalAfterRefundReceivedAbstract, NoncashInvestingItemsAbstract, SupplementalCashFlowElementsAbstract, us-gaap:IncomeTaxPaidByIndividualJurisdictionAbstract, NoncashFinancingItemsAbstract, us-gaap:IncomeTaxPaidFederalAfterRefundReceivedAbstract, SupplementalCashFlowInformationAbstract

Rule Element Id:9533
Rule version: 24.0.3 - IXDS lsmg-10q.htm",2024-08-14,ERROR,DQC,99,1319643,"Lode-Star Mining, Inc.",2024-08-09 18:24:00,0001199835-24-000296,US GAAP 2024,Novaworks,10-Q,http://www.sec.gov/Archives/edgar/data/1319643/000119983524000296/lsmg-10q.htm,2024-08-12,2024,749635,https://www.sec.gov/Archives/edgar/data/1319643/000119983524000296/0001199835-24-000296-index.htm,1040,10q-lsmg-20240630
DQC.US.0099.9533,"2024-08-14 06:08:49,558 [DQC.US.0099.9533] 
The following elements are in the presentation linkbase of 0000007 - Statement - Consolidated Statement of Cash Flows but are not included in any calculation relationship in the filing.
us-gaap:IncreaseDecreaseInMortgageLoansHeldForSale, 
us-gaap:IncreaseDecreaseInInterestPayableNet, 
efc:LoansAcquiredInConsolidationOfSecuritizationTrustNetNonCash, 
efc:InterestIncomeRelatedToConsolidatedSecuritizationTrust, 
us-gaap:IncreaseDecreaseInAccruedLiabilitiesAndOtherOperatingLiabilities, 
efc:RealizedGainsLossesOnSecuritiesAndLoansNet, 
efc:InterestExpenseRelatedToConsolidatedSecuritizationTrust, 
efc:RealizedGainsLossesOnDerivativesNet, 
efc:RealEstateAcquiredThroughForeclosureRealizedGainsLossesOnDisposal, 
efc:UnrealizedGainsLossesOtherNet, 
efc:CashOutflowForDebtIssuanceCostsRelatedToOtherSecuredBorrowingsAtFairValue, 
us-gaap:InvestmentCompanyRealizedAndUnrealizedGainLossOnInvestmentAndForeignCurrency, 
us-gaap:ForeignCurrencyTransactionGainLossUnrealized, 
efc:UnrealizedGainsLossesOnSecuritiesAndLoansNet, 
efc:CompensationExpenseRelatedToMergerNoncashExpense, 
us-gaap:ForeignCurrencyTransactionGainLossRealized, 
efc:RealEstateAcquiredThroughForeclosureUnrealizedGainsLosses, 
efc:IncreaseDecreaseInInterestAndPrincipalReceivable, 
us-gaap:RepaymentsOfSecuredDebt, 
us-gaap:AmortizationOfFinancingCosts, 
efc:IncreaseDecreaseInAccruedManagementFee, 
us-gaap:PaymentsToAcquireBusinessesGross, 
efc:NetChangeFromReverseMortgageLoansHeldForInvestmentAtFairValue, 
us-gaap:AccretionAmortizationOfDiscountsAndPremiumsInvestments, 
efc:IncreaseDecreaseInIncentiveFeePayableToAffiliate, 
efc:NetChangeRelatedToHMBSObligationsAtFairValue, 
efc:NetChangeFromForwardMSRRelatedInvestmentsAtFairValue, 
efc:TransfersFromSecuritiesToCorporateLoansNonCash, 
efc:ValuationAdjustmentAndDeletionsOfMortgageServicingRights, 
efc:UnrealizedGainsLossesOnLoanCommitmentsNet, 
efc:ProceedsFromSaleOfForwardMSRRelatedInvestments, 
us-gaap:RepaymentsOfUnsecuredDebt, 
us-gaap:IncreaseDecreaseInOtherOperatingAssets, 
efc:TransfersFromSecuritiesToResidentialMortgageLoansNonCash, 
efc:SharesIssuedInConnectionWithIncentiveFeePayment, 
efc:IncreaseInCashResultingFromConsolidationOfSecuritizationTrustNet, 
us-gaap:UnrealizedGainLossOnDerivatives, 
us-gaap:ProceedsFromSaleOfMortgageLoansHeldForSale, 
efc:EquityBasedCompensationExpense, 
efc:OtherSecuredBorrowingsAtFairValueAssumedInConsolidationOfSecuritizationTrustNonCash
All elements appearing in the face of the financial statements should be included in a calculation relationship somewhere in the filing. Items not included in the financial statement calculations but included in the presentation are referred to as parenthetical items. These usually appear as a referenced item, or as a value in parenthesis describing that the value reported includes another specific amount.  These values should be reported in a seperate link role for parenthetical items.

This rule will produce an error irrespective of a fact value being entered for the item(s) listed above.

If the item is an additional disclosure in the cash flow statement then make sure that is included as a child of one of the following abstract items:
CashFlowNoncashInvestingAndFinancingActivitiesDisclosureAbstract, NonCashOperatingAndFinancingActivitiesAbstract, NoncashInvestingAndFinancingItemsAbstract, us-gaap:NoncashOrPartNoncashAcquisitionValueOfLiabilitiesAssumedAbstract, us-gaap:NoncashOrPartNoncashAcquisitionNetNonmonetaryAssetsAcquiredLiabilitiesAssumedAbstract, NoncashFinancingItemsAbstract, us-gaap:IncomeTaxesPaidNetAbstract, NonCashOperatingAndInvestingActivitiesAbstract, us-gaap:NoncashOrPartNoncashAcquisitionValueOfAssetsAcquiredAbstract, us-gaap:InterestPaidAbstract, AdditionalCashFlowElementsAndSupplementalCashFlowInformationAbstract, SupplementalCashFlowElementsAbstract, NoncashInvestingItemsAbstract, us-gaap:OtherNoncashInvestingAndFinancingItemsAbstract, SupplementalCashFlowInformationAbstract

Rule Element Id:9533
Rule version: 24.0.3 - IXDS efc-20240630.htm",2024-08-14,ERROR,DQC,99,1411342,ELLINGTON FINANCIAL INC,2024-08-09 15:35:00,0001411342-24-000078,US GAAP 2023,XBRL Document Created with the Workiva Platform,10-Q,http://www.sec.gov/Archives/edgar/data/1411342/000141134224000078/efc-20240630.htm,2024-08-09,2024,749558,https://www.sec.gov/Archives/edgar/data/1411342/000141134224000078/0001411342-24-000078-index.htm,6500,10q-efc-20240630
DQC.US.0099.9533,"2024-07-16 14:48:15,491 [DQC.US.0099.9533] 
The following elements are in the presentation linkbase of 000006 - Statement - CONDENSED CONSOLIDATED STATEMENTS OF CASH FLOWS (Unaudited) but are not included in any calculation relationship in the filing.
us-gaap:NetCashProvidedByUsedInContinuingOperations, 
accredited:CashAndCashEquivalentsOfDiscontinuedOperations
All elements appearing in the face of the financial statements should be included in a calculation relationship somewhere in the filing. Items not included in the financial statement calculations but included in the presentation are referred to as parenthetical items. These usually appear as a referenced item, or as a value in parenthesis describing that the value reported includes another specific amount.  These values should be reported in a seperate link role for parenthetical items.

This rule will produce an error irrespective of a fact value being entered for the item(s) listed above.

If the item is an additional disclosure in the cash flow statement then make sure that is included as a child of one of the following abstract items:
AdditionalCashFlowElementsAndSupplementalCashFlowInformationAbstract, us-gaap:IncomeTaxesPaidNetAbstract, us-gaap:IncomeTaxPaidFederalAfterRefundReceivedAbstract, NoncashFinancingItemsAbstract, us-gaap:NoncashOrPartNoncashAcquisitionNetNonmonetaryAssetsAcquiredLiabilitiesAssumedAbstract, SupplementalCashFlowElementsAbstract, us-gaap:OtherNoncashInvestingAndFinancingItemsAbstract, us-gaap:IncomeTaxPaidByIndividualJurisdictionAbstract, SupplementalCashFlowInformationAbstract, us-gaap:NoncashOrPartNoncashAcquisitionValueOfAssetsAcquiredAbstract, NonCashOperatingAndFinancingActivitiesAbstract, us-gaap:NoncashOrPartNoncashAcquisitionValueOfLiabilitiesAssumedAbstract, NonCashOperatingAndInvestingActivitiesAbstract, us-gaap:IncomeTaxPaidForeignAfterRefundReceivedAbstract, CashFlowNoncashInvestingAndFinancingActivitiesDisclosureAbstract, us-gaap:IncomeTaxPaidStateAndLocalAfterRefundReceivedAbstract, NoncashInvestingAndFinancingItemsAbstract, us-gaap:InterestPaidAbstract, NoncashInvestingItemsAbstract

Rule Element Id:9533
Rule version: 24.0.0 - IXDS asii_10q.htm",2024-07-16,ERROR,DQC,99,1464865,"Accredited Solutions, Inc.",2024-07-16 14:10:00,0001477932-24-004249,US GAAP 2024,XBRL Document Created with XBRLMaster,10-Q,http://www.sec.gov/Archives/edgar/data/1464865/000147793224004249/asii_10q.htm,2024-07-16,2024,739577,https://www.sec.gov/Archives/edgar/data/1464865/000147793224004249/0001477932-24-004249-index.htm,2080,10q-accredited-20240331
DQC.US.0099.9533,"2024-07-16 13:18:11,542 [DQC.US.0099.9533] 
The following elements are in the presentation linkbase of 000006 - Statement - CONDENSED CONSOLIDATED STATEMENTS OF CASH FLOWS (Unaudited) but are not included in any calculation relationship in the filing.
us-gaap:NetCashProvidedByUsedInContinuingOperations, 
accredited:CashAndCashEquivalentsOfDiscontinuedOperations
All elements appearing in the face of the financial statements should be included in a calculation relationship somewhere in the filing. Items not included in the financial statement calculations but included in the presentation are referred to as parenthetical items. These usually appear as a referenced item, or as a value in parenthesis describing that the value reported includes another specific amount.  These values should be reported in a seperate link role for parenthetical items.

This rule will produce an error irrespective of a fact value being entered for the item(s) listed above.

If the item is an additional disclosure in the cash flow statement then make sure that is included as a child of one of the following abstract items:
us-gaap:IncomeTaxPaidByIndividualJurisdictionAbstract, us-gaap:InterestPaidAbstract, us-gaap:IncomeTaxesPaidNetAbstract, us-gaap:IncomeTaxPaidFederalAfterRefundReceivedAbstract, us-gaap:IncomeTaxPaidStateAndLocalAfterRefundReceivedAbstract, us-gaap:IncomeTaxPaidForeignAfterRefundReceivedAbstract, NoncashFinancingItemsAbstract, us-gaap:NoncashOrPartNoncashAcquisitionNetNonmonetaryAssetsAcquiredLiabilitiesAssumedAbstract, us-gaap:NoncashOrPartNoncashAcquisitionValueOfAssetsAcquiredAbstract, us-gaap:NoncashOrPartNoncashAcquisitionValueOfLiabilitiesAssumedAbstract, us-gaap:OtherNoncashInvestingAndFinancingItemsAbstract, NonCashOperatingAndFinancingActivitiesAbstract, SupplementalCashFlowElementsAbstract, NoncashInvestingAndFinancingItemsAbstract, AdditionalCashFlowElementsAndSupplementalCashFlowInformationAbstract, NonCashOperatingAndInvestingActivitiesAbstract, CashFlowNoncashInvestingAndFinancingActivitiesDisclosureAbstract, SupplementalCashFlowInformationAbstract, NoncashInvestingItemsAbstract

Rule Element Id:9533
Rule version: 24.0.0 - IXDS accredited_10k.htm",2024-07-16,ERROR,DQC,99,1464865,"Accredited Solutions, Inc.",2024-07-16 12:35:00,0001477932-24-004240,US GAAP 2024,XBRL Document Created with XBRLMaster,10-K,http://www.sec.gov/Archives/edgar/data/1464865/000147793224004240/accredited_10k.htm,2024-07-16,2024,739561,https://www.sec.gov/Archives/edgar/data/1464865/000147793224004240/0001477932-24-004240-index.htm,2080,10k-accredited-20231231
