assertion.code,assertion.detail,assertion.run-date,assertion.severity,assertion.source,assertion.type,entity.cik,entity.name,report.accepted-timestamp,report.accession,report.base-taxonomy,report.creation-software,report.document-type,report.entry-url,report.filing-date,report.filing-year,report.id,report.sec-url,report.sic-code,folder_name
DQC.US.0137.9838,"2022-08-17 12:39:16,981 [DQC.US.0137.9838] The element us-gaap:FinanceLeaseRightOfUseAsset with a value of 561,000 has been used in the filing with the axis BalanceSheetLocationAxis.  This is the only fact reported with this element.  Rather than using the BalanceSheetLocationAxis the filer should use the extensible enumeration element to indicate the location of the item in the financial statements. In this case the element us-gaap:FinanceLeaseRightOfUseAssetStatementOfFinancialPositionExtensibleList should be used to identify the account where the element us-gaap:FinanceLeaseRightOfUseAsset is included. 

 
Period :2021-09-25
Dimensions : us-gaap:BalanceSheetLocationAxis=jjsf:PropertyPlantAndEquipmentNetMember
Unit : USD
Decimals: -3

Rule Element Id:9838
Rule version: 18.0.2 - jjsf20220326_10q.htm 7699",2022-08-17,ERROR,DQC,137,785956,J&J SNACK FOODS CORP.,2022-05-05 15:31:00,0001437749-22-011104,US GAAP 2022,Generated by ThunderDome Portal - 5/4/2022 10:15:19 PM,10-Q,http://www.sec.gov/Archives/edgar/data/785956/000143774922011104/jjsf20220326_10q.htm,2022-05-05,2022,469139,https://www.sec.gov/Archives/edgar/data/785956/000143774922011104/0001437749-22-011104-index.htm,2052,10q-jjsf-20220326
DQC.US.0137.9838,"2022-08-17 12:39:16,982 [DQC.US.0137.9838] The element us-gaap:FinanceLeaseRightOfUseAsset with a value of 0 has been used in the filing with the axis BalanceSheetLocationAxis.  This is the only fact reported with this element.  Rather than using the BalanceSheetLocationAxis the filer should use the extensible enumeration element to indicate the location of the item in the financial statements. In this case the element us-gaap:FinanceLeaseRightOfUseAssetStatementOfFinancialPositionExtensibleList should be used to identify the account where the element us-gaap:FinanceLeaseRightOfUseAsset is included. 

 
Period :2022-03-26
Dimensions : us-gaap:BalanceSheetLocationAxis=jjsf:PropertyPlantAndEquipmentNetMember
Unit : USD
Decimals: -3

Rule Element Id:9838
Rule version: 18.0.2 - jjsf20220326_10q.htm 7695",2022-08-17,ERROR,DQC,137,785956,J&J SNACK FOODS CORP.,2022-05-05 15:31:00,0001437749-22-011104,US GAAP 2022,Generated by ThunderDome Portal - 5/4/2022 10:15:19 PM,10-Q,http://www.sec.gov/Archives/edgar/data/785956/000143774922011104/jjsf20220326_10q.htm,2022-05-05,2022,469139,https://www.sec.gov/Archives/edgar/data/785956/000143774922011104/0001437749-22-011104-index.htm,2052,10q-jjsf-20220326
DQC.US.0137.9838,"2022-08-17 14:12:57,966 [DQC.US.0137.9838] The element us-gaap:FinanceLeaseRightOfUseAsset with a value of 1,869,000 has been used in the filing with the axis BalanceSheetLocationAxis.  This is the only fact reported with this element.  Rather than using the BalanceSheetLocationAxis the filer should use the extensible enumeration element to indicate the location of the item in the financial statements. In this case the element us-gaap:FinanceLeaseRightOfUseAssetStatementOfFinancialPositionExtensibleList should be used to identify the account where the element us-gaap:FinanceLeaseRightOfUseAsset is included. 

 
Period :2022-03-31
Dimensions : us-gaap:BalanceSheetLocationAxis=nsys:PropertyAndEquipmentMember
Unit : USD
Decimals: -3

Rule Element Id:9838
Rule version: 18.0.2 - nsys20220331_10q.htm 2754",2022-08-17,ERROR,DQC,137,722313,NORTECH SYSTEMS INCORPORATED,2022-05-10 16:10:00,0001437749-22-011733,US GAAP 2022,Generated by ThunderDome Portal - 5/10/2022 4:39:47 AM,10-Q,http://www.sec.gov/Archives/edgar/data/722313/000143774922011733/nsys20220331_10q.htm,2022-05-10,2022,471733,https://www.sec.gov/Archives/edgar/data/722313/000143774922011733/0001437749-22-011733-index.htm,3679,10q-nsys-20220331
DQC.US.0137.9838,"2022-08-17 14:12:57,966 [DQC.US.0137.9838] The element us-gaap:FinanceLeaseRightOfUseAsset with a value of 2,052,000 has been used in the filing with the axis BalanceSheetLocationAxis.  This is the only fact reported with this element.  Rather than using the BalanceSheetLocationAxis the filer should use the extensible enumeration element to indicate the location of the item in the financial statements. In this case the element us-gaap:FinanceLeaseRightOfUseAssetStatementOfFinancialPositionExtensibleList should be used to identify the account where the element us-gaap:FinanceLeaseRightOfUseAsset is included. 

 
Period :2021-12-31
Dimensions : us-gaap:BalanceSheetLocationAxis=nsys:PropertyAndEquipmentMember
Unit : USD
Decimals: -3

Rule Element Id:9838
Rule version: 18.0.2 - nsys20220331_10q.htm 2758",2022-08-17,ERROR,DQC,137,722313,NORTECH SYSTEMS INCORPORATED,2022-05-10 16:10:00,0001437749-22-011733,US GAAP 2022,Generated by ThunderDome Portal - 5/10/2022 4:39:47 AM,10-Q,http://www.sec.gov/Archives/edgar/data/722313/000143774922011733/nsys20220331_10q.htm,2022-05-10,2022,471733,https://www.sec.gov/Archives/edgar/data/722313/000143774922011733/0001437749-22-011733-index.htm,3679,10q-nsys-20220331
DQC.US.0137.9838,"2022-08-18 15:49:36,413 [DQC.US.0137.9838] The element us-gaap:OperatingLeaseRightOfUseAsset with a value of 1,970,000 has been used in the filing with the axis BalanceSheetLocationAxis.  This is the only fact reported with this element.  Rather than using the BalanceSheetLocationAxis the filer should use the extensible enumeration element to indicate the location of the item in the financial statements. In this case the element us-gaap:OperatingLeaseRightOfUseAssetStatementOfFinancialPositionExtensibleList should be used to identify the account where the element us-gaap:OperatingLeaseRightOfUseAsset is included. 

 
Period :2022-03-31
Dimensions : us-gaap:BalanceSheetLocationAxis=us-gaap:OtherCurrentAssetsMember
Unit : USD
Decimals: -4

Rule Element Id:9838
Rule version: 18.0.3 - cnet20220331_10q.htm 1569",2022-08-18,ERROR,DQC,137,1376321,ZW Data Action Technologies Inc.,2022-05-16 16:06:00,0001171843-22-003730,US GAAP 2022,Generated by ThunderDome Portal - 5/13/2022 5:52:51 PM,10-Q,http://www.sec.gov/Archives/edgar/data/1376321/000117184322003730/cnet20220331_10q.htm,2022-05-16,2022,478178,https://www.sec.gov/Archives/edgar/data/1376321/000117184322003730/0001171843-22-003730-index.htm,7370,10q-cnet-20220331
DQC.US.0137.9838,"2022-08-18 15:49:36,414 [DQC.US.0137.9838] The element us-gaap:OperatingLeaseLiability with a value of 2,060,000 has been used in the filing with the axis BalanceSheetLocationAxis.  This is the only fact reported with this element.  Rather than using the BalanceSheetLocationAxis the filer should use the extensible enumeration element to indicate the location of the item in the financial statements. In this case the element us-gaap:OperatingLeaseLiabilityStatementOfFinancialPositionExtensibleList should be used to identify the account where the element us-gaap:OperatingLeaseLiability is included. 

 
Period :2022-03-31
Dimensions : us-gaap:BalanceSheetLocationAxis=us-gaap:OtherCurrentLiabilitiesMember
Unit : USD
Decimals: -4

Rule Element Id:9838
Rule version: 18.0.3 - cnet20220331_10q.htm 32",2022-08-18,ERROR,DQC,137,1376321,ZW Data Action Technologies Inc.,2022-05-16 16:06:00,0001171843-22-003730,US GAAP 2022,Generated by ThunderDome Portal - 5/13/2022 5:52:51 PM,10-Q,http://www.sec.gov/Archives/edgar/data/1376321/000117184322003730/cnet20220331_10q.htm,2022-05-16,2022,478178,https://www.sec.gov/Archives/edgar/data/1376321/000117184322003730/0001171843-22-003730-index.htm,7370,10q-cnet-20220331
DQC.US.0137.9838,"2022-08-18 15:42:03,191 [DQC.US.0137.9838] The element us-gaap:OperatingLeaseLiabilityCurrent with a value of 198,140 has been used in the filing with the axis BalanceSheetLocationAxis.  This is the only fact reported with this element.  Rather than using the BalanceSheetLocationAxis the filer should use the extensible enumeration element to indicate the location of the item in the financial statements. In this case the element us-gaap:OperatingLeaseLiabilityCurrentStatementOfFinancialPositionExtensibleList should be used to identify the account where the element us-gaap:OperatingLeaseLiabilityCurrent is included. 

 
Period :2022-03-31
Dimensions : us-gaap:BalanceSheetLocationAxis=us-gaap:OtherCurrentLiabilitiesMember
Unit : USD
Decimals: inf

Rule Element Id:9838
Rule version: 18.0.3 - navb20220331_10q.htm 2651",2022-08-18,ERROR,DQC,137,810509,"NAVIDEA BIOPHARMACEUTICALS, INC.",2022-05-16 16:56:00,0001437749-22-012668,US GAAP 2022,Generated by ThunderDome Portal - 5/16/2022 4:08:24 PM,10-Q,http://www.sec.gov/Archives/edgar/data/810509/000143774922012668/navb20220331_10q.htm,2022-05-16,2022,478099,https://www.sec.gov/Archives/edgar/data/810509/000143774922012668/0001437749-22-012668-index.htm,2835,10q-navb-20220331
DQC.US.0137.9838,"2022-08-18 15:42:03,191 [DQC.US.0137.9838] The element us-gaap:OperatingLeaseLiabilityNoncurrent with a value of 11,299 has been used in the filing with the axis BalanceSheetLocationAxis.  This is the only fact reported with this element.  Rather than using the BalanceSheetLocationAxis the filer should use the extensible enumeration element to indicate the location of the item in the financial statements. In this case the element us-gaap:OperatingLeaseLiabilityNoncurrentStatementOfFinancialPositionExtensibleList should be used to identify the account where the element us-gaap:OperatingLeaseLiabilityNoncurrent is included. 

 
Period :2022-03-31
Dimensions : us-gaap:BalanceSheetLocationAxis=us-gaap:OtherNoncurrentLiabilitiesMember
Unit : USD
Decimals: inf

Rule Element Id:9838
Rule version: 18.0.3 - navb20220331_10q.htm 2652",2022-08-18,ERROR,DQC,137,810509,"NAVIDEA BIOPHARMACEUTICALS, INC.",2022-05-16 16:56:00,0001437749-22-012668,US GAAP 2022,Generated by ThunderDome Portal - 5/16/2022 4:08:24 PM,10-Q,http://www.sec.gov/Archives/edgar/data/810509/000143774922012668/navb20220331_10q.htm,2022-05-16,2022,478099,https://www.sec.gov/Archives/edgar/data/810509/000143774922012668/0001437749-22-012668-index.htm,2835,10q-navb-20220331
DQC.US.0137.9838,"2022-08-18 16:05:32,957 [DQC.US.0137.9838] The element us-gaap:ImpairmentOfIntangibleAssetsIndefinitelivedExcludingGoodwill with a value of 13,484,122 has been used in the filing with the axis IncomeStatementLocationAxis.  This is the only fact reported with this element.  Rather than using the IncomeStatementLocationAxis the filer should use the extensible enumeration element to indicate the location of the item in the financial statements. In this case the element us-gaap:ImpairmentOfIntangibleAssetIndefiniteLivedExcludingGoodwillStatementOfIncomeOrComprehensiveIncomeExtensibleEnumeration should be used to identify the account where the element us-gaap:ImpairmentOfIntangibleAssetsIndefinitelivedExcludingGoodwill is included. 

 
Period :2022-01-01 to 2022-03-31
Dimensions : us-gaap:IncomeStatementLocationAxis=us-gaap:InterestExpenseMember
Unit : USD
Decimals: 0

Rule Element Id:9838
Rule version: 18.0.3 - form10-q.htm 8163",2022-08-18,ERROR,DQC,137,1451448,"ESPORTS ENTERTAINMENT GROUP, INC.",2022-05-23 17:28:00,0001493152-22-014828,US GAAP 2022,Field: Set; Name: xdx; ID: xdx_070_XDX_form10%2Dq.xdx,10-Q,http://www.sec.gov/Archives/edgar/data/1451448/000149315222014828/form10-q.htm,2022-05-23,2022,478960,https://www.sec.gov/Archives/edgar/data/1451448/000149315222014828/0001493152-22-014828-index.htm,7900,10q-gmbl-20220331
DQC.US.0137.9838,"2022-11-23 11:32:20,498 [DQC.US.0137.9838] The element us-gaap:FinanceLeaseRightOfUseAsset with a value of 328,000 has been used in the filing with the axis BalanceSheetLocationAxis.  This is the only fact reported with this element.  Rather than using the BalanceSheetLocationAxis the filer should use the extensible enumeration element to indicate the location of the item in the financial statements. In this case the element us-gaap:FinanceLeaseRightOfUseAssetStatementOfFinancialPositionExtensibleList should be used to identify the account where the element us-gaap:FinanceLeaseRightOfUseAsset is included. 

 
Period :2022-09-24
Dimensions : us-gaap:BalanceSheetLocationAxis=jjsf:PropertyPlantAndEquipmentNetMember
Unit : USD
Decimals: -3

Rule Element Id:9838
Rule version: 19.0.5 - jjsf20220924_10k.htm 69",2022-11-23,ERROR,DQC,137,785956,J&J SNACK FOODS CORP.,2022-11-22 17:00:00,0001437749-22-027923,US GAAP 2022,Generated by ThunderDome XBRL - 08:30PM UTC 2022-11-22,10-K,http://www.sec.gov/Archives/edgar/data/785956/000143774922027923/jjsf20220924_10k.htm,2022-11-22,2022,531612,https://www.sec.gov/Archives/edgar/data/785956/000143774922027923/0001437749-22-027923-index.htm,2052,10k-jjsf-20220924
DQC.US.0137.9838,"2022-11-23 11:32:20,499 [DQC.US.0137.9838] The element us-gaap:FinanceLeaseRightOfUseAsset with a value of 561,000 has been used in the filing with the axis BalanceSheetLocationAxis.  This is the only fact reported with this element.  Rather than using the BalanceSheetLocationAxis the filer should use the extensible enumeration element to indicate the location of the item in the financial statements. In this case the element us-gaap:FinanceLeaseRightOfUseAssetStatementOfFinancialPositionExtensibleList should be used to identify the account where the element us-gaap:FinanceLeaseRightOfUseAsset is included. 

 
Period :2021-09-25
Dimensions : us-gaap:BalanceSheetLocationAxis=jjsf:PropertyPlantAndEquipmentNetMember
Unit : USD
Decimals: -3

Rule Element Id:9838
Rule version: 19.0.5 - jjsf20220924_10k.htm 70",2022-11-23,ERROR,DQC,137,785956,J&J SNACK FOODS CORP.,2022-11-22 17:00:00,0001437749-22-027923,US GAAP 2022,Generated by ThunderDome XBRL - 08:30PM UTC 2022-11-22,10-K,http://www.sec.gov/Archives/edgar/data/785956/000143774922027923/jjsf20220924_10k.htm,2022-11-22,2022,531612,https://www.sec.gov/Archives/edgar/data/785956/000143774922027923/0001437749-22-027923-index.htm,2052,10k-jjsf-20220924
DQC.US.0137.9838,"2022-11-18 16:31:36,086 [DQC.US.0137.9838] The element us-gaap:OperatingLeaseLiability with a value of 1,950,000 has been used in the filing with the axis BalanceSheetLocationAxis.  This is the only fact reported with this element.  Rather than using the BalanceSheetLocationAxis the filer should use the extensible enumeration element to indicate the location of the item in the financial statements. In this case the element us-gaap:OperatingLeaseLiabilityStatementOfFinancialPositionExtensibleList should be used to identify the account where the element us-gaap:OperatingLeaseLiability is included. 

 
Period :2022-09-30
Dimensions : us-gaap:BalanceSheetLocationAxis=us-gaap:OtherCurrentAssetsMember
Unit : USD
Decimals: -4

Rule Element Id:9838
Rule version: 19.0.4 - cnet20220930_10q.htm 46",2022-11-18,ERROR,DQC,137,1376321,ZW Data Action Technologies Inc.,2022-11-18 16:05:00,0001171843-22-007589,US GAAP 2022,Generated by ThunderDome XBRL - 02:49PM UTC 2022-11-16,10-Q,http://www.sec.gov/Archives/edgar/data/1376321/000117184322007589/cnet20220930_10q.htm,2022-11-18,2022,530642,https://www.sec.gov/Archives/edgar/data/1376321/000117184322007589/0001171843-22-007589-index.htm,7370,10q-cnet-20220930
DQC.US.0137.9838,"2022-11-18 16:31:36,087 [DQC.US.0137.9838] The element us-gaap:OperatingLeaseRightOfUseAsset with a value of 1,840,000 has been used in the filing with the axis BalanceSheetLocationAxis.  This is the only fact reported with this element.  Rather than using the BalanceSheetLocationAxis the filer should use the extensible enumeration element to indicate the location of the item in the financial statements. In this case the element us-gaap:OperatingLeaseRightOfUseAssetStatementOfFinancialPositionExtensibleList should be used to identify the account where the element us-gaap:OperatingLeaseRightOfUseAsset is included. 

 
Period :2022-09-30
Dimensions : us-gaap:BalanceSheetLocationAxis=us-gaap:OtherCurrentAssetsMember
Unit : USD
Decimals: -4

Rule Element Id:9838
Rule version: 19.0.4 - cnet20220930_10q.htm 45",2022-11-18,ERROR,DQC,137,1376321,ZW Data Action Technologies Inc.,2022-11-18 16:05:00,0001171843-22-007589,US GAAP 2022,Generated by ThunderDome XBRL - 02:49PM UTC 2022-11-16,10-Q,http://www.sec.gov/Archives/edgar/data/1376321/000117184322007589/cnet20220930_10q.htm,2022-11-18,2022,530642,https://www.sec.gov/Archives/edgar/data/1376321/000117184322007589/0001171843-22-007589-index.htm,7370,10q-cnet-20220930
DQC.US.0137.9838,"2022-11-15 19:02:19,860 [DQC.US.0137.9838] The element us-gaap:OperatingLeaseLiabilityCurrent with a value of 27,346 has been used in the filing with the axis BalanceSheetLocationAxis.  This is the only fact reported with this element.  Rather than using the BalanceSheetLocationAxis the filer should use the extensible enumeration element to indicate the location of the item in the financial statements. In this case the element us-gaap:OperatingLeaseLiabilityCurrentStatementOfFinancialPositionExtensibleList should be used to identify the account where the element us-gaap:OperatingLeaseLiabilityCurrent is included. 

 
Period :2022-09-30
Dimensions : us-gaap:BalanceSheetLocationAxis=us-gaap:OtherCurrentLiabilitiesMember
Unit : USD
Decimals: inf

Rule Element Id:9838
Rule version: 19.0.2 - navb20220930_10q.htm 2333",2022-11-16,ERROR,DQC,137,810509,"NAVIDEA BIOPHARMACEUTICALS, INC.",2022-11-14 16:34:00,0001437749-22-027321,US GAAP 2022,Generated by ThunderDome Portal - 11/14/2022 3:55:25 PM,10-Q,http://www.sec.gov/Archives/edgar/data/810509/000143774922027321/navb20220930_10q.htm,2022-11-14,2022,528922,https://www.sec.gov/Archives/edgar/data/810509/000143774922027321/0001437749-22-027321-index.htm,2835,10q-navb-20220930
DQC.US.0137.9838,"2022-11-15 19:02:19,860 [DQC.US.0137.9838] The element us-gaap:OperatingLeaseLiabilityNoncurrent with a value of 1,690 has been used in the filing with the axis BalanceSheetLocationAxis.  This is the only fact reported with this element.  Rather than using the BalanceSheetLocationAxis the filer should use the extensible enumeration element to indicate the location of the item in the financial statements. In this case the element us-gaap:OperatingLeaseLiabilityNoncurrentStatementOfFinancialPositionExtensibleList should be used to identify the account where the element us-gaap:OperatingLeaseLiabilityNoncurrent is included. 

 
Period :2022-09-30
Dimensions : us-gaap:BalanceSheetLocationAxis=us-gaap:OtherNoncurrentLiabilitiesMember
Unit : USD
Decimals: inf

Rule Element Id:9838
Rule version: 19.0.2 - navb20220930_10q.htm 2334",2022-11-16,ERROR,DQC,137,810509,"NAVIDEA BIOPHARMACEUTICALS, INC.",2022-11-14 16:34:00,0001437749-22-027321,US GAAP 2022,Generated by ThunderDome Portal - 11/14/2022 3:55:25 PM,10-Q,http://www.sec.gov/Archives/edgar/data/810509/000143774922027321/navb20220930_10q.htm,2022-11-14,2022,528922,https://www.sec.gov/Archives/edgar/data/810509/000143774922027321/0001437749-22-027321-index.htm,2835,10q-navb-20220930
DQC.US.0137.9838,"2022-11-11 11:30:53,586 [DQC.US.0137.9838] The element us-gaap:FinanceLeaseRightOfUseAsset with a value of 1,505,000 has been used in the filing with the axis BalanceSheetLocationAxis.  This is the only fact reported with this element.  Rather than using the BalanceSheetLocationAxis the filer should use the extensible enumeration element to indicate the location of the item in the financial statements. In this case the element us-gaap:FinanceLeaseRightOfUseAssetStatementOfFinancialPositionExtensibleList should be used to identify the account where the element us-gaap:FinanceLeaseRightOfUseAsset is included. 

 
Period :2022-09-30
Dimensions : us-gaap:BalanceSheetLocationAxis=nsys:PropertyAndEquipmentMember
Unit : USD
Decimals: -3

Rule Element Id:9838
Rule version: 19.0.2 - nsys20220930_10q.htm 5895",2022-11-11,ERROR,DQC,137,722313,NORTECH SYSTEMS INCORPORATED,2022-11-09 15:30:00,0001437749-22-026561,US GAAP 2022,Generated by ThunderDome Portal - 11/9/2022 2:01:44 PM,10-Q,http://www.sec.gov/Archives/edgar/data/722313/000143774922026561/nsys20220930_10q.htm,2022-11-09,2022,526076,https://www.sec.gov/Archives/edgar/data/722313/000143774922026561/0001437749-22-026561-index.htm,3679,10q-nsys-20220930
DQC.US.0137.9838,"2022-11-11 11:30:53,586 [DQC.US.0137.9838] The element us-gaap:FinanceLeaseRightOfUseAsset with a value of 2,052,000 has been used in the filing with the axis BalanceSheetLocationAxis.  This is the only fact reported with this element.  Rather than using the BalanceSheetLocationAxis the filer should use the extensible enumeration element to indicate the location of the item in the financial statements. In this case the element us-gaap:FinanceLeaseRightOfUseAssetStatementOfFinancialPositionExtensibleList should be used to identify the account where the element us-gaap:FinanceLeaseRightOfUseAsset is included. 

 
Period :2021-12-31
Dimensions : us-gaap:BalanceSheetLocationAxis=nsys:PropertyAndEquipmentMember
Unit : USD
Decimals: -3

Rule Element Id:9838
Rule version: 19.0.2 - nsys20220930_10q.htm 5899",2022-11-11,ERROR,DQC,137,722313,NORTECH SYSTEMS INCORPORATED,2022-11-09 15:30:00,0001437749-22-026561,US GAAP 2022,Generated by ThunderDome Portal - 11/9/2022 2:01:44 PM,10-Q,http://www.sec.gov/Archives/edgar/data/722313/000143774922026561/nsys20220930_10q.htm,2022-11-09,2022,526076,https://www.sec.gov/Archives/edgar/data/722313/000143774922026561/0001437749-22-026561-index.htm,3679,10q-nsys-20220930
DQC.US.0137.9838,"2023-02-13 17:05:51,410 [DQC.US.0137.9838] The element us-gaap:OperatingLeaseLiabilityCurrent with a value of 148,000 has been used in the filing with the axis BalanceSheetLocationAxis.  This is the only fact reported with this element.  Rather than using the BalanceSheetLocationAxis the filer should use the extensible enumeration element to indicate the location of the item in the financial statements. In this case the element us-gaap:OperatingLeaseLiabilityCurrentStatementOfFinancialPositionExtensibleList should be used to identify the account where the element us-gaap:OperatingLeaseLiabilityCurrent is included. 

 
Period :2022-12-31
Dimensions : us-gaap:BalanceSheetLocationAxis=astc:LeaseLiabilitiesCurrentMember
Unit : USD
Decimals: -3

Rule Element Id:9838
Rule version: 20.0.1 - astc20221231_10q.htm 2512",2023-02-13,ERROR,DQC,137,1001907,Astrotech Corporation,2023-02-13 16:36:00,0001437749-23-003171,US GAAP 2022,Generated by ThunderDome XBRL - 10:22PM UTC 2023-02-12,10-Q,http://www.sec.gov/Archives/edgar/data/1001907/000143774923003171/astc20221231_10q.htm,2023-02-13,2023,547926,https://www.sec.gov/Archives/edgar/data/1001907/000143774923003171/0001437749-23-003171-index.htm,3826,10q-astc-20221231
DQC.US.0137.9838,"2023-02-13 17:05:51,410 [DQC.US.0137.9838] The element us-gaap:OperatingLeaseLiabilityNoncurrent with a value of 216,000 has been used in the filing with the axis BalanceSheetLocationAxis.  This is the only fact reported with this element.  Rather than using the BalanceSheetLocationAxis the filer should use the extensible enumeration element to indicate the location of the item in the financial statements. In this case the element us-gaap:OperatingLeaseLiabilityNoncurrentStatementOfFinancialPositionExtensibleList should be used to identify the account where the element us-gaap:OperatingLeaseLiabilityNoncurrent is included. 

 
Period :2022-12-31
Dimensions : us-gaap:BalanceSheetLocationAxis=astc:LeaseLiabilitiesNoncurrentMember
Unit : USD
Decimals: -3

Rule Element Id:9838
Rule version: 20.0.1 - astc20221231_10q.htm 2513",2023-02-13,ERROR,DQC,137,1001907,Astrotech Corporation,2023-02-13 16:36:00,0001437749-23-003171,US GAAP 2022,Generated by ThunderDome XBRL - 10:22PM UTC 2023-02-12,10-Q,http://www.sec.gov/Archives/edgar/data/1001907/000143774923003171/astc20221231_10q.htm,2023-02-13,2023,547926,https://www.sec.gov/Archives/edgar/data/1001907/000143774923003171/0001437749-23-003171-index.htm,3826,10q-astc-20221231
DQC.US.0137.9838,"2023-02-13 17:05:51,411 [DQC.US.0137.9838] The element us-gaap:FinanceLeaseLiabilityNoncurrent with a value of 140,000 has been used in the filing with the axis BalanceSheetLocationAxis.  This is the only fact reported with this element.  Rather than using the BalanceSheetLocationAxis the filer should use the extensible enumeration element to indicate the location of the item in the financial statements. In this case the element us-gaap:FinanceLeaseLiabilityNoncurrentStatementOfFinancialPositionExtensibleList should be used to identify the account where the element us-gaap:FinanceLeaseLiabilityNoncurrent is included. 

 
Period :2022-12-31
Dimensions : us-gaap:BalanceSheetLocationAxis=astc:LeaseLiabilitiesNoncurrentMember
Unit : USD
Decimals: -4

Rule Element Id:9838
Rule version: 20.0.1 - astc20221231_10q.htm 2513",2023-02-13,ERROR,DQC,137,1001907,Astrotech Corporation,2023-02-13 16:36:00,0001437749-23-003171,US GAAP 2022,Generated by ThunderDome XBRL - 10:22PM UTC 2023-02-12,10-Q,http://www.sec.gov/Archives/edgar/data/1001907/000143774923003171/astc20221231_10q.htm,2023-02-13,2023,547926,https://www.sec.gov/Archives/edgar/data/1001907/000143774923003171/0001437749-23-003171-index.htm,3826,10q-astc-20221231
DQC.US.0137.9838,"2023-02-13 17:05:51,411 [DQC.US.0137.9838] The element us-gaap:FinanceLeaseRightOfUseAsset with a value of 415,000 has been used in the filing with the axis BalanceSheetLocationAxis.  This is the only fact reported with this element.  Rather than using the BalanceSheetLocationAxis the filer should use the extensible enumeration element to indicate the location of the item in the financial statements. In this case the element us-gaap:FinanceLeaseRightOfUseAssetStatementOfFinancialPositionExtensibleList should be used to identify the account where the element us-gaap:FinanceLeaseRightOfUseAsset is included. 

 
Period :2022-12-31
Dimensions : us-gaap:BalanceSheetLocationAxis=astc:PropertyAndEquipmentNetMember
Unit : USD
Decimals: -3

Rule Element Id:9838
Rule version: 20.0.1 - astc20221231_10q.htm 2484",2023-02-13,ERROR,DQC,137,1001907,Astrotech Corporation,2023-02-13 16:36:00,0001437749-23-003171,US GAAP 2022,Generated by ThunderDome XBRL - 10:22PM UTC 2023-02-12,10-Q,http://www.sec.gov/Archives/edgar/data/1001907/000143774923003171/astc20221231_10q.htm,2023-02-13,2023,547926,https://www.sec.gov/Archives/edgar/data/1001907/000143774923003171/0001437749-23-003171-index.htm,3826,10q-astc-20221231
DQC.US.0137.9838,"2023-02-13 17:05:51,411 [DQC.US.0137.9838] The element us-gaap:OperatingLeaseLiability with a value of 364,000 has been used in the filing with the axis BalanceSheetLocationAxis.  This is the only fact reported with this element.  Rather than using the BalanceSheetLocationAxis the filer should use the extensible enumeration element to indicate the location of the item in the financial statements. In this case the element us-gaap:OperatingLeaseLiabilityStatementOfFinancialPositionExtensibleList should be used to identify the account where the element us-gaap:OperatingLeaseLiability is included. 

 
Period :2022-12-31
Dimensions : us-gaap:BalanceSheetLocationAxis=astc:LeaseLiabilitiesCurrentMember
Unit : USD
Decimals: -3

Rule Element Id:9838
Rule version: 20.0.1 - astc20221231_10q.htm 2511",2023-02-13,ERROR,DQC,137,1001907,Astrotech Corporation,2023-02-13 16:36:00,0001437749-23-003171,US GAAP 2022,Generated by ThunderDome XBRL - 10:22PM UTC 2023-02-12,10-Q,http://www.sec.gov/Archives/edgar/data/1001907/000143774923003171/astc20221231_10q.htm,2023-02-13,2023,547926,https://www.sec.gov/Archives/edgar/data/1001907/000143774923003171/0001437749-23-003171-index.htm,3826,10q-astc-20221231
DQC.US.0137.9838,"2023-02-13 17:05:51,412 [DQC.US.0137.9838] The element us-gaap:FinanceLeaseLiabilityCurrent with a value of 143,000 has been used in the filing with the axis BalanceSheetLocationAxis.  This is the only fact reported with this element.  Rather than using the BalanceSheetLocationAxis the filer should use the extensible enumeration element to indicate the location of the item in the financial statements. In this case the element us-gaap:FinanceLeaseLiabilityCurrentStatementOfFinancialPositionExtensibleList should be used to identify the account where the element us-gaap:FinanceLeaseLiabilityCurrent is included. 

 
Period :2022-12-31
Dimensions : us-gaap:BalanceSheetLocationAxis=astc:LeaseLiabilitiesCurrentMember
Unit : USD
Decimals: -3

Rule Element Id:9838
Rule version: 20.0.1 - astc20221231_10q.htm 2490",2023-02-13,ERROR,DQC,137,1001907,Astrotech Corporation,2023-02-13 16:36:00,0001437749-23-003171,US GAAP 2022,Generated by ThunderDome XBRL - 10:22PM UTC 2023-02-12,10-Q,http://www.sec.gov/Archives/edgar/data/1001907/000143774923003171/astc20221231_10q.htm,2023-02-13,2023,547926,https://www.sec.gov/Archives/edgar/data/1001907/000143774923003171/0001437749-23-003171-index.htm,3826,10q-astc-20221231
DQC.US.0137.9838,"2023-02-13 17:05:51,412 [DQC.US.0137.9838] The element us-gaap:FinanceLeaseLiability with a value of 283,000 has been used in the filing with the axis BalanceSheetLocationAxis.  This is the only fact reported with this element.  Rather than using the BalanceSheetLocationAxis the filer should use the extensible enumeration element to indicate the location of the item in the financial statements. In this case the element us-gaap:FinanceLeaseLiabilityStatementOfFinancialPositionExtensibleList should be used to identify the account where the element us-gaap:FinanceLeaseLiability is included. 

 
Period :2022-12-31
Dimensions : us-gaap:BalanceSheetLocationAxis=astc:LeaseLiabilitiesCurrentMember
Unit : USD
Decimals: -3

Rule Element Id:9838
Rule version: 20.0.1 - astc20221231_10q.htm 2511",2023-02-13,ERROR,DQC,137,1001907,Astrotech Corporation,2023-02-13 16:36:00,0001437749-23-003171,US GAAP 2022,Generated by ThunderDome XBRL - 10:22PM UTC 2023-02-12,10-Q,http://www.sec.gov/Archives/edgar/data/1001907/000143774923003171/astc20221231_10q.htm,2023-02-13,2023,547926,https://www.sec.gov/Archives/edgar/data/1001907/000143774923003171/0001437749-23-003171-index.htm,3826,10q-astc-20221231
DQC.US.0137.9838,"2023-02-22 18:20:12,350 [DQC.US.0137.9838] The element us-gaap:DerivativeGainLossOnDerivativeNet with a value of -1,000 has been used in the filing with the axis IncomeStatementLocationAxis.  This is the only fact reported with this element.  Rather than using the IncomeStatementLocationAxis the filer should use the extensible enumeration element to indicate the location of the item in the financial statements. In this case the element us-gaap:DerivativeGainLossStatementOfIncomeOrComprehensiveIncomeExtensibleEnumeration should be used to identify the account where the element us-gaap:DerivativeGainLossOnDerivativeNet is included. 

 
Period :2021-01-01 to 2021-12-31
Dimensions : us-gaap:HedgingDesignationAxis=us-gaap:NondesignatedMember, us-gaap:IncomeStatementLocationAxis=us-gaap:CostOfSalesMember, us-gaap:DerivativeInstrumentRiskAxis=cpk:PropaneSwapAgreementMember
Unit : USD
Decimals: -3

Rule Element Id:9838
Rule version: 20.0.2 - cpk-20221231.htm 4",2023-02-22,ERROR,DQC,137,19745,CHESAPEAKE UTILITIES CORP,2023-02-22 17:10:00,0001628280-23-004607,US GAAP 2022,XBRL Document Created with Wdesk from Workiva,10-K,http://www.sec.gov/Archives/edgar/data/19745/000162828023004607/cpk-20221231.htm,2023-02-22,2023,550877,https://www.sec.gov/Archives/edgar/data/19745/000162828023004607/0001628280-23-004607-index.htm,4923,10k-cpk-20221231
DQC.US.0137.9838,"2023-02-22 18:20:12,350 [DQC.US.0137.9838] The element us-gaap:DerivativeGainLossOnDerivativeNet with a value of 56,000 has been used in the filing with the axis IncomeStatementLocationAxis.  This is the only fact reported with this element.  Rather than using the IncomeStatementLocationAxis the filer should use the extensible enumeration element to indicate the location of the item in the financial statements. In this case the element us-gaap:DerivativeGainLossStatementOfIncomeOrComprehensiveIncomeExtensibleEnumeration should be used to identify the account where the element us-gaap:DerivativeGainLossOnDerivativeNet is included. 

 
Period :2022-01-01 to 2022-12-31
Dimensions : us-gaap:DerivativeInstrumentRiskAxis=cpk:PropaneSwapAgreementMember, us-gaap:HedgingDesignationAxis=us-gaap:NondesignatedMember, us-gaap:IncomeStatementLocationAxis=us-gaap:CostOfSalesMember
Unit : USD
Decimals: -3

Rule Element Id:9838
Rule version: 20.0.2 - cpk-20221231.htm 4",2023-02-22,ERROR,DQC,137,19745,CHESAPEAKE UTILITIES CORP,2023-02-22 17:10:00,0001628280-23-004607,US GAAP 2022,XBRL Document Created with Wdesk from Workiva,10-K,http://www.sec.gov/Archives/edgar/data/19745/000162828023004607/cpk-20221231.htm,2023-02-22,2023,550877,https://www.sec.gov/Archives/edgar/data/19745/000162828023004607/0001628280-23-004607-index.htm,4923,10k-cpk-20221231
DQC.US.0137.9838,"2023-02-22 18:20:12,351 [DQC.US.0137.9838] The element us-gaap:DerivativeGainLossOnDerivativeNet with a value of 0 has been used in the filing with the axis IncomeStatementLocationAxis.  This is the only fact reported with this element.  Rather than using the IncomeStatementLocationAxis the filer should use the extensible enumeration element to indicate the location of the item in the financial statements. In this case the element us-gaap:DerivativeGainLossStatementOfIncomeOrComprehensiveIncomeExtensibleEnumeration should be used to identify the account where the element us-gaap:DerivativeGainLossOnDerivativeNet is included. 

 
Period :2020-01-01 to 2020-12-31
Dimensions : us-gaap:IncomeStatementLocationAxis=us-gaap:CostOfSalesMember, us-gaap:DerivativeInstrumentRiskAxis=cpk:PropaneSwapAgreementMember, us-gaap:HedgingDesignationAxis=us-gaap:NondesignatedMember
Unit : USD
Decimals: -3

Rule Element Id:9838
Rule version: 20.0.2 - cpk-20221231.htm 4",2023-02-22,ERROR,DQC,137,19745,CHESAPEAKE UTILITIES CORP,2023-02-22 17:10:00,0001628280-23-004607,US GAAP 2022,XBRL Document Created with Wdesk from Workiva,10-K,http://www.sec.gov/Archives/edgar/data/19745/000162828023004607/cpk-20221231.htm,2023-02-22,2023,550877,https://www.sec.gov/Archives/edgar/data/19745/000162828023004607/0001628280-23-004607-index.htm,4923,10k-cpk-20221231
DQC.US.0137.9838,"2023-02-22 18:20:12,351 [DQC.US.0137.9838] The element us-gaap:DerivativeGainLossOnDerivativeNet with a value of -47,000 has been used in the filing with the axis IncomeStatementLocationAxis.  This is the only fact reported with this element.  Rather than using the IncomeStatementLocationAxis the filer should use the extensible enumeration element to indicate the location of the item in the financial statements. In this case the element us-gaap:DerivativeGainLossStatementOfIncomeOrComprehensiveIncomeExtensibleEnumeration should be used to identify the account where the element us-gaap:DerivativeGainLossOnDerivativeNet is included. 

 
Period :2022-01-01 to 2022-12-31
Dimensions : us-gaap:HedgingDesignationAxis=us-gaap:DesignatedAsHedgingInstrumentMember, us-gaap:IncomeStatementLocationAxis=us-gaap:InterestExpenseMember, us-gaap:DerivativeInstrumentRiskAxis=us-gaap:InterestRateSwapMember
Unit : USD
Decimals: -3

Rule Element Id:9838
Rule version: 20.0.2 - cpk-20221231.htm 4",2023-02-22,ERROR,DQC,137,19745,CHESAPEAKE UTILITIES CORP,2023-02-22 17:10:00,0001628280-23-004607,US GAAP 2022,XBRL Document Created with Wdesk from Workiva,10-K,http://www.sec.gov/Archives/edgar/data/19745/000162828023004607/cpk-20221231.htm,2023-02-22,2023,550877,https://www.sec.gov/Archives/edgar/data/19745/000162828023004607/0001628280-23-004607-index.htm,4923,10k-cpk-20221231
DQC.US.0137.9838,"2023-02-22 18:20:12,351 [DQC.US.0137.9838] The element us-gaap:DerivativeGainLossOnDerivativeNet with a value of 60,000 has been used in the filing with the axis IncomeStatementLocationAxis.  This is the only fact reported with this element.  Rather than using the IncomeStatementLocationAxis the filer should use the extensible enumeration element to indicate the location of the item in the financial statements. In this case the element us-gaap:DerivativeGainLossStatementOfIncomeOrComprehensiveIncomeExtensibleEnumeration should be used to identify the account where the element us-gaap:DerivativeGainLossOnDerivativeNet is included. 

 
Period :2020-01-01 to 2020-12-31
Dimensions : us-gaap:IncomeStatementLocationAxis=us-gaap:InterestExpenseMember, us-gaap:HedgingDesignationAxis=us-gaap:DesignatedAsHedgingInstrumentMember, us-gaap:DerivativeInstrumentRiskAxis=us-gaap:InterestRateSwapMember
Unit : USD
Decimals: -3

Rule Element Id:9838
Rule version: 20.0.2 - cpk-20221231.htm 4",2023-02-22,ERROR,DQC,137,19745,CHESAPEAKE UTILITIES CORP,2023-02-22 17:10:00,0001628280-23-004607,US GAAP 2022,XBRL Document Created with Wdesk from Workiva,10-K,http://www.sec.gov/Archives/edgar/data/19745/000162828023004607/cpk-20221231.htm,2023-02-22,2023,550877,https://www.sec.gov/Archives/edgar/data/19745/000162828023004607/0001628280-23-004607-index.htm,4923,10k-cpk-20221231
DQC.US.0137.9838,"2023-02-22 18:20:12,352 [DQC.US.0137.9838] The element us-gaap:DerivativeGainLossOnDerivativeNet with a value of -40,000 has been used in the filing with the axis IncomeStatementLocationAxis.  This is the only fact reported with this element.  Rather than using the IncomeStatementLocationAxis the filer should use the extensible enumeration element to indicate the location of the item in the financial statements. In this case the element us-gaap:DerivativeGainLossStatementOfIncomeOrComprehensiveIncomeExtensibleEnumeration should be used to identify the account where the element us-gaap:DerivativeGainLossOnDerivativeNet is included. 

 
Period :2021-01-01 to 2021-12-31
Dimensions : us-gaap:DerivativeInstrumentRiskAxis=us-gaap:InterestRateSwapMember, us-gaap:HedgingDesignationAxis=us-gaap:DesignatedAsHedgingInstrumentMember, us-gaap:IncomeStatementLocationAxis=us-gaap:InterestExpenseMember
Unit : USD
Decimals: -3

Rule Element Id:9838
Rule version: 20.0.2 - cpk-20221231.htm 4",2023-02-22,ERROR,DQC,137,19745,CHESAPEAKE UTILITIES CORP,2023-02-22 17:10:00,0001628280-23-004607,US GAAP 2022,XBRL Document Created with Wdesk from Workiva,10-K,http://www.sec.gov/Archives/edgar/data/19745/000162828023004607/cpk-20221231.htm,2023-02-22,2023,550877,https://www.sec.gov/Archives/edgar/data/19745/000162828023004607/0001628280-23-004607-index.htm,4923,10k-cpk-20221231
DQC.US.0137.9838,"2023-12-01 15:46:59,865 [DQC.US.0137.9838] The element us-gaap:OperatingLeaseLiabilityNoncurrent with a value of 323,168 has been used in the filing with the axis BalanceSheetLocationAxis.  This is the only fact reported with this element.  Rather than using the BalanceSheetLocationAxis the filer should use the extensible enumeration element to indicate the location of the item in the financial statements. In this case the element us-gaap:OperatingLeaseLiabilityNoncurrentStatementOfFinancialPositionExtensibleList should be used to identify the account where the element us-gaap:OperatingLeaseLiabilityNoncurrent is included. 

 
Period :2023-09-30
Dimensions : us-gaap:BalanceSheetLocationAxis=rgco:DeferredCreditAndOtherNoncurrentLiabilitiesMember
Unit : USD
Decimals: inf

Rule Element Id:9838
Rule version: 22.0.1 - rgco20230930_10k.htm 6601",2023-12-01,ERROR,DQC,137,1069533,"RGC RESOURCES, INC.",2023-12-01 15:14:00,0001437749-23-033392,US GAAP 2023,Generated by ThunderDome XBRL - 03:23PM UTC 2023-12-01,10-K,http://www.sec.gov/Archives/edgar/data/1069533/000143774923033392/rgco20230930_10k.htm,2023-12-01,2023,659033,https://www.sec.gov/Archives/edgar/data/1069533/000143774923033392/0001437749-23-033392-index.htm,4923,10k-rgco-20230930
DQC.US.0137.9838,"2023-12-01 15:46:59,865 [DQC.US.0137.9838] The element us-gaap:OperatingLeaseRightOfUseAsset with a value of 361,724 has been used in the filing with the axis BalanceSheetLocationAxis.  This is the only fact reported with this element.  Rather than using the BalanceSheetLocationAxis the filer should use the extensible enumeration element to indicate the location of the item in the financial statements. In this case the element us-gaap:OperatingLeaseRightOfUseAssetStatementOfFinancialPositionExtensibleList should be used to identify the account where the element us-gaap:OperatingLeaseRightOfUseAsset is included. 

 
Period :2023-09-30
Dimensions : us-gaap:BalanceSheetLocationAxis=us-gaap:OtherNoncurrentAssetsMember
Unit : USD
Decimals: inf

Rule Element Id:9838
Rule version: 22.0.1 - rgco20230930_10k.htm 6601",2023-12-01,ERROR,DQC,137,1069533,"RGC RESOURCES, INC.",2023-12-01 15:14:00,0001437749-23-033392,US GAAP 2023,Generated by ThunderDome XBRL - 03:23PM UTC 2023-12-01,10-K,http://www.sec.gov/Archives/edgar/data/1069533/000143774923033392/rgco20230930_10k.htm,2023-12-01,2023,659033,https://www.sec.gov/Archives/edgar/data/1069533/000143774923033392/0001437749-23-033392-index.htm,4923,10k-rgco-20230930
DQC.US.0137.9838,"2023-12-01 15:46:59,866 [DQC.US.0137.9838] The element us-gaap:OperatingLeaseLiabilityCurrent with a value of 30,281 has been used in the filing with the axis BalanceSheetLocationAxis.  This is the only fact reported with this element.  Rather than using the BalanceSheetLocationAxis the filer should use the extensible enumeration element to indicate the location of the item in the financial statements. In this case the element us-gaap:OperatingLeaseLiabilityCurrentStatementOfFinancialPositionExtensibleList should be used to identify the account where the element us-gaap:OperatingLeaseLiabilityCurrent is included. 

 
Period :2023-09-30
Dimensions : us-gaap:BalanceSheetLocationAxis=us-gaap:OtherCurrentLiabilitiesMember
Unit : USD
Decimals: inf

Rule Element Id:9838
Rule version: 22.0.1 - rgco20230930_10k.htm 6601",2023-12-01,ERROR,DQC,137,1069533,"RGC RESOURCES, INC.",2023-12-01 15:14:00,0001437749-23-033392,US GAAP 2023,Generated by ThunderDome XBRL - 03:23PM UTC 2023-12-01,10-K,http://www.sec.gov/Archives/edgar/data/1069533/000143774923033392/rgco20230930_10k.htm,2023-12-01,2023,659033,https://www.sec.gov/Archives/edgar/data/1069533/000143774923033392/0001437749-23-033392-index.htm,4923,10k-rgco-20230930
DQC.US.0137.9838,"2023-12-01 15:46:59,866 [DQC.US.0137.9838] The element us-gaap:OperatingLeaseLiability with a value of 353,449 has been used in the filing with the axis BalanceSheetLocationAxis.  This is the only fact reported with this element.  Rather than using the BalanceSheetLocationAxis the filer should use the extensible enumeration element to indicate the location of the item in the financial statements. In this case the element us-gaap:OperatingLeaseLiabilityStatementOfFinancialPositionExtensibleList should be used to identify the account where the element us-gaap:OperatingLeaseLiability is included. 

 
Period :2023-09-30
Dimensions : us-gaap:BalanceSheetLocationAxis=us-gaap:OtherLiabilitiesMember
Unit : USD
Decimals: inf

Rule Element Id:9838
Rule version: 22.0.1 - rgco20230930_10k.htm 6626",2023-12-01,ERROR,DQC,137,1069533,"RGC RESOURCES, INC.",2023-12-01 15:14:00,0001437749-23-033392,US GAAP 2023,Generated by ThunderDome XBRL - 03:23PM UTC 2023-12-01,10-K,http://www.sec.gov/Archives/edgar/data/1069533/000143774923033392/rgco20230930_10k.htm,2023-12-01,2023,659033,https://www.sec.gov/Archives/edgar/data/1069533/000143774923033392/0001437749-23-033392-index.htm,4923,10k-rgco-20230930
DQC.US.0137.9838,"2023-11-14 14:01:16,739 [DQC.US.0137.9838] The element us-gaap:FinanceLeaseLiabilityCurrent with a value of 168,000 has been used in the filing with the axis BalanceSheetLocationAxis.  This is the only fact reported with this element.  Rather than using the BalanceSheetLocationAxis the filer should use the extensible enumeration element to indicate the location of the item in the financial statements. In this case the element us-gaap:FinanceLeaseLiabilityCurrentStatementOfFinancialPositionExtensibleList should be used to identify the account where the element us-gaap:FinanceLeaseLiabilityCurrent is included. 

 
Period :2023-06-30
Dimensions : us-gaap:BalanceSheetLocationAxis=astc:LeaseLiabilitiesCurrentMember
Unit : USD
Decimals: -3

Rule Element Id:9838
Rule version: 22.0.1 - astc20230930_10q.htm 2507",2023-11-14,ERROR,DQC,137,1001907,Astrotech Corporation,2023-11-13 16:42:00,0001437749-23-031659,US GAAP 2023,Generated by ThunderDome XBRL - 06:59PM UTC 2023-11-13,10-Q,http://www.sec.gov/Archives/edgar/data/1001907/000143774923031659/astc20230930_10q.htm,2023-11-13,2023,653631,https://www.sec.gov/Archives/edgar/data/1001907/000143774923031659/0001437749-23-031659-index.htm,3826,10q-astc-20230930
DQC.US.0137.9838,"2023-11-14 14:01:16,740 [DQC.US.0137.9838] The element us-gaap:FinanceLeaseRightOfUseAsset with a value of 484,000 has been used in the filing with the axis BalanceSheetLocationAxis.  This is the only fact reported with this element.  Rather than using the BalanceSheetLocationAxis the filer should use the extensible enumeration element to indicate the location of the item in the financial statements. In this case the element us-gaap:FinanceLeaseRightOfUseAssetStatementOfFinancialPositionExtensibleList should be used to identify the account where the element us-gaap:FinanceLeaseRightOfUseAsset is included. 

 
Period :2023-06-30
Dimensions : us-gaap:BalanceSheetLocationAxis=astc:PropertyAndEquipmentNetMember
Unit : USD
Decimals: -3

Rule Element Id:9838
Rule version: 22.0.1 - astc20230930_10q.htm 2501",2023-11-14,ERROR,DQC,137,1001907,Astrotech Corporation,2023-11-13 16:42:00,0001437749-23-031659,US GAAP 2023,Generated by ThunderDome XBRL - 06:59PM UTC 2023-11-13,10-Q,http://www.sec.gov/Archives/edgar/data/1001907/000143774923031659/astc20230930_10q.htm,2023-11-13,2023,653631,https://www.sec.gov/Archives/edgar/data/1001907/000143774923031659/0001437749-23-031659-index.htm,3826,10q-astc-20230930
DQC.US.0137.9838,"2023-11-14 14:01:16,740 [DQC.US.0137.9838] The element us-gaap:OperatingLeaseLiabilityCurrent with a value of 148,000 has been used in the filing with the axis BalanceSheetLocationAxis.  This is the only fact reported with this element.  Rather than using the BalanceSheetLocationAxis the filer should use the extensible enumeration element to indicate the location of the item in the financial statements. In this case the element us-gaap:OperatingLeaseLiabilityCurrentStatementOfFinancialPositionExtensibleList should be used to identify the account where the element us-gaap:OperatingLeaseLiabilityCurrent is included. 

 
Period :2023-06-30
Dimensions : us-gaap:BalanceSheetLocationAxis=astc:LeaseLiabilitiesCurrentMember
Unit : USD
Decimals: -3

Rule Element Id:9838
Rule version: 22.0.1 - astc20230930_10q.htm 2506",2023-11-14,ERROR,DQC,137,1001907,Astrotech Corporation,2023-11-13 16:42:00,0001437749-23-031659,US GAAP 2023,Generated by ThunderDome XBRL - 06:59PM UTC 2023-11-13,10-Q,http://www.sec.gov/Archives/edgar/data/1001907/000143774923031659/astc20230930_10q.htm,2023-11-13,2023,653631,https://www.sec.gov/Archives/edgar/data/1001907/000143774923031659/0001437749-23-031659-index.htm,3826,10q-astc-20230930
DQC.US.0137.9838,"2023-11-14 14:01:16,740 [DQC.US.0137.9838] The element us-gaap:OperatingLeaseLiabilityNoncurrent with a value of 130,000 has been used in the filing with the axis BalanceSheetLocationAxis.  This is the only fact reported with this element.  Rather than using the BalanceSheetLocationAxis the filer should use the extensible enumeration element to indicate the location of the item in the financial statements. In this case the element us-gaap:OperatingLeaseLiabilityNoncurrentStatementOfFinancialPositionExtensibleList should be used to identify the account where the element us-gaap:OperatingLeaseLiabilityNoncurrent is included. 

 
Period :2023-06-30
Dimensions : us-gaap:BalanceSheetLocationAxis=astc:LeaseLiabilitiesNoncurrentMember
Unit : USD
Decimals: -4

Rule Element Id:9838
Rule version: 22.0.1 - astc20230930_10q.htm 2509",2023-11-14,ERROR,DQC,137,1001907,Astrotech Corporation,2023-11-13 16:42:00,0001437749-23-031659,US GAAP 2023,Generated by ThunderDome XBRL - 06:59PM UTC 2023-11-13,10-Q,http://www.sec.gov/Archives/edgar/data/1001907/000143774923031659/astc20230930_10q.htm,2023-11-13,2023,653631,https://www.sec.gov/Archives/edgar/data/1001907/000143774923031659/0001437749-23-031659-index.htm,3826,10q-astc-20230930
DQC.US.0137.9838,"2023-11-14 14:01:16,741 [DQC.US.0137.9838] The element us-gaap:FinanceLeaseLiabilityCurrent with a value of 157,000 has been used in the filing with the axis BalanceSheetLocationAxis.  This is the only fact reported with this element.  Rather than using the BalanceSheetLocationAxis the filer should use the extensible enumeration element to indicate the location of the item in the financial statements. In this case the element us-gaap:FinanceLeaseLiabilityCurrentStatementOfFinancialPositionExtensibleList should be used to identify the account where the element us-gaap:FinanceLeaseLiabilityCurrent is included. 

 
Period :2023-09-30
Dimensions : us-gaap:BalanceSheetLocationAxis=astc:LeaseLiabilitiesCurrentMember
Unit : USD
Decimals: -3

Rule Element Id:9838
Rule version: 22.0.1 - astc20230930_10q.htm 2507",2023-11-14,ERROR,DQC,137,1001907,Astrotech Corporation,2023-11-13 16:42:00,0001437749-23-031659,US GAAP 2023,Generated by ThunderDome XBRL - 06:59PM UTC 2023-11-13,10-Q,http://www.sec.gov/Archives/edgar/data/1001907/000143774923031659/astc20230930_10q.htm,2023-11-13,2023,653631,https://www.sec.gov/Archives/edgar/data/1001907/000143774923031659/0001437749-23-031659-index.htm,3826,10q-astc-20230930
DQC.US.0137.9838,"2023-11-14 14:01:16,741 [DQC.US.0137.9838] The element us-gaap:FinanceLeaseLiability with a value of 288,000 has been used in the filing with the axis BalanceSheetLocationAxis.  This is the only fact reported with this element.  Rather than using the BalanceSheetLocationAxis the filer should use the extensible enumeration element to indicate the location of the item in the financial statements. In this case the element us-gaap:FinanceLeaseLiabilityStatementOfFinancialPositionExtensibleList should be used to identify the account where the element us-gaap:FinanceLeaseLiability is included. 

 
Period :2023-09-30
Dimensions : us-gaap:BalanceSheetLocationAxis=astc:LeaseLiabilitiesCurrentMember
Unit : USD
Decimals: -3

Rule Element Id:9838
Rule version: 22.0.1 - astc20230930_10q.htm 2528",2023-11-14,ERROR,DQC,137,1001907,Astrotech Corporation,2023-11-13 16:42:00,0001437749-23-031659,US GAAP 2023,Generated by ThunderDome XBRL - 06:59PM UTC 2023-11-13,10-Q,http://www.sec.gov/Archives/edgar/data/1001907/000143774923031659/astc20230930_10q.htm,2023-11-13,2023,653631,https://www.sec.gov/Archives/edgar/data/1001907/000143774923031659/0001437749-23-031659-index.htm,3826,10q-astc-20230930
DQC.US.0137.9838,"2023-11-14 14:01:16,741 [DQC.US.0137.9838] The element us-gaap:OperatingLeaseLiabilityCurrent with a value of 155,000 has been used in the filing with the axis BalanceSheetLocationAxis.  This is the only fact reported with this element.  Rather than using the BalanceSheetLocationAxis the filer should use the extensible enumeration element to indicate the location of the item in the financial statements. In this case the element us-gaap:OperatingLeaseLiabilityCurrentStatementOfFinancialPositionExtensibleList should be used to identify the account where the element us-gaap:OperatingLeaseLiabilityCurrent is included. 

 
Period :2023-09-30
Dimensions : us-gaap:BalanceSheetLocationAxis=astc:LeaseLiabilitiesCurrentMember
Unit : USD
Decimals: -3

Rule Element Id:9838
Rule version: 22.0.1 - astc20230930_10q.htm 2506",2023-11-14,ERROR,DQC,137,1001907,Astrotech Corporation,2023-11-13 16:42:00,0001437749-23-031659,US GAAP 2023,Generated by ThunderDome XBRL - 06:59PM UTC 2023-11-13,10-Q,http://www.sec.gov/Archives/edgar/data/1001907/000143774923031659/astc20230930_10q.htm,2023-11-13,2023,653631,https://www.sec.gov/Archives/edgar/data/1001907/000143774923031659/0001437749-23-031659-index.htm,3826,10q-astc-20230930
DQC.US.0137.9838,"2023-11-14 14:01:16,742 [DQC.US.0137.9838] The element us-gaap:FinanceLeaseLiabilityNoncurrent with a value of 131,000 has been used in the filing with the axis BalanceSheetLocationAxis.  This is the only fact reported with this element.  Rather than using the BalanceSheetLocationAxis the filer should use the extensible enumeration element to indicate the location of the item in the financial statements. In this case the element us-gaap:FinanceLeaseLiabilityNoncurrentStatementOfFinancialPositionExtensibleList should be used to identify the account where the element us-gaap:FinanceLeaseLiabilityNoncurrent is included. 

 
Period :2023-09-30
Dimensions : us-gaap:BalanceSheetLocationAxis=astc:LeaseLiabilitiesNoncurrentMember
Unit : USD
Decimals: -3

Rule Element Id:9838
Rule version: 22.0.1 - astc20230930_10q.htm 2530",2023-11-14,ERROR,DQC,137,1001907,Astrotech Corporation,2023-11-13 16:42:00,0001437749-23-031659,US GAAP 2023,Generated by ThunderDome XBRL - 06:59PM UTC 2023-11-13,10-Q,http://www.sec.gov/Archives/edgar/data/1001907/000143774923031659/astc20230930_10q.htm,2023-11-13,2023,653631,https://www.sec.gov/Archives/edgar/data/1001907/000143774923031659/0001437749-23-031659-index.htm,3826,10q-astc-20230930
DQC.US.0137.9838,"2023-11-14 14:01:16,742 [DQC.US.0137.9838] The element us-gaap:OperatingLeaseLiabilityNoncurrent with a value of 97,000 has been used in the filing with the axis BalanceSheetLocationAxis.  This is the only fact reported with this element.  Rather than using the BalanceSheetLocationAxis the filer should use the extensible enumeration element to indicate the location of the item in the financial statements. In this case the element us-gaap:OperatingLeaseLiabilityNoncurrentStatementOfFinancialPositionExtensibleList should be used to identify the account where the element us-gaap:OperatingLeaseLiabilityNoncurrent is included. 

 
Period :2023-09-30
Dimensions : us-gaap:BalanceSheetLocationAxis=astc:LeaseLiabilitiesNoncurrentMember
Unit : USD
Decimals: -3

Rule Element Id:9838
Rule version: 22.0.1 - astc20230930_10q.htm 2509",2023-11-14,ERROR,DQC,137,1001907,Astrotech Corporation,2023-11-13 16:42:00,0001437749-23-031659,US GAAP 2023,Generated by ThunderDome XBRL - 06:59PM UTC 2023-11-13,10-Q,http://www.sec.gov/Archives/edgar/data/1001907/000143774923031659/astc20230930_10q.htm,2023-11-13,2023,653631,https://www.sec.gov/Archives/edgar/data/1001907/000143774923031659/0001437749-23-031659-index.htm,3826,10q-astc-20230930
DQC.US.0137.9838,"2023-11-14 14:01:16,742 [DQC.US.0137.9838] The element us-gaap:OperatingLeaseLiability with a value of 252,000 has been used in the filing with the axis BalanceSheetLocationAxis.  This is the only fact reported with this element.  Rather than using the BalanceSheetLocationAxis the filer should use the extensible enumeration element to indicate the location of the item in the financial statements. In this case the element us-gaap:OperatingLeaseLiabilityStatementOfFinancialPositionExtensibleList should be used to identify the account where the element us-gaap:OperatingLeaseLiability is included. 

 
Period :2023-09-30
Dimensions : us-gaap:BalanceSheetLocationAxis=astc:LeaseLiabilitiesCurrentMember
Unit : USD
Decimals: -3

Rule Element Id:9838
Rule version: 22.0.1 - astc20230930_10q.htm 2528",2023-11-14,ERROR,DQC,137,1001907,Astrotech Corporation,2023-11-13 16:42:00,0001437749-23-031659,US GAAP 2023,Generated by ThunderDome XBRL - 06:59PM UTC 2023-11-13,10-Q,http://www.sec.gov/Archives/edgar/data/1001907/000143774923031659/astc20230930_10q.htm,2023-11-13,2023,653631,https://www.sec.gov/Archives/edgar/data/1001907/000143774923031659/0001437749-23-031659-index.htm,3826,10q-astc-20230930
DQC.US.0137.9838,"2023-11-14 14:01:16,743 [DQC.US.0137.9838] The element us-gaap:FinanceLeaseRightOfUseAsset with a value of 453,000 has been used in the filing with the axis BalanceSheetLocationAxis.  This is the only fact reported with this element.  Rather than using the BalanceSheetLocationAxis the filer should use the extensible enumeration element to indicate the location of the item in the financial statements. In this case the element us-gaap:FinanceLeaseRightOfUseAssetStatementOfFinancialPositionExtensibleList should be used to identify the account where the element us-gaap:FinanceLeaseRightOfUseAsset is included. 

 
Period :2023-09-30
Dimensions : us-gaap:BalanceSheetLocationAxis=astc:PropertyAndEquipmentNetMember
Unit : USD
Decimals: -3

Rule Element Id:9838
Rule version: 22.0.1 - astc20230930_10q.htm 2501",2023-11-14,ERROR,DQC,137,1001907,Astrotech Corporation,2023-11-13 16:42:00,0001437749-23-031659,US GAAP 2023,Generated by ThunderDome XBRL - 06:59PM UTC 2023-11-13,10-Q,http://www.sec.gov/Archives/edgar/data/1001907/000143774923031659/astc20230930_10q.htm,2023-11-13,2023,653631,https://www.sec.gov/Archives/edgar/data/1001907/000143774923031659/0001437749-23-031659-index.htm,3826,10q-astc-20230930
DQC.US.0137.9838,"2023-11-10 06:27:16,180 [DQC.US.0137.9838] The element us-gaap:OperatingLeaseLiability with a value of 15,327,000 has been used in the filing with the axis BalanceSheetLocationAxis.  This is the only fact reported with this element.  Rather than using the BalanceSheetLocationAxis the filer should use the extensible enumeration element to indicate the location of the item in the financial statements. In this case the element us-gaap:OperatingLeaseLiabilityStatementOfFinancialPositionExtensibleList should be used to identify the account where the element us-gaap:OperatingLeaseLiability is included. 

 
Period :2023-09-30
Dimensions : us-gaap:BalanceSheetLocationAxis=avpt:LongtermOperatingLeaseLiabilitiesMember
Unit : USD
Decimals: -3

Rule Element Id:9838
Rule version: 22.0.1 - avpt20230930_10q.htm 3260",2023-11-10,ERROR,DQC,137,1777921,"AvePoint, Inc.",2023-11-09 17:01:00,0001437749-23-031307,US GAAP 2023,Generated by ThunderDome XBRL - 05:57PM UTC 2023-11-09,10-Q,http://www.sec.gov/Archives/edgar/data/1777921/000143774923031307/avpt20230930_10q.htm,2023-11-09,2023,652819,https://www.sec.gov/Archives/edgar/data/1777921/000143774923031307/0001437749-23-031307-index.htm,7372,10q-avpt-20230930
DQC.US.0137.9838,"2023-11-09 03:16:56,684 [DQC.US.0137.9838] The element us-gaap:DerivativeGainLossOnDerivativeNet with a value of -100,000 has been used in the filing with the axis IncomeStatementLocationAxis.  This is the only fact reported with this element.  Rather than using the IncomeStatementLocationAxis the filer should use the extensible enumeration element to indicate the location of the item in the financial statements. In this case the element us-gaap:DerivativeGainLossStatementOfIncomeOrComprehensiveIncomeExtensibleEnumeration should be used to identify the account where the element us-gaap:DerivativeGainLossOnDerivativeNet is included. 

 
Period :2023-07-01 to 2023-09-30
Dimensions : srt:CounterpartyNameAxis=kfs:CIBCBankUSAMember, us-gaap:IncomeStatementLocationAxis=us-gaap:InterestExpenseMember, us-gaap:DerivativeInstrumentRiskAxis=us-gaap:InterestRateCapMember
Unit : USD
Decimals: -5

Rule Element Id:9838
Rule version: 22.0.1 - kfs20230930_10q.htm 6163",2023-11-09,ERROR,DQC,137,1072627,KINGSWAY FINANCIAL SERVICES INC,2023-11-07 16:01:00,0001437749-23-030641,US GAAP 2023,Generated by ThunderDome XBRL - 08:11PM UTC 2023-11-06,10-Q,http://www.sec.gov/Archives/edgar/data/1072627/000143774923030641/kfs20230930_10q.htm,2023-11-07,2023,650051,https://www.sec.gov/Archives/edgar/data/1072627/000143774923030641/0001437749-23-030641-index.htm,6331,10q-kfs-20230930
DQC.US.0137.9838,"2023-11-09 03:16:56,684 [DQC.US.0137.9838] The element us-gaap:DerivativeGainLossOnDerivativeNet with a value of 400,000 has been used in the filing with the axis IncomeStatementLocationAxis.  This is the only fact reported with this element.  Rather than using the IncomeStatementLocationAxis the filer should use the extensible enumeration element to indicate the location of the item in the financial statements. In this case the element us-gaap:DerivativeGainLossStatementOfIncomeOrComprehensiveIncomeExtensibleEnumeration should be used to identify the account where the element us-gaap:DerivativeGainLossOnDerivativeNet is included. 

 
Period :2022-01-01 to 2022-09-30
Dimensions : srt:CounterpartyNameAxis=kfs:CIBCBankUSAMember, us-gaap:DerivativeInstrumentRiskAxis=us-gaap:InterestRateCapMember, us-gaap:IncomeStatementLocationAxis=us-gaap:InterestExpenseMember
Unit : USD
Decimals: -5

Rule Element Id:9838
Rule version: 22.0.1 - kfs20230930_10q.htm 6163",2023-11-09,ERROR,DQC,137,1072627,KINGSWAY FINANCIAL SERVICES INC,2023-11-07 16:01:00,0001437749-23-030641,US GAAP 2023,Generated by ThunderDome XBRL - 08:11PM UTC 2023-11-06,10-Q,http://www.sec.gov/Archives/edgar/data/1072627/000143774923030641/kfs20230930_10q.htm,2023-11-07,2023,650051,https://www.sec.gov/Archives/edgar/data/1072627/000143774923030641/0001437749-23-030641-index.htm,6331,10q-kfs-20230930
DQC.US.0137.9838,"2023-11-09 03:16:56,685 [DQC.US.0137.9838] The element us-gaap:FairValueMeasurementWithUnobservableInputsReconciliationRecurringBasisAssetGainLossIncludedInOtherComprehensiveIncomeLoss with a value of 0 has been used in the filing with the axis IncomeStatementLocationAxis.  This is the only fact reported with this element.  Rather than using the IncomeStatementLocationAxis the filer should use the extensible enumeration element to indicate the location of the item in the financial statements. In this case the element us-gaap:FairValueRecurringBasisUnobservableInputReconciliationAssetGainLossStatementOfOtherComprehensiveIncomeExtensibleList should be used to identify the account where the element us-gaap:FairValueMeasurementWithUnobservableInputsReconciliationRecurringBasisAssetGainLossIncludedInOtherComprehensiveIncomeLoss is included. 

 
Period :2022-07-01 to 2022-09-30
Dimensions : us-gaap:FairValueByAssetClassAxis=us-gaap:EquityMethodInvestmentsMember, us-gaap:InvestmentTypeAxis=kfs:LimitedLiabilityInvestmentsMember, us-gaap:IncomeStatementLocationAxis=kfs:GainLossOnChangeInFairValueOfLimitedLiabilityInvestmentsAtFairValueMember
Unit : USD
Decimals: -3

Rule Element Id:9838
Rule version: 22.0.1 - kfs20230930_10q.htm 7442",2023-11-09,ERROR,DQC,137,1072627,KINGSWAY FINANCIAL SERVICES INC,2023-11-07 16:01:00,0001437749-23-030641,US GAAP 2023,Generated by ThunderDome XBRL - 08:11PM UTC 2023-11-06,10-Q,http://www.sec.gov/Archives/edgar/data/1072627/000143774923030641/kfs20230930_10q.htm,2023-11-07,2023,650051,https://www.sec.gov/Archives/edgar/data/1072627/000143774923030641/0001437749-23-030641-index.htm,6331,10q-kfs-20230930
DQC.US.0137.9838,"2023-11-09 03:16:56,685 [DQC.US.0137.9838] The element us-gaap:FairValueMeasurementWithUnobservableInputsReconciliationRecurringBasisAssetGainLossIncludedInOtherComprehensiveIncomeLoss with a value of 0 has been used in the filing with the axis IncomeStatementLocationAxis.  This is the only fact reported with this element.  Rather than using the IncomeStatementLocationAxis the filer should use the extensible enumeration element to indicate the location of the item in the financial statements. In this case the element us-gaap:FairValueRecurringBasisUnobservableInputReconciliationAssetGainLossStatementOfOtherComprehensiveIncomeExtensibleList should be used to identify the account where the element us-gaap:FairValueMeasurementWithUnobservableInputsReconciliationRecurringBasisAssetGainLossIncludedInOtherComprehensiveIncomeLoss is included. 

 
Period :2023-01-01 to 2023-09-30
Dimensions : us-gaap:IncomeStatementLocationAxis=us-gaap:GainLossOnDerivativeInstrumentsMember, us-gaap:FairValueByAssetClassAxis=us-gaap:DerivativeFinancialInstrumentsAssetsMember, us-gaap:DerivativeInstrumentRiskAxis=kfs:TrustPreferredDebtRepurchaseOptionsContractsMember
Unit : USD
Decimals: -3

Rule Element Id:9838
Rule version: 22.0.1 - kfs20230930_10q.htm 7452",2023-11-09,ERROR,DQC,137,1072627,KINGSWAY FINANCIAL SERVICES INC,2023-11-07 16:01:00,0001437749-23-030641,US GAAP 2023,Generated by ThunderDome XBRL - 08:11PM UTC 2023-11-06,10-Q,http://www.sec.gov/Archives/edgar/data/1072627/000143774923030641/kfs20230930_10q.htm,2023-11-07,2023,650051,https://www.sec.gov/Archives/edgar/data/1072627/000143774923030641/0001437749-23-030641-index.htm,6331,10q-kfs-20230930
DQC.US.0137.9838,"2023-11-09 03:16:56,685 [DQC.US.0137.9838] The element us-gaap:FairValueMeasurementWithUnobservableInputsReconciliationRecurringBasisAssetGainLossIncludedInOtherComprehensiveIncomeLoss with a value of 0 has been used in the filing with the axis IncomeStatementLocationAxis.  This is the only fact reported with this element.  Rather than using the IncomeStatementLocationAxis the filer should use the extensible enumeration element to indicate the location of the item in the financial statements. In this case the element us-gaap:FairValueRecurringBasisUnobservableInputReconciliationAssetGainLossStatementOfOtherComprehensiveIncomeExtensibleList should be used to identify the account where the element us-gaap:FairValueMeasurementWithUnobservableInputsReconciliationRecurringBasisAssetGainLossIncludedInOtherComprehensiveIncomeLoss is included. 

 
Period :2023-07-01 to 2023-09-30
Dimensions : us-gaap:IncomeStatementLocationAxis=kfs:GainLossOnChangeInFairValueOfLimitedLiabilityInvestmentsAtFairValueMember, us-gaap:InvestmentTypeAxis=kfs:LimitedLiabilityInvestmentsMember, us-gaap:FairValueByAssetClassAxis=us-gaap:EquityMethodInvestmentsMember
Unit : USD
Decimals: -3

Rule Element Id:9838
Rule version: 22.0.1 - kfs20230930_10q.htm 7442",2023-11-09,ERROR,DQC,137,1072627,KINGSWAY FINANCIAL SERVICES INC,2023-11-07 16:01:00,0001437749-23-030641,US GAAP 2023,Generated by ThunderDome XBRL - 08:11PM UTC 2023-11-06,10-Q,http://www.sec.gov/Archives/edgar/data/1072627/000143774923030641/kfs20230930_10q.htm,2023-11-07,2023,650051,https://www.sec.gov/Archives/edgar/data/1072627/000143774923030641/0001437749-23-030641-index.htm,6331,10q-kfs-20230930
DQC.US.0137.9838,"2023-11-09 03:16:56,686 [DQC.US.0137.9838] The element us-gaap:DerivativeGainLossOnDerivativeNet with a value of 100,000 has been used in the filing with the axis IncomeStatementLocationAxis.  This is the only fact reported with this element.  Rather than using the IncomeStatementLocationAxis the filer should use the extensible enumeration element to indicate the location of the item in the financial statements. In this case the element us-gaap:DerivativeGainLossStatementOfIncomeOrComprehensiveIncomeExtensibleEnumeration should be used to identify the account where the element us-gaap:DerivativeGainLossOnDerivativeNet is included. 

 
Period :2023-01-01 to 2023-09-30
Dimensions : us-gaap:IncomeStatementLocationAxis=us-gaap:InterestExpenseMember, us-gaap:DerivativeInstrumentRiskAxis=us-gaap:InterestRateCapMember, srt:CounterpartyNameAxis=kfs:CIBCBankUSAMember
Unit : USD
Decimals: -5

Rule Element Id:9838
Rule version: 22.0.1 - kfs20230930_10q.htm 6163",2023-11-09,ERROR,DQC,137,1072627,KINGSWAY FINANCIAL SERVICES INC,2023-11-07 16:01:00,0001437749-23-030641,US GAAP 2023,Generated by ThunderDome XBRL - 08:11PM UTC 2023-11-06,10-Q,http://www.sec.gov/Archives/edgar/data/1072627/000143774923030641/kfs20230930_10q.htm,2023-11-07,2023,650051,https://www.sec.gov/Archives/edgar/data/1072627/000143774923030641/0001437749-23-030641-index.htm,6331,10q-kfs-20230930
DQC.US.0137.9838,"2023-11-09 03:16:56,686 [DQC.US.0137.9838] The element us-gaap:DerivativeGainLossOnDerivativeNet with a value of -200,000 has been used in the filing with the axis IncomeStatementLocationAxis.  This is the only fact reported with this element.  Rather than using the IncomeStatementLocationAxis the filer should use the extensible enumeration element to indicate the location of the item in the financial statements. In this case the element us-gaap:DerivativeGainLossStatementOfIncomeOrComprehensiveIncomeExtensibleEnumeration should be used to identify the account where the element us-gaap:DerivativeGainLossOnDerivativeNet is included. 

 
Period :2022-07-01 to 2022-09-30
Dimensions : srt:CounterpartyNameAxis=kfs:CIBCBankUSAMember, us-gaap:DerivativeInstrumentRiskAxis=us-gaap:InterestRateCapMember, us-gaap:IncomeStatementLocationAxis=us-gaap:InterestExpenseMember
Unit : USD
Decimals: -5

Rule Element Id:9838
Rule version: 22.0.1 - kfs20230930_10q.htm 6163",2023-11-09,ERROR,DQC,137,1072627,KINGSWAY FINANCIAL SERVICES INC,2023-11-07 16:01:00,0001437749-23-030641,US GAAP 2023,Generated by ThunderDome XBRL - 08:11PM UTC 2023-11-06,10-Q,http://www.sec.gov/Archives/edgar/data/1072627/000143774923030641/kfs20230930_10q.htm,2023-11-07,2023,650051,https://www.sec.gov/Archives/edgar/data/1072627/000143774923030641/0001437749-23-030641-index.htm,6331,10q-kfs-20230930
DQC.US.0137.9838,"2023-11-09 03:16:56,686 [DQC.US.0137.9838] The element us-gaap:FairValueMeasurementWithUnobservableInputsReconciliationRecurringBasisAssetGainLossIncludedInOtherComprehensiveIncomeLoss with a value of 0 has been used in the filing with the axis IncomeStatementLocationAxis.  This is the only fact reported with this element.  Rather than using the IncomeStatementLocationAxis the filer should use the extensible enumeration element to indicate the location of the item in the financial statements. In this case the element us-gaap:FairValueRecurringBasisUnobservableInputReconciliationAssetGainLossStatementOfOtherComprehensiveIncomeExtensibleList should be used to identify the account where the element us-gaap:FairValueMeasurementWithUnobservableInputsReconciliationRecurringBasisAssetGainLossIncludedInOtherComprehensiveIncomeLoss is included. 

 
Period :2022-01-01 to 2022-09-30
Dimensions : us-gaap:IncomeStatementLocationAxis=kfs:GainLossOnChangeInFairValueOfLimitedLiabilityInvestmentsAtFairValueMember, us-gaap:InvestmentTypeAxis=kfs:LimitedLiabilityInvestmentsMember, us-gaap:FairValueByAssetClassAxis=us-gaap:EquityMethodInvestmentsMember
Unit : USD
Decimals: -3

Rule Element Id:9838
Rule version: 22.0.1 - kfs20230930_10q.htm 7442",2023-11-09,ERROR,DQC,137,1072627,KINGSWAY FINANCIAL SERVICES INC,2023-11-07 16:01:00,0001437749-23-030641,US GAAP 2023,Generated by ThunderDome XBRL - 08:11PM UTC 2023-11-06,10-Q,http://www.sec.gov/Archives/edgar/data/1072627/000143774923030641/kfs20230930_10q.htm,2023-11-07,2023,650051,https://www.sec.gov/Archives/edgar/data/1072627/000143774923030641/0001437749-23-030641-index.htm,6331,10q-kfs-20230930
DQC.US.0137.9838,"2023-11-09 03:16:56,687 [DQC.US.0137.9838] The element us-gaap:DerivativeAssets with a value of 300,000 has been used in the filing with the axis BalanceSheetLocationAxis.  This is the only fact reported with this element.  Rather than using the BalanceSheetLocationAxis the filer should use the extensible enumeration element to indicate the location of the item in the financial statements. In this case the element us-gaap:DerivativeAssetStatementOfFinancialPositionExtensibleEnumeration should be used to identify the account where the element us-gaap:DerivativeAssets is included. 

 
Period :2022-12-31
Dimensions : us-gaap:BalanceSheetLocationAxis=kfs:OtherReceivablesMember, us-gaap:DerivativeInstrumentRiskAxis=us-gaap:InterestRateCapMember, srt:CounterpartyNameAxis=kfs:CIBCBankUSAMember
Unit : USD
Decimals: -5

Rule Element Id:9838
Rule version: 22.0.1 - kfs20230930_10q.htm 6163",2023-11-09,ERROR,DQC,137,1072627,KINGSWAY FINANCIAL SERVICES INC,2023-11-07 16:01:00,0001437749-23-030641,US GAAP 2023,Generated by ThunderDome XBRL - 08:11PM UTC 2023-11-06,10-Q,http://www.sec.gov/Archives/edgar/data/1072627/000143774923030641/kfs20230930_10q.htm,2023-11-07,2023,650051,https://www.sec.gov/Archives/edgar/data/1072627/000143774923030641/0001437749-23-030641-index.htm,6331,10q-kfs-20230930
DQC.US.0137.9838,"2023-11-09 03:16:56,687 [DQC.US.0137.9838] The element us-gaap:FairValueMeasurementWithUnobservableInputsReconciliationRecurringBasisAssetGainLossIncludedInOtherComprehensiveIncomeLoss with a value of 0 has been used in the filing with the axis IncomeStatementLocationAxis.  This is the only fact reported with this element.  Rather than using the IncomeStatementLocationAxis the filer should use the extensible enumeration element to indicate the location of the item in the financial statements. In this case the element us-gaap:FairValueRecurringBasisUnobservableInputReconciliationAssetGainLossStatementOfOtherComprehensiveIncomeExtensibleList should be used to identify the account where the element us-gaap:FairValueMeasurementWithUnobservableInputsReconciliationRecurringBasisAssetGainLossIncludedInOtherComprehensiveIncomeLoss is included. 

 
Period :2022-01-01 to 2022-09-30
Dimensions : us-gaap:IncomeStatementLocationAxis=us-gaap:GainLossOnDerivativeInstrumentsMember, us-gaap:FairValueByAssetClassAxis=us-gaap:DerivativeFinancialInstrumentsAssetsMember, us-gaap:DerivativeInstrumentRiskAxis=kfs:TrustPreferredDebtRepurchaseOptionsContractsMember
Unit : USD
Decimals: -3

Rule Element Id:9838
Rule version: 22.0.1 - kfs20230930_10q.htm 7452",2023-11-09,ERROR,DQC,137,1072627,KINGSWAY FINANCIAL SERVICES INC,2023-11-07 16:01:00,0001437749-23-030641,US GAAP 2023,Generated by ThunderDome XBRL - 08:11PM UTC 2023-11-06,10-Q,http://www.sec.gov/Archives/edgar/data/1072627/000143774923030641/kfs20230930_10q.htm,2023-11-07,2023,650051,https://www.sec.gov/Archives/edgar/data/1072627/000143774923030641/0001437749-23-030641-index.htm,6331,10q-kfs-20230930
DQC.US.0137.9838,"2023-11-09 03:16:56,687 [DQC.US.0137.9838] The element us-gaap:FairValueMeasurementWithUnobservableInputsReconciliationRecurringBasisAssetGainLossIncludedInOtherComprehensiveIncomeLoss with a value of 0 has been used in the filing with the axis IncomeStatementLocationAxis.  This is the only fact reported with this element.  Rather than using the IncomeStatementLocationAxis the filer should use the extensible enumeration element to indicate the location of the item in the financial statements. In this case the element us-gaap:FairValueRecurringBasisUnobservableInputReconciliationAssetGainLossStatementOfOtherComprehensiveIncomeExtensibleList should be used to identify the account where the element us-gaap:FairValueMeasurementWithUnobservableInputsReconciliationRecurringBasisAssetGainLossIncludedInOtherComprehensiveIncomeLoss is included. 

 
Period :2022-07-01 to 2022-09-30
Dimensions : us-gaap:DerivativeInstrumentRiskAxis=kfs:TrustPreferredDebtRepurchaseOptionsContractsMember, us-gaap:FairValueByAssetClassAxis=us-gaap:DerivativeFinancialInstrumentsAssetsMember, us-gaap:IncomeStatementLocationAxis=us-gaap:GainLossOnDerivativeInstrumentsMember
Unit : USD
Decimals: -3

Rule Element Id:9838
Rule version: 22.0.1 - kfs20230930_10q.htm 7452",2023-11-09,ERROR,DQC,137,1072627,KINGSWAY FINANCIAL SERVICES INC,2023-11-07 16:01:00,0001437749-23-030641,US GAAP 2023,Generated by ThunderDome XBRL - 08:11PM UTC 2023-11-06,10-Q,http://www.sec.gov/Archives/edgar/data/1072627/000143774923030641/kfs20230930_10q.htm,2023-11-07,2023,650051,https://www.sec.gov/Archives/edgar/data/1072627/000143774923030641/0001437749-23-030641-index.htm,6331,10q-kfs-20230930
DQC.US.0137.9838,"2023-11-09 03:16:56,688 [DQC.US.0137.9838] The element us-gaap:DerivativeAssets with a value of 100,000 has been used in the filing with the axis BalanceSheetLocationAxis.  This is the only fact reported with this element.  Rather than using the BalanceSheetLocationAxis the filer should use the extensible enumeration element to indicate the location of the item in the financial statements. In this case the element us-gaap:DerivativeAssetStatementOfFinancialPositionExtensibleEnumeration should be used to identify the account where the element us-gaap:DerivativeAssets is included. 

 
Period :2023-09-30
Dimensions : us-gaap:DerivativeInstrumentRiskAxis=us-gaap:InterestRateCapMember, srt:CounterpartyNameAxis=kfs:CIBCBankUSAMember, us-gaap:BalanceSheetLocationAxis=kfs:OtherReceivablesMember
Unit : USD
Decimals: -5

Rule Element Id:9838
Rule version: 22.0.1 - kfs20230930_10q.htm 6163",2023-11-09,ERROR,DQC,137,1072627,KINGSWAY FINANCIAL SERVICES INC,2023-11-07 16:01:00,0001437749-23-030641,US GAAP 2023,Generated by ThunderDome XBRL - 08:11PM UTC 2023-11-06,10-Q,http://www.sec.gov/Archives/edgar/data/1072627/000143774923030641/kfs20230930_10q.htm,2023-11-07,2023,650051,https://www.sec.gov/Archives/edgar/data/1072627/000143774923030641/0001437749-23-030641-index.htm,6331,10q-kfs-20230930
DQC.US.0137.9838,"2023-11-09 03:16:56,688 [DQC.US.0137.9838] The element us-gaap:FairValueMeasurementWithUnobservableInputsReconciliationRecurringBasisAssetGainLossIncludedInOtherComprehensiveIncomeLoss with a value of 0 has been used in the filing with the axis IncomeStatementLocationAxis.  This is the only fact reported with this element.  Rather than using the IncomeStatementLocationAxis the filer should use the extensible enumeration element to indicate the location of the item in the financial statements. In this case the element us-gaap:FairValueRecurringBasisUnobservableInputReconciliationAssetGainLossStatementOfOtherComprehensiveIncomeExtensibleList should be used to identify the account where the element us-gaap:FairValueMeasurementWithUnobservableInputsReconciliationRecurringBasisAssetGainLossIncludedInOtherComprehensiveIncomeLoss is included. 

 
Period :2023-01-01 to 2023-09-30
Dimensions : us-gaap:FairValueByAssetClassAxis=us-gaap:EquityMethodInvestmentsMember, us-gaap:InvestmentTypeAxis=kfs:LimitedLiabilityInvestmentsMember, us-gaap:IncomeStatementLocationAxis=kfs:GainLossOnChangeInFairValueOfLimitedLiabilityInvestmentsAtFairValueMember
Unit : USD
Decimals: -3

Rule Element Id:9838
Rule version: 22.0.1 - kfs20230930_10q.htm 7442",2023-11-09,ERROR,DQC,137,1072627,KINGSWAY FINANCIAL SERVICES INC,2023-11-07 16:01:00,0001437749-23-030641,US GAAP 2023,Generated by ThunderDome XBRL - 08:11PM UTC 2023-11-06,10-Q,http://www.sec.gov/Archives/edgar/data/1072627/000143774923030641/kfs20230930_10q.htm,2023-11-07,2023,650051,https://www.sec.gov/Archives/edgar/data/1072627/000143774923030641/0001437749-23-030641-index.htm,6331,10q-kfs-20230930
DQC.US.0137.9838,"2023-11-09 03:16:56,689 [DQC.US.0137.9838] The element us-gaap:FairValueMeasurementWithUnobservableInputsReconciliationRecurringBasisAssetGainLossIncludedInOtherComprehensiveIncomeLoss with a value of 0 has been used in the filing with the axis IncomeStatementLocationAxis.  This is the only fact reported with this element.  Rather than using the IncomeStatementLocationAxis the filer should use the extensible enumeration element to indicate the location of the item in the financial statements. In this case the element us-gaap:FairValueRecurringBasisUnobservableInputReconciliationAssetGainLossStatementOfOtherComprehensiveIncomeExtensibleList should be used to identify the account where the element us-gaap:FairValueMeasurementWithUnobservableInputsReconciliationRecurringBasisAssetGainLossIncludedInOtherComprehensiveIncomeLoss is included. 

 
Period :2023-07-01 to 2023-09-30
Dimensions : us-gaap:FairValueByAssetClassAxis=us-gaap:DerivativeFinancialInstrumentsAssetsMember, us-gaap:DerivativeInstrumentRiskAxis=kfs:TrustPreferredDebtRepurchaseOptionsContractsMember, us-gaap:IncomeStatementLocationAxis=us-gaap:GainLossOnDerivativeInstrumentsMember
Unit : USD
Decimals: -3

Rule Element Id:9838
Rule version: 22.0.1 - kfs20230930_10q.htm 7452",2023-11-09,ERROR,DQC,137,1072627,KINGSWAY FINANCIAL SERVICES INC,2023-11-07 16:01:00,0001437749-23-030641,US GAAP 2023,Generated by ThunderDome XBRL - 08:11PM UTC 2023-11-06,10-Q,http://www.sec.gov/Archives/edgar/data/1072627/000143774923030641/kfs20230930_10q.htm,2023-11-07,2023,650051,https://www.sec.gov/Archives/edgar/data/1072627/000143774923030641/0001437749-23-030641-index.htm,6331,10q-kfs-20230930
DQC.US.0137.9838,"2023-11-09 01:24:13,289 [DQC.US.0137.9838] The element us-gaap:OperatingLeaseLiabilityNoncurrent with a value of 136,000 has been used in the filing with the axis BalanceSheetLocationAxis.  This is the only fact reported with this element.  Rather than using the BalanceSheetLocationAxis the filer should use the extensible enumeration element to indicate the location of the item in the financial statements. In this case the element us-gaap:OperatingLeaseLiabilityNoncurrentStatementOfFinancialPositionExtensibleList should be used to identify the account where the element us-gaap:OperatingLeaseLiabilityNoncurrent is included. 

 
Period :2023-06-30
Dimensions : us-gaap:BalanceSheetLocationAxis=us-gaap:OtherNoncurrentLiabilitiesMember
Unit : USD
Decimals: 0

Rule Element Id:9838
Rule version: 22.0.1 - hpe20230930_10q.htm 9261",2023-11-09,ERROR,DQC,137,1792849,"HighPeak Energy, Inc.",2023-11-06 17:15:00,0001437749-23-030421,US GAAP 2023,Generated by ThunderDome XBRL - 09:45PM UTC 2023-11-06,10-Q,http://www.sec.gov/Archives/edgar/data/1792849/000143774923030421/hpe20230930_10q.htm,2023-11-06,2023,649432,https://www.sec.gov/Archives/edgar/data/1792849/000143774923030421/0001437749-23-030421-index.htm,1381,10q-hpk-20230930
DQC.US.0137.9838,"2023-11-09 01:24:13,290 [DQC.US.0137.9838] The element us-gaap:OperatingLeaseLiabilityCurrent with a value of 517,000 has been used in the filing with the axis BalanceSheetLocationAxis.  This is the only fact reported with this element.  Rather than using the BalanceSheetLocationAxis the filer should use the extensible enumeration element to indicate the location of the item in the financial statements. In this case the element us-gaap:OperatingLeaseLiabilityCurrentStatementOfFinancialPositionExtensibleList should be used to identify the account where the element us-gaap:OperatingLeaseLiabilityCurrent is included. 

 
Period :2023-06-30
Dimensions : us-gaap:BalanceSheetLocationAxis=us-gaap:OtherCurrentLiabilitiesMember
Unit : USD
Decimals: 0

Rule Element Id:9838
Rule version: 22.0.1 - hpe20230930_10q.htm 9261",2023-11-09,ERROR,DQC,137,1792849,"HighPeak Energy, Inc.",2023-11-06 17:15:00,0001437749-23-030421,US GAAP 2023,Generated by ThunderDome XBRL - 09:45PM UTC 2023-11-06,10-Q,http://www.sec.gov/Archives/edgar/data/1792849/000143774923030421/hpe20230930_10q.htm,2023-11-06,2023,649432,https://www.sec.gov/Archives/edgar/data/1792849/000143774923030421/0001437749-23-030421-index.htm,1381,10q-hpk-20230930
DQC.US.0137.9838,"2023-11-09 01:24:13,290 [DQC.US.0137.9838] The element us-gaap:OperatingLeaseLiability with a value of 653,000 has been used in the filing with the axis BalanceSheetLocationAxis.  This is the only fact reported with this element.  Rather than using the BalanceSheetLocationAxis the filer should use the extensible enumeration element to indicate the location of the item in the financial statements. In this case the element us-gaap:OperatingLeaseLiabilityStatementOfFinancialPositionExtensibleList should be used to identify the account where the element us-gaap:OperatingLeaseLiability is included. 

 
Period :2023-06-30
Dimensions : us-gaap:BalanceSheetLocationAxis=us-gaap:OtherLiabilitiesMember
Unit : USD
Decimals: 0

Rule Element Id:9838
Rule version: 22.0.1 - hpe20230930_10q.htm 9261",2023-11-09,ERROR,DQC,137,1792849,"HighPeak Energy, Inc.",2023-11-06 17:15:00,0001437749-23-030421,US GAAP 2023,Generated by ThunderDome XBRL - 09:45PM UTC 2023-11-06,10-Q,http://www.sec.gov/Archives/edgar/data/1792849/000143774923030421/hpe20230930_10q.htm,2023-11-06,2023,649432,https://www.sec.gov/Archives/edgar/data/1792849/000143774923030421/0001437749-23-030421-index.htm,1381,10q-hpk-20230930
DQC.US.0137.9838,"2023-11-09 01:24:13,290 [DQC.US.0137.9838] The element us-gaap:OperatingLeaseRightOfUseAsset with a value of 637,000 has been used in the filing with the axis BalanceSheetLocationAxis.  This is the only fact reported with this element.  Rather than using the BalanceSheetLocationAxis the filer should use the extensible enumeration element to indicate the location of the item in the financial statements. In this case the element us-gaap:OperatingLeaseRightOfUseAssetStatementOfFinancialPositionExtensibleList should be used to identify the account where the element us-gaap:OperatingLeaseRightOfUseAsset is included. 

 
Period :2023-06-30
Dimensions : us-gaap:BalanceSheetLocationAxis=us-gaap:OtherNoncurrentAssetsMember
Unit : USD
Decimals: 0

Rule Element Id:9838
Rule version: 22.0.1 - hpe20230930_10q.htm 9261",2023-11-09,ERROR,DQC,137,1792849,"HighPeak Energy, Inc.",2023-11-06 17:15:00,0001437749-23-030421,US GAAP 2023,Generated by ThunderDome XBRL - 09:45PM UTC 2023-11-06,10-Q,http://www.sec.gov/Archives/edgar/data/1792849/000143774923030421/hpe20230930_10q.htm,2023-11-06,2023,649432,https://www.sec.gov/Archives/edgar/data/1792849/000143774923030421/0001437749-23-030421-index.htm,1381,10q-hpk-20230930
DQC.US.0137.9838,"2023-11-09 01:24:13,291 [DQC.US.0137.9838] The element us-gaap:OperatingLeaseLiability with a value of 343,000 has been used in the filing with the axis BalanceSheetLocationAxis.  This is the only fact reported with this element.  Rather than using the BalanceSheetLocationAxis the filer should use the extensible enumeration element to indicate the location of the item in the financial statements. In this case the element us-gaap:OperatingLeaseLiabilityStatementOfFinancialPositionExtensibleList should be used to identify the account where the element us-gaap:OperatingLeaseLiability is included. 

 
Period :2022-12-31
Dimensions : us-gaap:BalanceSheetLocationAxis=us-gaap:OtherLiabilitiesMember
Unit : USD
Decimals: 0

Rule Element Id:9838
Rule version: 22.0.1 - hpe20230930_10q.htm 9261",2023-11-09,ERROR,DQC,137,1792849,"HighPeak Energy, Inc.",2023-11-06 17:15:00,0001437749-23-030421,US GAAP 2023,Generated by ThunderDome XBRL - 09:45PM UTC 2023-11-06,10-Q,http://www.sec.gov/Archives/edgar/data/1792849/000143774923030421/hpe20230930_10q.htm,2023-11-06,2023,649432,https://www.sec.gov/Archives/edgar/data/1792849/000143774923030421/0001437749-23-030421-index.htm,1381,10q-hpk-20230930
DQC.US.0137.9838,"2023-11-09 01:24:13,291 [DQC.US.0137.9838] The element us-gaap:OperatingLeaseRightOfUseAsset with a value of 333,000 has been used in the filing with the axis BalanceSheetLocationAxis.  This is the only fact reported with this element.  Rather than using the BalanceSheetLocationAxis the filer should use the extensible enumeration element to indicate the location of the item in the financial statements. In this case the element us-gaap:OperatingLeaseRightOfUseAssetStatementOfFinancialPositionExtensibleList should be used to identify the account where the element us-gaap:OperatingLeaseRightOfUseAsset is included. 

 
Period :2022-12-31
Dimensions : us-gaap:BalanceSheetLocationAxis=us-gaap:OtherNoncurrentAssetsMember
Unit : USD
Decimals: 0

Rule Element Id:9838
Rule version: 22.0.1 - hpe20230930_10q.htm 9261",2023-11-09,ERROR,DQC,137,1792849,"HighPeak Energy, Inc.",2023-11-06 17:15:00,0001437749-23-030421,US GAAP 2023,Generated by ThunderDome XBRL - 09:45PM UTC 2023-11-06,10-Q,http://www.sec.gov/Archives/edgar/data/1792849/000143774923030421/hpe20230930_10q.htm,2023-11-06,2023,649432,https://www.sec.gov/Archives/edgar/data/1792849/000143774923030421/0001437749-23-030421-index.htm,1381,10q-hpk-20230930
DQC.US.0137.9838,"2023-11-08 19:04:34,916 [DQC.US.0137.9838] The element us-gaap:DerivativeGainLossOnDerivativeNet with a value of 0 has been used in the filing with the axis IncomeStatementLocationAxis.  This is the only fact reported with this element.  Rather than using the IncomeStatementLocationAxis the filer should use the extensible enumeration element to indicate the location of the item in the financial statements. In this case the element us-gaap:DerivativeGainLossStatementOfIncomeOrComprehensiveIncomeExtensibleEnumeration should be used to identify the account where the element us-gaap:DerivativeGainLossOnDerivativeNet is included. 

 
Period :2023-07-01 to 2023-09-30
Dimensions : us-gaap:IncomeStatementLocationAxis=us-gaap:CostOfSalesMember, us-gaap:HedgingDesignationAxis=us-gaap:NondesignatedMember, us-gaap:DerivativeInstrumentRiskAxis=cpk:PropaneSwapAgreementMember
Unit : USD
Decimals: -3

Rule Element Id:9838
Rule version: 22.0.1 - cpk-20230930.htm 4",2023-11-09,ERROR,DQC,137,19745,CHESAPEAKE UTILITIES CORP,2023-11-02 16:49:00,0001628280-23-036449,US GAAP 2023,XBRL Document Created with the Workiva Platform,10-Q,http://www.sec.gov/Archives/edgar/data/19745/000162828023036449/cpk-20230930.htm,2023-11-02,2023,645450,https://www.sec.gov/Archives/edgar/data/19745/000162828023036449/0001628280-23-036449-index.htm,4923,10q-cpk-20230930
DQC.US.0137.9838,"2023-11-08 19:04:34,916 [DQC.US.0137.9838] The element us-gaap:DerivativeGainLossOnDerivativeNet with a value of 56,000 has been used in the filing with the axis IncomeStatementLocationAxis.  This is the only fact reported with this element.  Rather than using the IncomeStatementLocationAxis the filer should use the extensible enumeration element to indicate the location of the item in the financial statements. In this case the element us-gaap:DerivativeGainLossStatementOfIncomeOrComprehensiveIncomeExtensibleEnumeration should be used to identify the account where the element us-gaap:DerivativeGainLossOnDerivativeNet is included. 

 
Period :2022-01-01 to 2022-09-30
Dimensions : us-gaap:IncomeStatementLocationAxis=us-gaap:CostOfSalesMember, us-gaap:DerivativeInstrumentRiskAxis=cpk:PropaneSwapAgreementMember, us-gaap:HedgingDesignationAxis=us-gaap:NondesignatedMember
Unit : USD
Decimals: -3

Rule Element Id:9838
Rule version: 22.0.1 - cpk-20230930.htm 4",2023-11-09,ERROR,DQC,137,19745,CHESAPEAKE UTILITIES CORP,2023-11-02 16:49:00,0001628280-23-036449,US GAAP 2023,XBRL Document Created with the Workiva Platform,10-Q,http://www.sec.gov/Archives/edgar/data/19745/000162828023036449/cpk-20230930.htm,2023-11-02,2023,645450,https://www.sec.gov/Archives/edgar/data/19745/000162828023036449/0001628280-23-036449-index.htm,4923,10q-cpk-20230930
DQC.US.0137.9838,"2023-11-08 19:04:34,917 [DQC.US.0137.9838] The element us-gaap:DerivativeGainLossOnDerivativeNet with a value of 0 has been used in the filing with the axis IncomeStatementLocationAxis.  This is the only fact reported with this element.  Rather than using the IncomeStatementLocationAxis the filer should use the extensible enumeration element to indicate the location of the item in the financial statements. In this case the element us-gaap:DerivativeGainLossStatementOfIncomeOrComprehensiveIncomeExtensibleEnumeration should be used to identify the account where the element us-gaap:DerivativeGainLossOnDerivativeNet is included. 

 
Period :2022-07-01 to 2022-09-30
Dimensions : us-gaap:HedgingDesignationAxis=us-gaap:NondesignatedMember, us-gaap:IncomeStatementLocationAxis=us-gaap:CostOfSalesMember, us-gaap:DerivativeInstrumentRiskAxis=cpk:PropaneSwapAgreementMember
Unit : USD
Decimals: -3

Rule Element Id:9838
Rule version: 22.0.1 - cpk-20230930.htm 4",2023-11-09,ERROR,DQC,137,19745,CHESAPEAKE UTILITIES CORP,2023-11-02 16:49:00,0001628280-23-036449,US GAAP 2023,XBRL Document Created with the Workiva Platform,10-Q,http://www.sec.gov/Archives/edgar/data/19745/000162828023036449/cpk-20230930.htm,2023-11-02,2023,645450,https://www.sec.gov/Archives/edgar/data/19745/000162828023036449/0001628280-23-036449-index.htm,4923,10q-cpk-20230930
DQC.US.0137.9838,"2023-11-08 19:04:34,917 [DQC.US.0137.9838] The element us-gaap:DerivativeGainLossOnDerivativeNet with a value of 0 has been used in the filing with the axis IncomeStatementLocationAxis.  This is the only fact reported with this element.  Rather than using the IncomeStatementLocationAxis the filer should use the extensible enumeration element to indicate the location of the item in the financial statements. In this case the element us-gaap:DerivativeGainLossStatementOfIncomeOrComprehensiveIncomeExtensibleEnumeration should be used to identify the account where the element us-gaap:DerivativeGainLossOnDerivativeNet is included. 

 
Period :2023-01-01 to 2023-09-30
Dimensions : us-gaap:IncomeStatementLocationAxis=us-gaap:CostOfSalesMember, us-gaap:HedgingDesignationAxis=us-gaap:NondesignatedMember, us-gaap:DerivativeInstrumentRiskAxis=cpk:PropaneSwapAgreementMember
Unit : USD
Decimals: -3

Rule Element Id:9838
Rule version: 22.0.1 - cpk-20230930.htm 4",2023-11-09,ERROR,DQC,137,19745,CHESAPEAKE UTILITIES CORP,2023-11-02 16:49:00,0001628280-23-036449,US GAAP 2023,XBRL Document Created with the Workiva Platform,10-Q,http://www.sec.gov/Archives/edgar/data/19745/000162828023036449/cpk-20230930.htm,2023-11-02,2023,645450,https://www.sec.gov/Archives/edgar/data/19745/000162828023036449/0001628280-23-036449-index.htm,4923,10q-cpk-20230930
DQC.US.0137.9838,"2023-11-08 19:04:34,918 [DQC.US.0137.9838] The element us-gaap:DerivativeGainLossOnDerivativeNet with a value of 0 has been used in the filing with the axis IncomeStatementLocationAxis.  This is the only fact reported with this element.  Rather than using the IncomeStatementLocationAxis the filer should use the extensible enumeration element to indicate the location of the item in the financial statements. In this case the element us-gaap:DerivativeGainLossStatementOfIncomeOrComprehensiveIncomeExtensibleEnumeration should be used to identify the account where the element us-gaap:DerivativeGainLossOnDerivativeNet is included. 

 
Period :2022-01-01 to 2022-09-30
Dimensions : us-gaap:HedgingDesignationAxis=us-gaap:DesignatedAsHedgingInstrumentMember, us-gaap:IncomeStatementLocationAxis=us-gaap:InterestExpenseMember, us-gaap:DerivativeInstrumentRiskAxis=us-gaap:InterestRateSwapMember
Unit : USD
Decimals: -3

Rule Element Id:9838
Rule version: 22.0.1 - cpk-20230930.htm 4",2023-11-09,ERROR,DQC,137,19745,CHESAPEAKE UTILITIES CORP,2023-11-02 16:49:00,0001628280-23-036449,US GAAP 2023,XBRL Document Created with the Workiva Platform,10-Q,http://www.sec.gov/Archives/edgar/data/19745/000162828023036449/cpk-20230930.htm,2023-11-02,2023,645450,https://www.sec.gov/Archives/edgar/data/19745/000162828023036449/0001628280-23-036449-index.htm,4923,10q-cpk-20230930
DQC.US.0137.9838,"2023-11-08 19:04:34,918 [DQC.US.0137.9838] The element us-gaap:DerivativeGainLossOnDerivativeNet with a value of 0 has been used in the filing with the axis IncomeStatementLocationAxis.  This is the only fact reported with this element.  Rather than using the IncomeStatementLocationAxis the filer should use the extensible enumeration element to indicate the location of the item in the financial statements. In this case the element us-gaap:DerivativeGainLossStatementOfIncomeOrComprehensiveIncomeExtensibleEnumeration should be used to identify the account where the element us-gaap:DerivativeGainLossOnDerivativeNet is included. 

 
Period :2022-07-01 to 2022-09-30
Dimensions : us-gaap:DerivativeInstrumentRiskAxis=us-gaap:InterestRateSwapMember, us-gaap:IncomeStatementLocationAxis=us-gaap:InterestExpenseMember, us-gaap:HedgingDesignationAxis=us-gaap:DesignatedAsHedgingInstrumentMember
Unit : USD
Decimals: -3

Rule Element Id:9838
Rule version: 22.0.1 - cpk-20230930.htm 4",2023-11-09,ERROR,DQC,137,19745,CHESAPEAKE UTILITIES CORP,2023-11-02 16:49:00,0001628280-23-036449,US GAAP 2023,XBRL Document Created with the Workiva Platform,10-Q,http://www.sec.gov/Archives/edgar/data/19745/000162828023036449/cpk-20230930.htm,2023-11-02,2023,645450,https://www.sec.gov/Archives/edgar/data/19745/000162828023036449/0001628280-23-036449-index.htm,4923,10q-cpk-20230930
DQC.US.0137.9838,"2023-11-08 19:04:34,918 [DQC.US.0137.9838] The element us-gaap:DerivativeGainLossOnDerivativeNet with a value of 160,000 has been used in the filing with the axis IncomeStatementLocationAxis.  This is the only fact reported with this element.  Rather than using the IncomeStatementLocationAxis the filer should use the extensible enumeration element to indicate the location of the item in the financial statements. In this case the element us-gaap:DerivativeGainLossStatementOfIncomeOrComprehensiveIncomeExtensibleEnumeration should be used to identify the account where the element us-gaap:DerivativeGainLossOnDerivativeNet is included. 

 
Period :2023-07-01 to 2023-09-30
Dimensions : us-gaap:DerivativeInstrumentRiskAxis=us-gaap:InterestRateSwapMember, us-gaap:IncomeStatementLocationAxis=us-gaap:InterestExpenseMember, us-gaap:HedgingDesignationAxis=us-gaap:DesignatedAsHedgingInstrumentMember
Unit : USD
Decimals: -3

Rule Element Id:9838
Rule version: 22.0.1 - cpk-20230930.htm 4",2023-11-09,ERROR,DQC,137,19745,CHESAPEAKE UTILITIES CORP,2023-11-02 16:49:00,0001628280-23-036449,US GAAP 2023,XBRL Document Created with the Workiva Platform,10-Q,http://www.sec.gov/Archives/edgar/data/19745/000162828023036449/cpk-20230930.htm,2023-11-02,2023,645450,https://www.sec.gov/Archives/edgar/data/19745/000162828023036449/0001628280-23-036449-index.htm,4923,10q-cpk-20230930
DQC.US.0137.9838,"2023-11-08 19:04:34,919 [DQC.US.0137.9838] The element us-gaap:DerivativeGainLossOnDerivativeNet with a value of 352,000 has been used in the filing with the axis IncomeStatementLocationAxis.  This is the only fact reported with this element.  Rather than using the IncomeStatementLocationAxis the filer should use the extensible enumeration element to indicate the location of the item in the financial statements. In this case the element us-gaap:DerivativeGainLossStatementOfIncomeOrComprehensiveIncomeExtensibleEnumeration should be used to identify the account where the element us-gaap:DerivativeGainLossOnDerivativeNet is included. 

 
Period :2023-01-01 to 2023-09-30
Dimensions : us-gaap:IncomeStatementLocationAxis=us-gaap:InterestExpenseMember, us-gaap:DerivativeInstrumentRiskAxis=us-gaap:InterestRateSwapMember, us-gaap:HedgingDesignationAxis=us-gaap:DesignatedAsHedgingInstrumentMember
Unit : USD
Decimals: -3

Rule Element Id:9838
Rule version: 22.0.1 - cpk-20230930.htm 4",2023-11-09,ERROR,DQC,137,19745,CHESAPEAKE UTILITIES CORP,2023-11-02 16:49:00,0001628280-23-036449,US GAAP 2023,XBRL Document Created with the Workiva Platform,10-Q,http://www.sec.gov/Archives/edgar/data/19745/000162828023036449/cpk-20230930.htm,2023-11-02,2023,645450,https://www.sec.gov/Archives/edgar/data/19745/000162828023036449/0001628280-23-036449-index.htm,4923,10q-cpk-20230930
DQC.US.0137.9838,"2024-02-13 17:24:10,302 [DQC.US.0137.9838] The element us-gaap:FinanceLeaseLiabilityCurrent with a value of 168,000 has been used in the filing with the axis BalanceSheetLocationAxis.  This is the only fact reported with this element.  Rather than using the BalanceSheetLocationAxis the filer should use the extensible enumeration element to indicate the location of the item in the financial statements. In this case the element us-gaap:FinanceLeaseLiabilityCurrentStatementOfFinancialPositionExtensibleList should be used to identify the account where the element us-gaap:FinanceLeaseLiabilityCurrent is included. 

 
Period :2023-06-30
Dimensions : us-gaap:BalanceSheetLocationAxis=astc:LeaseLiabilitiesCurrentMember
Unit : USD
Decimals: -3

Rule Element Id:9838
Rule version: 23.0.3 - astc20231231_10q.htm 2678",2024-02-13,ERROR,DQC,137,1001907,Astrotech Corporation,2024-02-13 16:31:00,0001437749-24-003922,US GAAP 2023,Generated by ThunderDome XBRL - 07:49PM UTC 2024-02-13,10-Q,http://www.sec.gov/Archives/edgar/data/1001907/000143774924003922/astc20231231_10q.htm,2024-02-13,2024,674390,https://www.sec.gov/Archives/edgar/data/1001907/000143774924003922/0001437749-24-003922-index.htm,3826,10q-astc-20231231
DQC.US.0137.9838,"2024-02-13 17:24:10,303 [DQC.US.0137.9838] The element us-gaap:FinanceLeaseLiabilityNoncurrent with a value of 161,000 has been used in the filing with the axis BalanceSheetLocationAxis.  This is the only fact reported with this element.  Rather than using the BalanceSheetLocationAxis the filer should use the extensible enumeration element to indicate the location of the item in the financial statements. In this case the element us-gaap:FinanceLeaseLiabilityNoncurrentStatementOfFinancialPositionExtensibleList should be used to identify the account where the element us-gaap:FinanceLeaseLiabilityNoncurrent is included. 

 
Period :2023-06-30
Dimensions : us-gaap:BalanceSheetLocationAxis=astc:LeaseLiabilitiesNoncurrentMember
Unit : USD
Decimals: -3

Rule Element Id:9838
Rule version: 23.0.3 - astc20231231_10q.htm 2681",2024-02-13,ERROR,DQC,137,1001907,Astrotech Corporation,2024-02-13 16:31:00,0001437749-24-003922,US GAAP 2023,Generated by ThunderDome XBRL - 07:49PM UTC 2024-02-13,10-Q,http://www.sec.gov/Archives/edgar/data/1001907/000143774924003922/astc20231231_10q.htm,2024-02-13,2024,674390,https://www.sec.gov/Archives/edgar/data/1001907/000143774924003922/0001437749-24-003922-index.htm,3826,10q-astc-20231231
DQC.US.0137.9838,"2024-02-13 17:24:10,303 [DQC.US.0137.9838] The element us-gaap:FinanceLeaseRightOfUseAsset with a value of 484,000 has been used in the filing with the axis BalanceSheetLocationAxis.  This is the only fact reported with this element.  Rather than using the BalanceSheetLocationAxis the filer should use the extensible enumeration element to indicate the location of the item in the financial statements. In this case the element us-gaap:FinanceLeaseRightOfUseAssetStatementOfFinancialPositionExtensibleList should be used to identify the account where the element us-gaap:FinanceLeaseRightOfUseAsset is included. 

 
Period :2023-06-30
Dimensions : us-gaap:BalanceSheetLocationAxis=astc:PropertyAndEquipmentNetMember
Unit : USD
Decimals: -3

Rule Element Id:9838
Rule version: 23.0.3 - astc20231231_10q.htm 2672",2024-02-13,ERROR,DQC,137,1001907,Astrotech Corporation,2024-02-13 16:31:00,0001437749-24-003922,US GAAP 2023,Generated by ThunderDome XBRL - 07:49PM UTC 2024-02-13,10-Q,http://www.sec.gov/Archives/edgar/data/1001907/000143774924003922/astc20231231_10q.htm,2024-02-13,2024,674390,https://www.sec.gov/Archives/edgar/data/1001907/000143774924003922/0001437749-24-003922-index.htm,3826,10q-astc-20231231
DQC.US.0137.9838,"2024-02-13 17:24:10,304 [DQC.US.0137.9838] The element us-gaap:OperatingLeaseLiabilityCurrent with a value of 148,000 has been used in the filing with the axis BalanceSheetLocationAxis.  This is the only fact reported with this element.  Rather than using the BalanceSheetLocationAxis the filer should use the extensible enumeration element to indicate the location of the item in the financial statements. In this case the element us-gaap:OperatingLeaseLiabilityCurrentStatementOfFinancialPositionExtensibleList should be used to identify the account where the element us-gaap:OperatingLeaseLiabilityCurrent is included. 

 
Period :2023-06-30
Dimensions : us-gaap:BalanceSheetLocationAxis=astc:LeaseLiabilitiesCurrentMember
Unit : USD
Decimals: -3

Rule Element Id:9838
Rule version: 23.0.3 - astc20231231_10q.htm 2677",2024-02-13,ERROR,DQC,137,1001907,Astrotech Corporation,2024-02-13 16:31:00,0001437749-24-003922,US GAAP 2023,Generated by ThunderDome XBRL - 07:49PM UTC 2024-02-13,10-Q,http://www.sec.gov/Archives/edgar/data/1001907/000143774924003922/astc20231231_10q.htm,2024-02-13,2024,674390,https://www.sec.gov/Archives/edgar/data/1001907/000143774924003922/0001437749-24-003922-index.htm,3826,10q-astc-20231231
DQC.US.0137.9838,"2024-02-13 17:24:10,304 [DQC.US.0137.9838] The element us-gaap:OperatingLeaseLiabilityNoncurrent with a value of 130,000 has been used in the filing with the axis BalanceSheetLocationAxis.  This is the only fact reported with this element.  Rather than using the BalanceSheetLocationAxis the filer should use the extensible enumeration element to indicate the location of the item in the financial statements. In this case the element us-gaap:OperatingLeaseLiabilityNoncurrentStatementOfFinancialPositionExtensibleList should be used to identify the account where the element us-gaap:OperatingLeaseLiabilityNoncurrent is included. 

 
Period :2023-06-30
Dimensions : us-gaap:BalanceSheetLocationAxis=astc:LeaseLiabilitiesNoncurrentMember
Unit : USD
Decimals: -4

Rule Element Id:9838
Rule version: 23.0.3 - astc20231231_10q.htm 2680",2024-02-13,ERROR,DQC,137,1001907,Astrotech Corporation,2024-02-13 16:31:00,0001437749-24-003922,US GAAP 2023,Generated by ThunderDome XBRL - 07:49PM UTC 2024-02-13,10-Q,http://www.sec.gov/Archives/edgar/data/1001907/000143774924003922/astc20231231_10q.htm,2024-02-13,2024,674390,https://www.sec.gov/Archives/edgar/data/1001907/000143774924003922/0001437749-24-003922-index.htm,3826,10q-astc-20231231
DQC.US.0137.9838,"2024-02-13 17:24:10,321 [DQC.US.0137.9838] The element us-gaap:FinanceLeaseLiabilityCurrent with a value of 149,000 has been used in the filing with the axis BalanceSheetLocationAxis.  This is the only fact reported with this element.  Rather than using the BalanceSheetLocationAxis the filer should use the extensible enumeration element to indicate the location of the item in the financial statements. In this case the element us-gaap:FinanceLeaseLiabilityCurrentStatementOfFinancialPositionExtensibleList should be used to identify the account where the element us-gaap:FinanceLeaseLiabilityCurrent is included. 

 
Period :2023-12-31
Dimensions : us-gaap:BalanceSheetLocationAxis=astc:LeaseLiabilitiesCurrentMember
Unit : USD
Decimals: -3

Rule Element Id:9838
Rule version: 23.0.3 - astc20231231_10q.htm 2678",2024-02-13,ERROR,DQC,137,1001907,Astrotech Corporation,2024-02-13 16:31:00,0001437749-24-003922,US GAAP 2023,Generated by ThunderDome XBRL - 07:49PM UTC 2024-02-13,10-Q,http://www.sec.gov/Archives/edgar/data/1001907/000143774924003922/astc20231231_10q.htm,2024-02-13,2024,674390,https://www.sec.gov/Archives/edgar/data/1001907/000143774924003922/0001437749-24-003922-index.htm,3826,10q-astc-20231231
DQC.US.0137.9838,"2024-02-13 17:24:10,322 [DQC.US.0137.9838] The element us-gaap:FinanceLeaseLiabilityNoncurrent with a value of 96,000 has been used in the filing with the axis BalanceSheetLocationAxis.  This is the only fact reported with this element.  Rather than using the BalanceSheetLocationAxis the filer should use the extensible enumeration element to indicate the location of the item in the financial statements. In this case the element us-gaap:FinanceLeaseLiabilityNoncurrentStatementOfFinancialPositionExtensibleList should be used to identify the account where the element us-gaap:FinanceLeaseLiabilityNoncurrent is included. 

 
Period :2023-12-31
Dimensions : us-gaap:BalanceSheetLocationAxis=astc:LeaseLiabilitiesNoncurrentMember
Unit : USD
Decimals: -3

Rule Element Id:9838
Rule version: 23.0.3 - astc20231231_10q.htm 2681",2024-02-13,ERROR,DQC,137,1001907,Astrotech Corporation,2024-02-13 16:31:00,0001437749-24-003922,US GAAP 2023,Generated by ThunderDome XBRL - 07:49PM UTC 2024-02-13,10-Q,http://www.sec.gov/Archives/edgar/data/1001907/000143774924003922/astc20231231_10q.htm,2024-02-13,2024,674390,https://www.sec.gov/Archives/edgar/data/1001907/000143774924003922/0001437749-24-003922-index.htm,3826,10q-astc-20231231
DQC.US.0137.9838,"2024-02-13 17:24:10,322 [DQC.US.0137.9838] The element us-gaap:FinanceLeaseRightOfUseAsset with a value of 429,000 has been used in the filing with the axis BalanceSheetLocationAxis.  This is the only fact reported with this element.  Rather than using the BalanceSheetLocationAxis the filer should use the extensible enumeration element to indicate the location of the item in the financial statements. In this case the element us-gaap:FinanceLeaseRightOfUseAssetStatementOfFinancialPositionExtensibleList should be used to identify the account where the element us-gaap:FinanceLeaseRightOfUseAsset is included. 

 
Period :2023-12-31
Dimensions : us-gaap:BalanceSheetLocationAxis=astc:PropertyAndEquipmentNetMember
Unit : USD
Decimals: -3

Rule Element Id:9838
Rule version: 23.0.3 - astc20231231_10q.htm 2672",2024-02-13,ERROR,DQC,137,1001907,Astrotech Corporation,2024-02-13 16:31:00,0001437749-24-003922,US GAAP 2023,Generated by ThunderDome XBRL - 07:49PM UTC 2024-02-13,10-Q,http://www.sec.gov/Archives/edgar/data/1001907/000143774924003922/astc20231231_10q.htm,2024-02-13,2024,674390,https://www.sec.gov/Archives/edgar/data/1001907/000143774924003922/0001437749-24-003922-index.htm,3826,10q-astc-20231231
DQC.US.0137.9838,"2024-02-13 17:24:10,323 [DQC.US.0137.9838] The element us-gaap:OperatingLeaseLiabilityCurrent with a value of 160,000 has been used in the filing with the axis BalanceSheetLocationAxis.  This is the only fact reported with this element.  Rather than using the BalanceSheetLocationAxis the filer should use the extensible enumeration element to indicate the location of the item in the financial statements. In this case the element us-gaap:OperatingLeaseLiabilityCurrentStatementOfFinancialPositionExtensibleList should be used to identify the account where the element us-gaap:OperatingLeaseLiabilityCurrent is included. 

 
Period :2023-12-31
Dimensions : us-gaap:BalanceSheetLocationAxis=astc:LeaseLiabilitiesCurrentMember
Unit : USD
Decimals: -4

Rule Element Id:9838
Rule version: 23.0.3 - astc20231231_10q.htm 2677",2024-02-13,ERROR,DQC,137,1001907,Astrotech Corporation,2024-02-13 16:31:00,0001437749-24-003922,US GAAP 2023,Generated by ThunderDome XBRL - 07:49PM UTC 2024-02-13,10-Q,http://www.sec.gov/Archives/edgar/data/1001907/000143774924003922/astc20231231_10q.htm,2024-02-13,2024,674390,https://www.sec.gov/Archives/edgar/data/1001907/000143774924003922/0001437749-24-003922-index.htm,3826,10q-astc-20231231
DQC.US.0137.9838,"2024-02-13 17:24:10,323 [DQC.US.0137.9838] The element us-gaap:OperatingLeaseLiability with a value of 216,000 has been used in the filing with the axis BalanceSheetLocationAxis.  This is the only fact reported with this element.  Rather than using the BalanceSheetLocationAxis the filer should use the extensible enumeration element to indicate the location of the item in the financial statements. In this case the element us-gaap:OperatingLeaseLiabilityStatementOfFinancialPositionExtensibleList should be used to identify the account where the element us-gaap:OperatingLeaseLiability is included. 

 
Period :2023-12-31
Dimensions : us-gaap:BalanceSheetLocationAxis=astc:LeaseLiabilitiesCurrentMember
Unit : USD
Decimals: -3

Rule Element Id:9838
Rule version: 23.0.3 - astc20231231_10q.htm 2699",2024-02-13,ERROR,DQC,137,1001907,Astrotech Corporation,2024-02-13 16:31:00,0001437749-24-003922,US GAAP 2023,Generated by ThunderDome XBRL - 07:49PM UTC 2024-02-13,10-Q,http://www.sec.gov/Archives/edgar/data/1001907/000143774924003922/astc20231231_10q.htm,2024-02-13,2024,674390,https://www.sec.gov/Archives/edgar/data/1001907/000143774924003922/0001437749-24-003922-index.htm,3826,10q-astc-20231231
DQC.US.0137.9838,"2024-02-13 17:24:10,324 [DQC.US.0137.9838] The element us-gaap:FinanceLeaseLiability with a value of 245,000 has been used in the filing with the axis BalanceSheetLocationAxis.  This is the only fact reported with this element.  Rather than using the BalanceSheetLocationAxis the filer should use the extensible enumeration element to indicate the location of the item in the financial statements. In this case the element us-gaap:FinanceLeaseLiabilityStatementOfFinancialPositionExtensibleList should be used to identify the account where the element us-gaap:FinanceLeaseLiability is included. 

 
Period :2023-12-31
Dimensions : us-gaap:BalanceSheetLocationAxis=astc:LeaseLiabilitiesCurrentMember
Unit : USD
Decimals: -3

Rule Element Id:9838
Rule version: 23.0.3 - astc20231231_10q.htm 2699",2024-02-13,ERROR,DQC,137,1001907,Astrotech Corporation,2024-02-13 16:31:00,0001437749-24-003922,US GAAP 2023,Generated by ThunderDome XBRL - 07:49PM UTC 2024-02-13,10-Q,http://www.sec.gov/Archives/edgar/data/1001907/000143774924003922/astc20231231_10q.htm,2024-02-13,2024,674390,https://www.sec.gov/Archives/edgar/data/1001907/000143774924003922/0001437749-24-003922-index.htm,3826,10q-astc-20231231
DQC.US.0137.9838,"2024-02-13 17:24:10,324 [DQC.US.0137.9838] The element us-gaap:OperatingLeaseLiabilityNoncurrent with a value of 56,000 has been used in the filing with the axis BalanceSheetLocationAxis.  This is the only fact reported with this element.  Rather than using the BalanceSheetLocationAxis the filer should use the extensible enumeration element to indicate the location of the item in the financial statements. In this case the element us-gaap:OperatingLeaseLiabilityNoncurrentStatementOfFinancialPositionExtensibleList should be used to identify the account where the element us-gaap:OperatingLeaseLiabilityNoncurrent is included. 

 
Period :2023-12-31
Dimensions : us-gaap:BalanceSheetLocationAxis=astc:LeaseLiabilitiesNoncurrentMember
Unit : USD
Decimals: -3

Rule Element Id:9838
Rule version: 23.0.3 - astc20231231_10q.htm 2680",2024-02-13,ERROR,DQC,137,1001907,Astrotech Corporation,2024-02-13 16:31:00,0001437749-24-003922,US GAAP 2023,Generated by ThunderDome XBRL - 07:49PM UTC 2024-02-13,10-Q,http://www.sec.gov/Archives/edgar/data/1001907/000143774924003922/astc20231231_10q.htm,2024-02-13,2024,674390,https://www.sec.gov/Archives/edgar/data/1001907/000143774924003922/0001437749-24-003922-index.htm,3826,10q-astc-20231231
DQC.US.0137.9838,"2024-02-14 13:47:32,721 [DQC.US.0137.9838] The element us-gaap:OperatingLeaseLiability with a value of 172,000,000 has been used in the filing with the axis BalanceSheetLocationAxis.  This is the only fact reported with this element.  Rather than using the BalanceSheetLocationAxis the filer should use the extensible enumeration element to indicate the location of the item in the financial statements. In this case the element us-gaap:OperatingLeaseLiabilityStatementOfFinancialPositionExtensibleList should be used to identify the account where the element us-gaap:OperatingLeaseLiability is included. 

 
Period :2023-12-31
Dimensions : us-gaap:BalanceSheetLocationAxis=us-gaap:OtherNoncurrentLiabilitiesMember
Unit : USD
Decimals: -6

Rule Element Id:9838
Rule version: 23.0.3 - emn-20231231.htm 5",2024-02-14,ERROR,DQC,137,915389,EASTMAN CHEMICAL CO,2024-02-14 13:15:00,0000915389-24-000016,US GAAP 2023,XBRL Document Created with the Workiva Platform,10-K,http://www.sec.gov/Archives/edgar/data/915389/000091538924000016/emn-20231231.htm,2024-02-14,2024,674755,https://www.sec.gov/Archives/edgar/data/915389/000091538924000016/0000915389-24-000016-index.htm,2821,10k-emn-20231231
DQC.US.0137.9838,"2024-02-16 15:21:25,029 [DQC.US.0137.9838] The element us-gaap:OperatingLeaseLiabilityCurrent with a value of 6,454,000 has been used in the filing with the axis BalanceSheetLocationAxis.  This is the only fact reported with this element.  Rather than using the BalanceSheetLocationAxis the filer should use the extensible enumeration element to indicate the location of the item in the financial statements. In this case the element us-gaap:OperatingLeaseLiabilityCurrentStatementOfFinancialPositionExtensibleList should be used to identify the account where the element us-gaap:OperatingLeaseLiabilityCurrent is included. 

 
Period :2022-12-31
Dimensions : us-gaap:BalanceSheetLocationAxis=us-gaap:AccruedLiabilitiesMember
Unit : USD
Decimals: -3

Rule Element Id:9838
Rule version: 23.0.4 - lscc20231206_10k.htm 7409",2024-02-16,ERROR,DQC,137,855658,Lattice Semiconductor Corporation,2024-02-16 14:56:00,0001437749-24-004522,US GAAP 2023,Generated by ThunderDome XBRL - 06:08PM UTC 2024-02-16,10-K,http://www.sec.gov/Archives/edgar/data/855658/000143774924004522/lscc20231206_10k.htm,2024-02-16,2024,675714,https://www.sec.gov/Archives/edgar/data/855658/000143774924004522/0001437749-24-004522-index.htm,3674,10k-lscc-20231230
DQC.US.0137.9838,"2024-02-26 09:22:56,168 [DQC.US.0137.9838] The element us-gaap:OperatingLeaseLiabilityCurrent with a value of 86,000,000 has been used in the filing with the axis BalanceSheetLocationAxis.  This is the only fact reported with this element.  Rather than using the BalanceSheetLocationAxis the filer should use the extensible enumeration element to indicate the location of the item in the financial statements. In this case the element us-gaap:OperatingLeaseLiabilityCurrentStatementOfFinancialPositionExtensibleList should be used to identify the account where the element us-gaap:OperatingLeaseLiabilityCurrent is included. 

 
Period :2022-12-31
Dimensions : us-gaap:BalanceSheetLocationAxis=us-gaap:OtherCurrentLiabilitiesMember
Unit : USD
Decimals: -6

Rule Element Id:9838
Rule version: 23.0.5 - jbht20231231_10k.htm 10801",2024-02-26,ERROR,DQC,137,728535,"J.B. HUNT TRANSPORT SERVICES, INC.",2024-02-23 16:01:00,0001437749-24-005368,US GAAP 2023,Generated by ThunderDome XBRL - 07:42PM UTC 2024-02-23,10-K,http://www.sec.gov/Archives/edgar/data/728535/000143774924005368/jbht20231231_10k.htm,2024-02-23,2024,678336,https://www.sec.gov/Archives/edgar/data/728535/000143774924005368/0001437749-24-005368-index.htm,4213,10k-jbht-20231231
DQC.US.0137.9838,"2024-02-26 09:22:56,168 [DQC.US.0137.9838] The element us-gaap:OperatingLeaseLiabilityNoncurrent with a value of 223,500,000 has been used in the filing with the axis BalanceSheetLocationAxis.  This is the only fact reported with this element.  Rather than using the BalanceSheetLocationAxis the filer should use the extensible enumeration element to indicate the location of the item in the financial statements. In this case the element us-gaap:OperatingLeaseLiabilityNoncurrentStatementOfFinancialPositionExtensibleList should be used to identify the account where the element us-gaap:OperatingLeaseLiabilityNoncurrent is included. 

 
Period :2022-12-31
Dimensions : us-gaap:BalanceSheetLocationAxis=us-gaap:OtherNoncurrentLiabilitiesMember
Unit : USD
Decimals: -5

Rule Element Id:9838
Rule version: 23.0.5 - jbht20231231_10k.htm 10814",2024-02-26,ERROR,DQC,137,728535,"J.B. HUNT TRANSPORT SERVICES, INC.",2024-02-23 16:01:00,0001437749-24-005368,US GAAP 2023,Generated by ThunderDome XBRL - 07:42PM UTC 2024-02-23,10-K,http://www.sec.gov/Archives/edgar/data/728535/000143774924005368/jbht20231231_10k.htm,2024-02-23,2024,678336,https://www.sec.gov/Archives/edgar/data/728535/000143774924005368/0001437749-24-005368-index.htm,4213,10k-jbht-20231231
DQC.US.0137.9838,"2024-02-26 09:22:56,185 [DQC.US.0137.9838] The element us-gaap:OperatingLeaseRightOfUseAsset with a value of 309,900,000 has been used in the filing with the axis BalanceSheetLocationAxis.  This is the only fact reported with this element.  Rather than using the BalanceSheetLocationAxis the filer should use the extensible enumeration element to indicate the location of the item in the financial statements. In this case the element us-gaap:OperatingLeaseRightOfUseAssetStatementOfFinancialPositionExtensibleList should be used to identify the account where the element us-gaap:OperatingLeaseRightOfUseAsset is included. 

 
Period :2022-12-31
Dimensions : us-gaap:BalanceSheetLocationAxis=us-gaap:OtherNoncurrentAssetsMember
Unit : USD
Decimals: -5

Rule Element Id:9838
Rule version: 23.0.5 - jbht20231231_10k.htm 10788",2024-02-26,ERROR,DQC,137,728535,"J.B. HUNT TRANSPORT SERVICES, INC.",2024-02-23 16:01:00,0001437749-24-005368,US GAAP 2023,Generated by ThunderDome XBRL - 07:42PM UTC 2024-02-23,10-K,http://www.sec.gov/Archives/edgar/data/728535/000143774924005368/jbht20231231_10k.htm,2024-02-23,2024,678336,https://www.sec.gov/Archives/edgar/data/728535/000143774924005368/0001437749-24-005368-index.htm,4213,10k-jbht-20231231
DQC.US.0137.9838,"2024-02-26 09:22:56,186 [DQC.US.0137.9838] The element us-gaap:OperatingLeaseLiabilityCurrent with a value of 99,900,000 has been used in the filing with the axis BalanceSheetLocationAxis.  This is the only fact reported with this element.  Rather than using the BalanceSheetLocationAxis the filer should use the extensible enumeration element to indicate the location of the item in the financial statements. In this case the element us-gaap:OperatingLeaseLiabilityCurrentStatementOfFinancialPositionExtensibleList should be used to identify the account where the element us-gaap:OperatingLeaseLiabilityCurrent is included. 

 
Period :2023-12-31
Dimensions : us-gaap:BalanceSheetLocationAxis=us-gaap:OtherCurrentLiabilitiesMember
Unit : USD
Decimals: -5

Rule Element Id:9838
Rule version: 23.0.5 - jbht20231231_10k.htm 10797",2024-02-26,ERROR,DQC,137,728535,"J.B. HUNT TRANSPORT SERVICES, INC.",2024-02-23 16:01:00,0001437749-24-005368,US GAAP 2023,Generated by ThunderDome XBRL - 07:42PM UTC 2024-02-23,10-K,http://www.sec.gov/Archives/edgar/data/728535/000143774924005368/jbht20231231_10k.htm,2024-02-23,2024,678336,https://www.sec.gov/Archives/edgar/data/728535/000143774924005368/0001437749-24-005368-index.htm,4213,10k-jbht-20231231
DQC.US.0137.9838,"2024-02-26 09:22:56,186 [DQC.US.0137.9838] The element us-gaap:OperatingLeaseLiabilityNoncurrent with a value of 252,900,000 has been used in the filing with the axis BalanceSheetLocationAxis.  This is the only fact reported with this element.  Rather than using the BalanceSheetLocationAxis the filer should use the extensible enumeration element to indicate the location of the item in the financial statements. In this case the element us-gaap:OperatingLeaseLiabilityNoncurrentStatementOfFinancialPositionExtensibleList should be used to identify the account where the element us-gaap:OperatingLeaseLiabilityNoncurrent is included. 

 
Period :2023-12-31
Dimensions : us-gaap:BalanceSheetLocationAxis=us-gaap:OtherNoncurrentLiabilitiesMember
Unit : USD
Decimals: -5

Rule Element Id:9838
Rule version: 23.0.5 - jbht20231231_10k.htm 10810",2024-02-26,ERROR,DQC,137,728535,"J.B. HUNT TRANSPORT SERVICES, INC.",2024-02-23 16:01:00,0001437749-24-005368,US GAAP 2023,Generated by ThunderDome XBRL - 07:42PM UTC 2024-02-23,10-K,http://www.sec.gov/Archives/edgar/data/728535/000143774924005368/jbht20231231_10k.htm,2024-02-23,2024,678336,https://www.sec.gov/Archives/edgar/data/728535/000143774924005368/0001437749-24-005368-index.htm,4213,10k-jbht-20231231
DQC.US.0137.9838,"2024-02-26 09:22:56,186 [DQC.US.0137.9838] The element us-gaap:OperatingLeaseLiability with a value of 352,800,000 has been used in the filing with the axis BalanceSheetLocationAxis.  This is the only fact reported with this element.  Rather than using the BalanceSheetLocationAxis the filer should use the extensible enumeration element to indicate the location of the item in the financial statements. In this case the element us-gaap:OperatingLeaseLiabilityStatementOfFinancialPositionExtensibleList should be used to identify the account where the element us-gaap:OperatingLeaseLiability is included. 

 
Period :2023-12-31
Dimensions : us-gaap:BalanceSheetLocationAxis=jbht:OtherAccruedExpensesAndOtherLongtermLiabilitiesMember
Unit : USD
Decimals: -5

Rule Element Id:9838
Rule version: 23.0.5 - jbht20231231_10k.htm 10912",2024-02-26,ERROR,DQC,137,728535,"J.B. HUNT TRANSPORT SERVICES, INC.",2024-02-23 16:01:00,0001437749-24-005368,US GAAP 2023,Generated by ThunderDome XBRL - 07:42PM UTC 2024-02-23,10-K,http://www.sec.gov/Archives/edgar/data/728535/000143774924005368/jbht20231231_10k.htm,2024-02-23,2024,678336,https://www.sec.gov/Archives/edgar/data/728535/000143774924005368/0001437749-24-005368-index.htm,4213,10k-jbht-20231231
DQC.US.0137.9838,"2024-02-26 09:22:56,187 [DQC.US.0137.9838] The element us-gaap:OperatingLeaseRightOfUseAsset with a value of 350,200,000 has been used in the filing with the axis BalanceSheetLocationAxis.  This is the only fact reported with this element.  Rather than using the BalanceSheetLocationAxis the filer should use the extensible enumeration element to indicate the location of the item in the financial statements. In this case the element us-gaap:OperatingLeaseRightOfUseAssetStatementOfFinancialPositionExtensibleList should be used to identify the account where the element us-gaap:OperatingLeaseRightOfUseAsset is included. 

 
Period :2023-12-31
Dimensions : us-gaap:BalanceSheetLocationAxis=us-gaap:OtherNoncurrentAssetsMember
Unit : USD
Decimals: -5

Rule Element Id:9838
Rule version: 23.0.5 - jbht20231231_10k.htm 10784",2024-02-26,ERROR,DQC,137,728535,"J.B. HUNT TRANSPORT SERVICES, INC.",2024-02-23 16:01:00,0001437749-24-005368,US GAAP 2023,Generated by ThunderDome XBRL - 07:42PM UTC 2024-02-23,10-K,http://www.sec.gov/Archives/edgar/data/728535/000143774924005368/jbht20231231_10k.htm,2024-02-23,2024,678336,https://www.sec.gov/Archives/edgar/data/728535/000143774924005368/0001437749-24-005368-index.htm,4213,10k-jbht-20231231
DQC.US.0137.9838,"2024-02-27 15:03:00,150 [DQC.US.0137.9838] The element us-gaap:OperatingLeaseLiabilityNoncurrent with a value of 169,968,000 has been used in the filing with the axis BalanceSheetLocationAxis.  This is the only fact reported with this element.  Rather than using the BalanceSheetLocationAxis the filer should use the extensible enumeration element to indicate the location of the item in the financial statements. In this case the element us-gaap:OperatingLeaseLiabilityNoncurrentStatementOfFinancialPositionExtensibleList should be used to identify the account where the element us-gaap:OperatingLeaseLiabilityNoncurrent is included. 

 
Period :2023-01-01
Dimensions : us-gaap:BalanceSheetLocationAxis=us-gaap:OtherNoncurrentLiabilitiesMember
Unit : USD
Decimals: -3

Rule Element Id:9838
Rule version: 23.0.5 - pki-20231231.htm 5",2024-02-27,ERROR,DQC,137,31791,"Revvity, Inc.",2024-02-27 14:10:00,0000031791-24-000004,US GAAP 2023,XBRL Document Created with the Workiva Platform,10-K,http://www.sec.gov/Archives/edgar/data/31791/000003179124000004/pki-20231231.htm,2024-02-27,2024,679199,https://www.sec.gov/Archives/edgar/data/31791/000003179124000004/0000031791-24-000004-index.htm,3826,10k-pki-20231231
DQC.US.0137.9838,"2024-02-27 15:03:00,151 [DQC.US.0137.9838] The element us-gaap:OperatingLeaseLiabilityNoncurrent with a value of 132,747,000 has been used in the filing with the axis BalanceSheetLocationAxis.  This is the only fact reported with this element.  Rather than using the BalanceSheetLocationAxis the filer should use the extensible enumeration element to indicate the location of the item in the financial statements. In this case the element us-gaap:OperatingLeaseLiabilityNoncurrentStatementOfFinancialPositionExtensibleList should be used to identify the account where the element us-gaap:OperatingLeaseLiabilityNoncurrent is included. 

 
Period :2023-12-31
Dimensions : us-gaap:BalanceSheetLocationAxis=us-gaap:OtherNoncurrentLiabilitiesMember
Unit : USD
Decimals: -3

Rule Element Id:9838
Rule version: 23.0.5 - pki-20231231.htm 5",2024-02-27,ERROR,DQC,137,31791,"Revvity, Inc.",2024-02-27 14:10:00,0000031791-24-000004,US GAAP 2023,XBRL Document Created with the Workiva Platform,10-K,http://www.sec.gov/Archives/edgar/data/31791/000003179124000004/pki-20231231.htm,2024-02-27,2024,679199,https://www.sec.gov/Archives/edgar/data/31791/000003179124000004/0000031791-24-000004-index.htm,3826,10k-pki-20231231
DQC.US.0137.9838,"2024-02-28 08:31:48,916 [DQC.US.0137.9838] The element us-gaap:OperatingLeaseLiability with a value of 710,000 has been used in the filing with the axis BalanceSheetLocationAxis.  This is the only fact reported with this element.  Rather than using the BalanceSheetLocationAxis the filer should use the extensible enumeration element to indicate the location of the item in the financial statements. In this case the element us-gaap:OperatingLeaseLiabilityStatementOfFinancialPositionExtensibleList should be used to identify the account where the element us-gaap:OperatingLeaseLiability is included. 

 
Period :2022-12-31
Dimensions : us-gaap:BalanceSheetLocationAxis=us-gaap:OtherLiabilitiesMember
Unit : USD
Decimals: -4

Rule Element Id:9838
Rule version: 23.0.5 - mrtn20231231_10k.htm 9547",2024-02-28,ERROR,DQC,137,799167,"MARTEN TRANSPORT, LTD.",2024-02-28 06:30:00,0001437749-24-005794,US GAAP 2023,Generated by ThunderDome XBRL - 11:14PM UTC 2024-02-22,10-K,http://www.sec.gov/Archives/edgar/data/799167/000143774924005794/mrtn20231231_10k.htm,2024-02-28,2024,679716,https://www.sec.gov/Archives/edgar/data/799167/000143774924005794/0001437749-24-005794-index.htm,4213,10k-mrtn-20231231
DQC.US.0137.9838,"2024-02-28 08:31:48,917 [DQC.US.0137.9838] The element us-gaap:OperatingLeaseLiabilityCurrent with a value of 301,000 has been used in the filing with the axis BalanceSheetLocationAxis.  This is the only fact reported with this element.  Rather than using the BalanceSheetLocationAxis the filer should use the extensible enumeration element to indicate the location of the item in the financial statements. In this case the element us-gaap:OperatingLeaseLiabilityCurrentStatementOfFinancialPositionExtensibleList should be used to identify the account where the element us-gaap:OperatingLeaseLiabilityCurrent is included. 

 
Period :2022-12-31
Dimensions : us-gaap:BalanceSheetLocationAxis=mrtn:AccruedAndOtherCurrentLiabilitiesMember
Unit : USD
Decimals: -3

Rule Element Id:9838
Rule version: 23.0.5 - mrtn20231231_10k.htm 9521",2024-02-28,ERROR,DQC,137,799167,"MARTEN TRANSPORT, LTD.",2024-02-28 06:30:00,0001437749-24-005794,US GAAP 2023,Generated by ThunderDome XBRL - 11:14PM UTC 2024-02-22,10-K,http://www.sec.gov/Archives/edgar/data/799167/000143774924005794/mrtn20231231_10k.htm,2024-02-28,2024,679716,https://www.sec.gov/Archives/edgar/data/799167/000143774924005794/0001437749-24-005794-index.htm,4213,10k-mrtn-20231231
DQC.US.0137.9838,"2024-02-28 08:31:48,917 [DQC.US.0137.9838] The element us-gaap:OperatingLeaseLiabilityNoncurrent with a value of 409,000 has been used in the filing with the axis BalanceSheetLocationAxis.  This is the only fact reported with this element.  Rather than using the BalanceSheetLocationAxis the filer should use the extensible enumeration element to indicate the location of the item in the financial statements. In this case the element us-gaap:OperatingLeaseLiabilityNoncurrentStatementOfFinancialPositionExtensibleList should be used to identify the account where the element us-gaap:OperatingLeaseLiabilityNoncurrent is included. 

 
Period :2022-12-31
Dimensions : us-gaap:BalanceSheetLocationAxis=us-gaap:OtherNoncurrentLiabilitiesMember
Unit : USD
Decimals: -3

Rule Element Id:9838
Rule version: 23.0.5 - mrtn20231231_10k.htm 9534",2024-02-28,ERROR,DQC,137,799167,"MARTEN TRANSPORT, LTD.",2024-02-28 06:30:00,0001437749-24-005794,US GAAP 2023,Generated by ThunderDome XBRL - 11:14PM UTC 2024-02-22,10-K,http://www.sec.gov/Archives/edgar/data/799167/000143774924005794/mrtn20231231_10k.htm,2024-02-28,2024,679716,https://www.sec.gov/Archives/edgar/data/799167/000143774924005794/0001437749-24-005794-index.htm,4213,10k-mrtn-20231231
DQC.US.0137.9838,"2024-02-28 08:31:48,917 [DQC.US.0137.9838] The element us-gaap:OperatingLeaseRightOfUseAsset with a value of 710,000 has been used in the filing with the axis BalanceSheetLocationAxis.  This is the only fact reported with this element.  Rather than using the BalanceSheetLocationAxis the filer should use the extensible enumeration element to indicate the location of the item in the financial statements. In this case the element us-gaap:OperatingLeaseRightOfUseAssetStatementOfFinancialPositionExtensibleList should be used to identify the account where the element us-gaap:OperatingLeaseRightOfUseAsset is included. 

 
Period :2022-12-31
Dimensions : us-gaap:BalanceSheetLocationAxis=us-gaap:OtherNoncurrentAssetsMember
Unit : USD
Decimals: -4

Rule Element Id:9838
Rule version: 23.0.5 - mrtn20231231_10k.htm 9495",2024-02-28,ERROR,DQC,137,799167,"MARTEN TRANSPORT, LTD.",2024-02-28 06:30:00,0001437749-24-005794,US GAAP 2023,Generated by ThunderDome XBRL - 11:14PM UTC 2024-02-22,10-K,http://www.sec.gov/Archives/edgar/data/799167/000143774924005794/mrtn20231231_10k.htm,2024-02-28,2024,679716,https://www.sec.gov/Archives/edgar/data/799167/000143774924005794/0001437749-24-005794-index.htm,4213,10k-mrtn-20231231
DQC.US.0137.9838,"2024-02-28 08:31:48,918 [DQC.US.0137.9838] The element us-gaap:OperatingLeaseLiabilityCurrent with a value of 268,000 has been used in the filing with the axis BalanceSheetLocationAxis.  This is the only fact reported with this element.  Rather than using the BalanceSheetLocationAxis the filer should use the extensible enumeration element to indicate the location of the item in the financial statements. In this case the element us-gaap:OperatingLeaseLiabilityCurrentStatementOfFinancialPositionExtensibleList should be used to identify the account where the element us-gaap:OperatingLeaseLiabilityCurrent is included. 

 
Period :2023-12-31
Dimensions : us-gaap:BalanceSheetLocationAxis=mrtn:AccruedAndOtherCurrentLiabilitiesMember
Unit : USD
Decimals: -3

Rule Element Id:9838
Rule version: 23.0.5 - mrtn20231231_10k.htm 9517",2024-02-28,ERROR,DQC,137,799167,"MARTEN TRANSPORT, LTD.",2024-02-28 06:30:00,0001437749-24-005794,US GAAP 2023,Generated by ThunderDome XBRL - 11:14PM UTC 2024-02-22,10-K,http://www.sec.gov/Archives/edgar/data/799167/000143774924005794/mrtn20231231_10k.htm,2024-02-28,2024,679716,https://www.sec.gov/Archives/edgar/data/799167/000143774924005794/0001437749-24-005794-index.htm,4213,10k-mrtn-20231231
DQC.US.0137.9838,"2024-02-28 08:31:48,918 [DQC.US.0137.9838] The element us-gaap:OperatingLeaseLiability with a value of 517,000 has been used in the filing with the axis BalanceSheetLocationAxis.  This is the only fact reported with this element.  Rather than using the BalanceSheetLocationAxis the filer should use the extensible enumeration element to indicate the location of the item in the financial statements. In this case the element us-gaap:OperatingLeaseLiabilityStatementOfFinancialPositionExtensibleList should be used to identify the account where the element us-gaap:OperatingLeaseLiability is included. 

 
Period :2023-12-31
Dimensions : us-gaap:BalanceSheetLocationAxis=us-gaap:OtherLiabilitiesMember
Unit : USD
Decimals: -3

Rule Element Id:9838
Rule version: 23.0.5 - mrtn20231231_10k.htm 9543",2024-02-28,ERROR,DQC,137,799167,"MARTEN TRANSPORT, LTD.",2024-02-28 06:30:00,0001437749-24-005794,US GAAP 2023,Generated by ThunderDome XBRL - 11:14PM UTC 2024-02-22,10-K,http://www.sec.gov/Archives/edgar/data/799167/000143774924005794/mrtn20231231_10k.htm,2024-02-28,2024,679716,https://www.sec.gov/Archives/edgar/data/799167/000143774924005794/0001437749-24-005794-index.htm,4213,10k-mrtn-20231231
DQC.US.0137.9838,"2024-02-28 08:31:48,919 [DQC.US.0137.9838] The element us-gaap:OperatingLeaseLiabilityNoncurrent with a value of 249,000 has been used in the filing with the axis BalanceSheetLocationAxis.  This is the only fact reported with this element.  Rather than using the BalanceSheetLocationAxis the filer should use the extensible enumeration element to indicate the location of the item in the financial statements. In this case the element us-gaap:OperatingLeaseLiabilityNoncurrentStatementOfFinancialPositionExtensibleList should be used to identify the account where the element us-gaap:OperatingLeaseLiabilityNoncurrent is included. 

 
Period :2023-12-31
Dimensions : us-gaap:BalanceSheetLocationAxis=us-gaap:OtherNoncurrentLiabilitiesMember
Unit : USD
Decimals: -3

Rule Element Id:9838
Rule version: 23.0.5 - mrtn20231231_10k.htm 9530",2024-02-28,ERROR,DQC,137,799167,"MARTEN TRANSPORT, LTD.",2024-02-28 06:30:00,0001437749-24-005794,US GAAP 2023,Generated by ThunderDome XBRL - 11:14PM UTC 2024-02-22,10-K,http://www.sec.gov/Archives/edgar/data/799167/000143774924005794/mrtn20231231_10k.htm,2024-02-28,2024,679716,https://www.sec.gov/Archives/edgar/data/799167/000143774924005794/0001437749-24-005794-index.htm,4213,10k-mrtn-20231231
DQC.US.0137.9838,"2024-02-28 08:31:48,919 [DQC.US.0137.9838] The element us-gaap:OperatingLeaseRightOfUseAsset with a value of 517,000 has been used in the filing with the axis BalanceSheetLocationAxis.  This is the only fact reported with this element.  Rather than using the BalanceSheetLocationAxis the filer should use the extensible enumeration element to indicate the location of the item in the financial statements. In this case the element us-gaap:OperatingLeaseRightOfUseAssetStatementOfFinancialPositionExtensibleList should be used to identify the account where the element us-gaap:OperatingLeaseRightOfUseAsset is included. 

 
Period :2023-12-31
Dimensions : us-gaap:BalanceSheetLocationAxis=us-gaap:OtherNoncurrentAssetsMember
Unit : USD
Decimals: -3

Rule Element Id:9838
Rule version: 23.0.5 - mrtn20231231_10k.htm 9491",2024-02-28,ERROR,DQC,137,799167,"MARTEN TRANSPORT, LTD.",2024-02-28 06:30:00,0001437749-24-005794,US GAAP 2023,Generated by ThunderDome XBRL - 11:14PM UTC 2024-02-22,10-K,http://www.sec.gov/Archives/edgar/data/799167/000143774924005794/mrtn20231231_10k.htm,2024-02-28,2024,679716,https://www.sec.gov/Archives/edgar/data/799167/000143774924005794/0001437749-24-005794-index.htm,4213,10k-mrtn-20231231
DQC.US.0137.9838,"2024-02-28 15:35:48,748 [DQC.US.0137.9838] The element us-gaap:FinanceLeaseRightOfUseAsset with a value of 5,300,000 has been used in the filing with the axis BalanceSheetLocationAxis.  This is the only fact reported with this element.  Rather than using the BalanceSheetLocationAxis the filer should use the extensible enumeration element to indicate the location of the item in the financial statements. In this case the element us-gaap:FinanceLeaseRightOfUseAssetStatementOfFinancialPositionExtensibleList should be used to identify the account where the element us-gaap:FinanceLeaseRightOfUseAsset is included. 

 
Period :2022-12-31
Dimensions : us-gaap:BalanceSheetLocationAxis=cvti:PropertyPlantAndEquipmentNetMember
Unit : USD
Decimals: -5

Rule Element Id:9838
Rule version: 23.0.5 - cvti20231231_10k.htm 7611",2024-02-28,ERROR,DQC,137,928658,"COVENANT LOGISTICS GROUP, INC.",2024-02-28 15:05:00,0001437749-24-005880,US GAAP 2023,Generated by ThunderDome XBRL - 01:58PM UTC 2024-02-28,10-K,http://www.sec.gov/Archives/edgar/data/928658/000143774924005880/cvti20231231_10k.htm,2024-02-28,2024,680042,https://www.sec.gov/Archives/edgar/data/928658/000143774924005880/0001437749-24-005880-index.htm,4213,10k-cvti-20231231
DQC.US.0137.9838,"2024-02-28 15:35:48,749 [DQC.US.0137.9838] The element us-gaap:OperatingLeaseRightOfUseAsset with a value of 58,900,000 has been used in the filing with the axis BalanceSheetLocationAxis.  This is the only fact reported with this element.  Rather than using the BalanceSheetLocationAxis the filer should use the extensible enumeration element to indicate the location of the item in the financial statements. In this case the element us-gaap:OperatingLeaseRightOfUseAssetStatementOfFinancialPositionExtensibleList should be used to identify the account where the element us-gaap:OperatingLeaseRightOfUseAsset is included. 

 
Period :2022-12-31
Dimensions : us-gaap:BalanceSheetLocationAxis=cvti:PropertyPlantAndEquipmentNetMember
Unit : USD
Decimals: -5

Rule Element Id:9838
Rule version: 23.0.5 - cvti20231231_10k.htm 7611",2024-02-28,ERROR,DQC,137,928658,"COVENANT LOGISTICS GROUP, INC.",2024-02-28 15:05:00,0001437749-24-005880,US GAAP 2023,Generated by ThunderDome XBRL - 01:58PM UTC 2024-02-28,10-K,http://www.sec.gov/Archives/edgar/data/928658/000143774924005880/cvti20231231_10k.htm,2024-02-28,2024,680042,https://www.sec.gov/Archives/edgar/data/928658/000143774924005880/0001437749-24-005880-index.htm,4213,10k-cvti-20231231
DQC.US.0137.9838,"2024-02-28 15:35:48,750 [DQC.US.0137.9838] The element us-gaap:FinanceLeaseRightOfUseAsset with a value of 6,400,000 has been used in the filing with the axis BalanceSheetLocationAxis.  This is the only fact reported with this element.  Rather than using the BalanceSheetLocationAxis the filer should use the extensible enumeration element to indicate the location of the item in the financial statements. In this case the element us-gaap:FinanceLeaseRightOfUseAssetStatementOfFinancialPositionExtensibleList should be used to identify the account where the element us-gaap:FinanceLeaseRightOfUseAsset is included. 

 
Period :2023-12-31
Dimensions : us-gaap:BalanceSheetLocationAxis=cvti:PropertyPlantAndEquipmentNetMember
Unit : USD
Decimals: -5

Rule Element Id:9838
Rule version: 23.0.5 - cvti20231231_10k.htm 7611",2024-02-28,ERROR,DQC,137,928658,"COVENANT LOGISTICS GROUP, INC.",2024-02-28 15:05:00,0001437749-24-005880,US GAAP 2023,Generated by ThunderDome XBRL - 01:58PM UTC 2024-02-28,10-K,http://www.sec.gov/Archives/edgar/data/928658/000143774924005880/cvti20231231_10k.htm,2024-02-28,2024,680042,https://www.sec.gov/Archives/edgar/data/928658/000143774924005880/0001437749-24-005880-index.htm,4213,10k-cvti-20231231
DQC.US.0137.9838,"2024-07-25 09:35:31,171 [DQC.US.0137.9838] The element us-gaap:OperatingLeaseLiabilityNoncurrent with a value of 3,285,000 has been used in the filing with the axis BalanceSheetLocationAxis.  This is the only fact reported with this element.  Rather than using the BalanceSheetLocationAxis the filer should use the extensible enumeration element to indicate the location of the item in the financial statements. In this case the element us-gaap:OperatingLeaseLiabilityNoncurrentStatementOfFinancialPositionExtensibleList should be used to identify the account where the element us-gaap:OperatingLeaseLiabilityNoncurrent is included. 

 
Period :2024-06-30
Dimensions : us-gaap:BalanceSheetLocationAxis=us-gaap:OtherNoncurrentLiabilitiesMember
Unit : USD
Decimals: -3

Rule Element Id:9838
Rule version: 24.0.1 - ulbi20240630_10q.htm 6059",2024-07-25,ERROR,DQC,137,875657,ULTRALIFE CORPORATION,2024-07-25 07:31:00,0001437749-24-023416,US GAAP 2024,Generated by ThunderDome XBRL - 05:39PM UTC 2024-07-24,10-Q,http://www.sec.gov/Archives/edgar/data/875657/000143774924023416/ulbi20240630_10q.htm,2024-07-25,2024,741486,https://www.sec.gov/Archives/edgar/data/875657/000143774924023416/0001437749-24-023416-index.htm,3690,10q-ulbi-20240630
DQC.US.0137.9838,"2024-07-25 09:35:31,171 [DQC.US.0137.9838] The element us-gaap:OperatingLeaseRightOfUseAsset with a value of 4,325,000 has been used in the filing with the axis BalanceSheetLocationAxis.  This is the only fact reported with this element.  Rather than using the BalanceSheetLocationAxis the filer should use the extensible enumeration element to indicate the location of the item in the financial statements. In this case the element us-gaap:OperatingLeaseRightOfUseAssetStatementOfFinancialPositionExtensibleList should be used to identify the account where the element us-gaap:OperatingLeaseRightOfUseAsset is included. 

 
Period :2024-06-30
Dimensions : us-gaap:BalanceSheetLocationAxis=us-gaap:OtherNoncurrentAssetsMember
Unit : USD
Decimals: -3

Rule Element Id:9838
Rule version: 24.0.1 - ulbi20240630_10q.htm 6001",2024-07-25,ERROR,DQC,137,875657,ULTRALIFE CORPORATION,2024-07-25 07:31:00,0001437749-24-023416,US GAAP 2024,Generated by ThunderDome XBRL - 05:39PM UTC 2024-07-24,10-Q,http://www.sec.gov/Archives/edgar/data/875657/000143774924023416/ulbi20240630_10q.htm,2024-07-25,2024,741486,https://www.sec.gov/Archives/edgar/data/875657/000143774924023416/0001437749-24-023416-index.htm,3690,10q-ulbi-20240630
DQC.US.0137.9838,"2024-07-25 09:35:31,172 [DQC.US.0137.9838] The element us-gaap:OperatingLeaseLiabilityCurrent with a value of 1,017,000 has been used in the filing with the axis BalanceSheetLocationAxis.  This is the only fact reported with this element.  Rather than using the BalanceSheetLocationAxis the filer should use the extensible enumeration element to indicate the location of the item in the financial statements. In this case the element us-gaap:OperatingLeaseLiabilityCurrentStatementOfFinancialPositionExtensibleList should be used to identify the account where the element us-gaap:OperatingLeaseLiabilityCurrent is included. 

 
Period :2024-06-30
Dimensions : us-gaap:BalanceSheetLocationAxis=ulbi:AccruedExpensesAndOtherCurrentLiabilitiesMember
Unit : USD
Decimals: -3

Rule Element Id:9838
Rule version: 24.0.1 - ulbi20240630_10q.htm 6043",2024-07-25,ERROR,DQC,137,875657,ULTRALIFE CORPORATION,2024-07-25 07:31:00,0001437749-24-023416,US GAAP 2024,Generated by ThunderDome XBRL - 05:39PM UTC 2024-07-24,10-Q,http://www.sec.gov/Archives/edgar/data/875657/000143774924023416/ulbi20240630_10q.htm,2024-07-25,2024,741486,https://www.sec.gov/Archives/edgar/data/875657/000143774924023416/0001437749-24-023416-index.htm,3690,10q-ulbi-20240630
DQC.US.0137.9838,"2024-07-25 09:35:31,172 [DQC.US.0137.9838] The element us-gaap:OperatingLeaseLiability with a value of 4,302,000 has been used in the filing with the axis BalanceSheetLocationAxis.  This is the only fact reported with this element.  Rather than using the BalanceSheetLocationAxis the filer should use the extensible enumeration element to indicate the location of the item in the financial statements. In this case the element us-gaap:OperatingLeaseLiabilityStatementOfFinancialPositionExtensibleList should be used to identify the account where the element us-gaap:OperatingLeaseLiability is included. 

 
Period :2024-06-30
Dimensions : us-gaap:BalanceSheetLocationAxis=ulbi:AccruedExpensesAndOtherCurrentLiabilitesAndOtherNoncurrentLiabilitiesMember
Unit : USD
Decimals: -3

Rule Element Id:9838
Rule version: 24.0.1 - ulbi20240630_10q.htm 6072",2024-07-25,ERROR,DQC,137,875657,ULTRALIFE CORPORATION,2024-07-25 07:31:00,0001437749-24-023416,US GAAP 2024,Generated by ThunderDome XBRL - 05:39PM UTC 2024-07-24,10-Q,http://www.sec.gov/Archives/edgar/data/875657/000143774924023416/ulbi20240630_10q.htm,2024-07-25,2024,741486,https://www.sec.gov/Archives/edgar/data/875657/000143774924023416/0001437749-24-023416-index.htm,3690,10q-ulbi-20240630
DQC.US.0137.9838,"2024-07-25 09:35:31,172 [DQC.US.0137.9838] The element us-gaap:OperatingLeaseRightOfUseAsset with a value of 3,589,000 has been used in the filing with the axis BalanceSheetLocationAxis.  This is the only fact reported with this element.  Rather than using the BalanceSheetLocationAxis the filer should use the extensible enumeration element to indicate the location of the item in the financial statements. In this case the element us-gaap:OperatingLeaseRightOfUseAssetStatementOfFinancialPositionExtensibleList should be used to identify the account where the element us-gaap:OperatingLeaseRightOfUseAsset is included. 

 
Period :2023-12-31
Dimensions : us-gaap:BalanceSheetLocationAxis=us-gaap:OtherNoncurrentAssetsMember
Unit : USD
Decimals: -3

Rule Element Id:9838
Rule version: 24.0.1 - ulbi20240630_10q.htm 6005",2024-07-25,ERROR,DQC,137,875657,ULTRALIFE CORPORATION,2024-07-25 07:31:00,0001437749-24-023416,US GAAP 2024,Generated by ThunderDome XBRL - 05:39PM UTC 2024-07-24,10-Q,http://www.sec.gov/Archives/edgar/data/875657/000143774924023416/ulbi20240630_10q.htm,2024-07-25,2024,741486,https://www.sec.gov/Archives/edgar/data/875657/000143774924023416/0001437749-24-023416-index.htm,3690,10q-ulbi-20240630
DQC.US.0137.9838,"2024-07-25 09:35:31,173 [DQC.US.0137.9838] The element us-gaap:OperatingLeaseLiabilityNoncurrent with a value of 2,644,000 has been used in the filing with the axis BalanceSheetLocationAxis.  This is the only fact reported with this element.  Rather than using the BalanceSheetLocationAxis the filer should use the extensible enumeration element to indicate the location of the item in the financial statements. In this case the element us-gaap:OperatingLeaseLiabilityNoncurrentStatementOfFinancialPositionExtensibleList should be used to identify the account where the element us-gaap:OperatingLeaseLiabilityNoncurrent is included. 

 
Period :2023-12-31
Dimensions : us-gaap:BalanceSheetLocationAxis=us-gaap:OtherNoncurrentLiabilitiesMember
Unit : USD
Decimals: -3

Rule Element Id:9838
Rule version: 24.0.1 - ulbi20240630_10q.htm 6063",2024-07-25,ERROR,DQC,137,875657,ULTRALIFE CORPORATION,2024-07-25 07:31:00,0001437749-24-023416,US GAAP 2024,Generated by ThunderDome XBRL - 05:39PM UTC 2024-07-24,10-Q,http://www.sec.gov/Archives/edgar/data/875657/000143774924023416/ulbi20240630_10q.htm,2024-07-25,2024,741486,https://www.sec.gov/Archives/edgar/data/875657/000143774924023416/0001437749-24-023416-index.htm,3690,10q-ulbi-20240630
DQC.US.0137.9838,"2024-07-25 09:35:31,173 [DQC.US.0137.9838] The element us-gaap:OperatingLeaseLiability with a value of 3,538,000 has been used in the filing with the axis BalanceSheetLocationAxis.  This is the only fact reported with this element.  Rather than using the BalanceSheetLocationAxis the filer should use the extensible enumeration element to indicate the location of the item in the financial statements. In this case the element us-gaap:OperatingLeaseLiabilityStatementOfFinancialPositionExtensibleList should be used to identify the account where the element us-gaap:OperatingLeaseLiability is included. 

 
Period :2023-12-31
Dimensions : us-gaap:BalanceSheetLocationAxis=ulbi:AccruedExpensesAndOtherCurrentLiabilitesAndOtherNoncurrentLiabilitiesMember
Unit : USD
Decimals: -3

Rule Element Id:9838
Rule version: 24.0.1 - ulbi20240630_10q.htm 6076",2024-07-25,ERROR,DQC,137,875657,ULTRALIFE CORPORATION,2024-07-25 07:31:00,0001437749-24-023416,US GAAP 2024,Generated by ThunderDome XBRL - 05:39PM UTC 2024-07-24,10-Q,http://www.sec.gov/Archives/edgar/data/875657/000143774924023416/ulbi20240630_10q.htm,2024-07-25,2024,741486,https://www.sec.gov/Archives/edgar/data/875657/000143774924023416/0001437749-24-023416-index.htm,3690,10q-ulbi-20240630
DQC.US.0137.9838,"2024-07-25 09:35:31,174 [DQC.US.0137.9838] The element us-gaap:OperatingLeaseLiabilityCurrent with a value of 894,000 has been used in the filing with the axis BalanceSheetLocationAxis.  This is the only fact reported with this element.  Rather than using the BalanceSheetLocationAxis the filer should use the extensible enumeration element to indicate the location of the item in the financial statements. In this case the element us-gaap:OperatingLeaseLiabilityCurrentStatementOfFinancialPositionExtensibleList should be used to identify the account where the element us-gaap:OperatingLeaseLiabilityCurrent is included. 

 
Period :2023-12-31
Dimensions : us-gaap:BalanceSheetLocationAxis=ulbi:AccruedExpensesAndOtherCurrentLiabilitiesMember
Unit : USD
Decimals: -3

Rule Element Id:9838
Rule version: 24.0.1 - ulbi20240630_10q.htm 6047",2024-07-25,ERROR,DQC,137,875657,ULTRALIFE CORPORATION,2024-07-25 07:31:00,0001437749-24-023416,US GAAP 2024,Generated by ThunderDome XBRL - 05:39PM UTC 2024-07-24,10-Q,http://www.sec.gov/Archives/edgar/data/875657/000143774924023416/ulbi20240630_10q.htm,2024-07-25,2024,741486,https://www.sec.gov/Archives/edgar/data/875657/000143774924023416/0001437749-24-023416-index.htm,3690,10q-ulbi-20240630
DQC.US.0137.9838,"2024-05-16 19:40:23,432 [DQC.US.0137.9838] The element us-gaap:OperatingLeaseLiabilityCurrent with a value of 5,571,000 has been used in the filing with the axis BalanceSheetLocationAxis.  This is the only fact reported with this element.  Rather than using the BalanceSheetLocationAxis the filer should use the extensible enumeration element to indicate the location of the item in the financial statements. In this case the element us-gaap:OperatingLeaseLiabilityCurrentStatementOfFinancialPositionExtensibleList should be used to identify the account where the element us-gaap:OperatingLeaseLiabilityCurrent is included. 

 
Period :2023-12-30
Dimensions : us-gaap:BalanceSheetLocationAxis=us-gaap:AccruedLiabilitiesMember
Unit : USD
Decimals: -3

Rule Element Id:9838
Rule version: 23.0.11 - lscc20240330_10q.htm 3267",2024-05-16,ERROR,DQC,137,855658,Lattice Semiconductor Corporation,2024-04-30 16:05:00,0001437749-24-013962,US GAAP 2024,Generated by ThunderDome XBRL - 12:49PM UTC 2024-04-30,10-Q,http://www.sec.gov/Archives/edgar/data/855658/000143774924013962/lscc20240330_10q.htm,2024-04-30,2024,706436,https://www.sec.gov/Archives/edgar/data/855658/000143774924013962/0001437749-24-013962-index.htm,3674,10q-lscc-20240330
DQC.US.0137.9838,"2024-05-16 18:57:45,140 [DQC.US.0137.9838] The element us-gaap:OperatingLeaseLiabilityCurrent with a value of 894,000 has been used in the filing with the axis BalanceSheetLocationAxis.  This is the only fact reported with this element.  Rather than using the BalanceSheetLocationAxis the filer should use the extensible enumeration element to indicate the location of the item in the financial statements. In this case the element us-gaap:OperatingLeaseLiabilityCurrentStatementOfFinancialPositionExtensibleList should be used to identify the account where the element us-gaap:OperatingLeaseLiabilityCurrent is included. 

 
Period :2023-12-31
Dimensions : us-gaap:BalanceSheetLocationAxis=ulbi:AccruedExpensesAndOtherCurrentLiabilitiesMember
Unit : USD
Decimals: -3

Rule Element Id:9838
Rule version: 23.0.11 - ulbi20240331_10q.htm 4665",2024-05-16,ERROR,DQC,137,875657,ULTRALIFE CORPORATION,2024-04-25 07:31:00,0001437749-24-013121,US GAAP 2024,Generated by ThunderDome XBRL - 10:26PM UTC 2024-04-24,10-Q,http://www.sec.gov/Archives/edgar/data/875657/000143774924013121/ulbi20240331_10q.htm,2024-04-25,2024,703311,https://www.sec.gov/Archives/edgar/data/875657/000143774924013121/0001437749-24-013121-index.htm,3690,10q-ulbi-20240331
DQC.US.0137.9838,"2024-05-16 18:57:45,141 [DQC.US.0137.9838] The element us-gaap:OperatingLeaseLiabilityNoncurrent with a value of 2,644,000 has been used in the filing with the axis BalanceSheetLocationAxis.  This is the only fact reported with this element.  Rather than using the BalanceSheetLocationAxis the filer should use the extensible enumeration element to indicate the location of the item in the financial statements. In this case the element us-gaap:OperatingLeaseLiabilityNoncurrentStatementOfFinancialPositionExtensibleList should be used to identify the account where the element us-gaap:OperatingLeaseLiabilityNoncurrent is included. 

 
Period :2023-12-31
Dimensions : us-gaap:BalanceSheetLocationAxis=us-gaap:OtherNoncurrentLiabilitiesMember
Unit : USD
Decimals: -3

Rule Element Id:9838
Rule version: 23.0.11 - ulbi20240331_10q.htm 4681",2024-05-16,ERROR,DQC,137,875657,ULTRALIFE CORPORATION,2024-04-25 07:31:00,0001437749-24-013121,US GAAP 2024,Generated by ThunderDome XBRL - 10:26PM UTC 2024-04-24,10-Q,http://www.sec.gov/Archives/edgar/data/875657/000143774924013121/ulbi20240331_10q.htm,2024-04-25,2024,703311,https://www.sec.gov/Archives/edgar/data/875657/000143774924013121/0001437749-24-013121-index.htm,3690,10q-ulbi-20240331
DQC.US.0137.9838,"2024-05-16 18:57:45,141 [DQC.US.0137.9838] The element us-gaap:OperatingLeaseLiability with a value of 3,538,000 has been used in the filing with the axis BalanceSheetLocationAxis.  This is the only fact reported with this element.  Rather than using the BalanceSheetLocationAxis the filer should use the extensible enumeration element to indicate the location of the item in the financial statements. In this case the element us-gaap:OperatingLeaseLiabilityStatementOfFinancialPositionExtensibleList should be used to identify the account where the element us-gaap:OperatingLeaseLiability is included. 

 
Period :2023-12-31
Dimensions : us-gaap:BalanceSheetLocationAxis=ulbi:AccruedExpensesAndOtherCurrentLiabilitesAndOtherNoncurrentLiabilitiesMember
Unit : USD
Decimals: -3

Rule Element Id:9838
Rule version: 23.0.11 - ulbi20240331_10q.htm 4694",2024-05-16,ERROR,DQC,137,875657,ULTRALIFE CORPORATION,2024-04-25 07:31:00,0001437749-24-013121,US GAAP 2024,Generated by ThunderDome XBRL - 10:26PM UTC 2024-04-24,10-Q,http://www.sec.gov/Archives/edgar/data/875657/000143774924013121/ulbi20240331_10q.htm,2024-04-25,2024,703311,https://www.sec.gov/Archives/edgar/data/875657/000143774924013121/0001437749-24-013121-index.htm,3690,10q-ulbi-20240331
DQC.US.0137.9838,"2024-05-16 18:57:45,141 [DQC.US.0137.9838] The element us-gaap:OperatingLeaseRightOfUseAsset with a value of 3,589,000 has been used in the filing with the axis BalanceSheetLocationAxis.  This is the only fact reported with this element.  Rather than using the BalanceSheetLocationAxis the filer should use the extensible enumeration element to indicate the location of the item in the financial statements. In this case the element us-gaap:OperatingLeaseRightOfUseAssetStatementOfFinancialPositionExtensibleList should be used to identify the account where the element us-gaap:OperatingLeaseRightOfUseAsset is included. 

 
Period :2023-12-31
Dimensions : us-gaap:BalanceSheetLocationAxis=us-gaap:OtherNoncurrentAssetsMember
Unit : USD
Decimals: -3

Rule Element Id:9838
Rule version: 23.0.11 - ulbi20240331_10q.htm 4623",2024-05-16,ERROR,DQC,137,875657,ULTRALIFE CORPORATION,2024-04-25 07:31:00,0001437749-24-013121,US GAAP 2024,Generated by ThunderDome XBRL - 10:26PM UTC 2024-04-24,10-Q,http://www.sec.gov/Archives/edgar/data/875657/000143774924013121/ulbi20240331_10q.htm,2024-04-25,2024,703311,https://www.sec.gov/Archives/edgar/data/875657/000143774924013121/0001437749-24-013121-index.htm,3690,10q-ulbi-20240331
DQC.US.0137.9838,"2024-05-16 18:57:45,142 [DQC.US.0137.9838] The element us-gaap:OperatingLeaseLiabilityCurrent with a value of 780,000 has been used in the filing with the axis BalanceSheetLocationAxis.  This is the only fact reported with this element.  Rather than using the BalanceSheetLocationAxis the filer should use the extensible enumeration element to indicate the location of the item in the financial statements. In this case the element us-gaap:OperatingLeaseLiabilityCurrentStatementOfFinancialPositionExtensibleList should be used to identify the account where the element us-gaap:OperatingLeaseLiabilityCurrent is included. 

 
Period :2024-03-31
Dimensions : us-gaap:BalanceSheetLocationAxis=ulbi:AccruedExpensesAndOtherCurrentLiabilitiesMember
Unit : USD
Decimals: -4

Rule Element Id:9838
Rule version: 23.0.11 - ulbi20240331_10q.htm 4661",2024-05-16,ERROR,DQC,137,875657,ULTRALIFE CORPORATION,2024-04-25 07:31:00,0001437749-24-013121,US GAAP 2024,Generated by ThunderDome XBRL - 10:26PM UTC 2024-04-24,10-Q,http://www.sec.gov/Archives/edgar/data/875657/000143774924013121/ulbi20240331_10q.htm,2024-04-25,2024,703311,https://www.sec.gov/Archives/edgar/data/875657/000143774924013121/0001437749-24-013121-index.htm,3690,10q-ulbi-20240331
DQC.US.0137.9838,"2024-05-16 18:57:45,142 [DQC.US.0137.9838] The element us-gaap:OperatingLeaseLiabilityNoncurrent with a value of 2,350,000 has been used in the filing with the axis BalanceSheetLocationAxis.  This is the only fact reported with this element.  Rather than using the BalanceSheetLocationAxis the filer should use the extensible enumeration element to indicate the location of the item in the financial statements. In this case the element us-gaap:OperatingLeaseLiabilityNoncurrentStatementOfFinancialPositionExtensibleList should be used to identify the account where the element us-gaap:OperatingLeaseLiabilityNoncurrent is included. 

 
Period :2024-03-31
Dimensions : us-gaap:BalanceSheetLocationAxis=us-gaap:OtherNoncurrentLiabilitiesMember
Unit : USD
Decimals: -4

Rule Element Id:9838
Rule version: 23.0.11 - ulbi20240331_10q.htm 4677",2024-05-16,ERROR,DQC,137,875657,ULTRALIFE CORPORATION,2024-04-25 07:31:00,0001437749-24-013121,US GAAP 2024,Generated by ThunderDome XBRL - 10:26PM UTC 2024-04-24,10-Q,http://www.sec.gov/Archives/edgar/data/875657/000143774924013121/ulbi20240331_10q.htm,2024-04-25,2024,703311,https://www.sec.gov/Archives/edgar/data/875657/000143774924013121/0001437749-24-013121-index.htm,3690,10q-ulbi-20240331
DQC.US.0137.9838,"2024-05-16 18:57:45,142 [DQC.US.0137.9838] The element us-gaap:OperatingLeaseRightOfUseAsset with a value of 3,177,000 has been used in the filing with the axis BalanceSheetLocationAxis.  This is the only fact reported with this element.  Rather than using the BalanceSheetLocationAxis the filer should use the extensible enumeration element to indicate the location of the item in the financial statements. In this case the element us-gaap:OperatingLeaseRightOfUseAssetStatementOfFinancialPositionExtensibleList should be used to identify the account where the element us-gaap:OperatingLeaseRightOfUseAsset is included. 

 
Period :2024-03-31
Dimensions : us-gaap:BalanceSheetLocationAxis=us-gaap:OtherNoncurrentAssetsMember
Unit : USD
Decimals: -3

Rule Element Id:9838
Rule version: 23.0.11 - ulbi20240331_10q.htm 4619",2024-05-16,ERROR,DQC,137,875657,ULTRALIFE CORPORATION,2024-04-25 07:31:00,0001437749-24-013121,US GAAP 2024,Generated by ThunderDome XBRL - 10:26PM UTC 2024-04-24,10-Q,http://www.sec.gov/Archives/edgar/data/875657/000143774924013121/ulbi20240331_10q.htm,2024-04-25,2024,703311,https://www.sec.gov/Archives/edgar/data/875657/000143774924013121/0001437749-24-013121-index.htm,3690,10q-ulbi-20240331
DQC.US.0137.9838,"2024-05-16 18:57:45,143 [DQC.US.0137.9838] The element us-gaap:OperatingLeaseLiability with a value of 3,130,000 has been used in the filing with the axis BalanceSheetLocationAxis.  This is the only fact reported with this element.  Rather than using the BalanceSheetLocationAxis the filer should use the extensible enumeration element to indicate the location of the item in the financial statements. In this case the element us-gaap:OperatingLeaseLiabilityStatementOfFinancialPositionExtensibleList should be used to identify the account where the element us-gaap:OperatingLeaseLiability is included. 

 
Period :2024-03-31
Dimensions : us-gaap:BalanceSheetLocationAxis=ulbi:AccruedExpensesAndOtherCurrentLiabilitesAndOtherNoncurrentLiabilitiesMember
Unit : USD
Decimals: -4

Rule Element Id:9838
Rule version: 23.0.11 - ulbi20240331_10q.htm 4690",2024-05-16,ERROR,DQC,137,875657,ULTRALIFE CORPORATION,2024-04-25 07:31:00,0001437749-24-013121,US GAAP 2024,Generated by ThunderDome XBRL - 10:26PM UTC 2024-04-24,10-Q,http://www.sec.gov/Archives/edgar/data/875657/000143774924013121/ulbi20240331_10q.htm,2024-04-25,2024,703311,https://www.sec.gov/Archives/edgar/data/875657/000143774924013121/0001437749-24-013121-index.htm,3690,10q-ulbi-20240331
