assertion.code,assertion.detail,assertion.run-date,assertion.severity,assertion.source,assertion.type,entity.cik,entity.name,report.accepted-timestamp,report.accession,report.base-taxonomy,report.creation-software,report.document-type,report.entry-url,report.filing-date,report.filing-year,report.id,report.sec-url,report.sic-code,folder_name
DQC.US.0109.9569,"2022-03-09 20:08:42,685 [DQC.US.0109.9569] The concept us-gaap:ConcentrationRiskPercentage1 with value 0.12 should always be used with the ConcentrationRiskByTypeAxis the ConcentrationRiskByBenchmarkAxis and a third axis to identify the risk area.  This element can only have a value of 1 when only the ConcentrationRiskByTypeAxis and ConcentrationRiskByBenchmarkAxis are used.  This fact needs another axis to identify the specific pdex:CustomerConcentrationRisk2Member risk. If this value represents the Concentration Risk, Threshold Percentage then use the extension element ConcentrationRiskThresholdPercentage. 

The properties of this us-gaap:ConcentrationRiskPercentage1 fact are:

Period :2021-10-01 to 2021-12-31
Dimensions : us-gaap:ConcentrationRiskByTypeAxis=pdex:CustomerConcentrationRisk2Member, us-gaap:ConcentrationRiskByBenchmarkAxis=us-gaap:SalesMember
Unit : pure


Rule Element Id:9569
Rule version: 17.0.2 - pdex_10q.htm 3386",2022-03-10,ERROR,DQC,109,788920,PRO DEX INC,2022-02-03 16:01:00,0001553350-22-000085,US GAAP 2021,Field: Set; Name: xdx; ID: xdx_05E_edei%2D%2DCurrentFiscalYearEndDate_06/30,10-Q,http://www.sec.gov/Archives/edgar/data/788920/000155335022000085/pdex_10q.htm,2022-02-03,2022,415967,https://www.sec.gov/Archives/edgar/data/788920/000155335022000085/0001553350-22-000085-index.htm,3841,10q-pdex-20211231
DQC.US.0109.9569,"2022-03-09 20:08:42,686 [DQC.US.0109.9569] The concept us-gaap:ConcentrationRiskPercentage1 with value 0.66 should always be used with the ConcentrationRiskByTypeAxis the ConcentrationRiskByBenchmarkAxis and a third axis to identify the risk area.  This element can only have a value of 1 when only the ConcentrationRiskByTypeAxis and ConcentrationRiskByBenchmarkAxis are used.  This fact needs another axis to identify the specific pdex:CustomerConcentrationRisk1Member risk. If this value represents the Concentration Risk, Threshold Percentage then use the extension element ConcentrationRiskThresholdPercentage. 

The properties of this us-gaap:ConcentrationRiskPercentage1 fact are:

Period :2021-10-01 to 2021-12-31
Dimensions : us-gaap:ConcentrationRiskByTypeAxis=pdex:CustomerConcentrationRisk1Member, us-gaap:ConcentrationRiskByBenchmarkAxis=us-gaap:SalesMember
Unit : pure


Rule Element Id:9569
Rule version: 17.0.2 - pdex_10q.htm 3380",2022-03-10,ERROR,DQC,109,788920,PRO DEX INC,2022-02-03 16:01:00,0001553350-22-000085,US GAAP 2021,Field: Set; Name: xdx; ID: xdx_05E_edei%2D%2DCurrentFiscalYearEndDate_06/30,10-Q,http://www.sec.gov/Archives/edgar/data/788920/000155335022000085/pdex_10q.htm,2022-02-03,2022,415967,https://www.sec.gov/Archives/edgar/data/788920/000155335022000085/0001553350-22-000085-index.htm,3841,10q-pdex-20211231
DQC.US.0109.9569,"2022-03-09 20:08:42,686 [DQC.US.0109.9569] The concept us-gaap:ConcentrationRiskPercentage1 with value 0.89 should always be used with the ConcentrationRiskByTypeAxis the ConcentrationRiskByBenchmarkAxis and a third axis to identify the risk area.  This element can only have a value of 1 when only the ConcentrationRiskByTypeAxis and ConcentrationRiskByBenchmarkAxis are used.  This fact needs another axis to identify the specific us-gaap:CustomerConcentrationRiskMember risk. If this value represents the Concentration Risk, Threshold Percentage then use the extension element ConcentrationRiskThresholdPercentage. 

The properties of this us-gaap:ConcentrationRiskPercentage1 fact are:

Period :2021-10-01 to 2021-12-31
Dimensions : us-gaap:ConcentrationRiskByTypeAxis=us-gaap:CustomerConcentrationRiskMember, us-gaap:ConcentrationRiskByBenchmarkAxis=us-gaap:SalesMember
Unit : pure


Rule Element Id:9569
Rule version: 17.0.2 - pdex_10q.htm 3398",2022-03-10,ERROR,DQC,109,788920,PRO DEX INC,2022-02-03 16:01:00,0001553350-22-000085,US GAAP 2021,Field: Set; Name: xdx; ID: xdx_05E_edei%2D%2DCurrentFiscalYearEndDate_06/30,10-Q,http://www.sec.gov/Archives/edgar/data/788920/000155335022000085/pdex_10q.htm,2022-02-03,2022,415967,https://www.sec.gov/Archives/edgar/data/788920/000155335022000085/0001553350-22-000085-index.htm,3841,10q-pdex-20211231
DQC.US.0109.9569,"2022-03-09 20:08:42,687 [DQC.US.0109.9569] The concept us-gaap:ConcentrationRiskPercentage1 with value 0.11 should always be used with the ConcentrationRiskByTypeAxis the ConcentrationRiskByBenchmarkAxis and a third axis to identify the risk area.  This element can only have a value of 1 when only the ConcentrationRiskByTypeAxis and ConcentrationRiskByBenchmarkAxis are used.  This fact needs another axis to identify the specific pdex:CustomerConcentrationRisk3Member risk. If this value represents the Concentration Risk, Threshold Percentage then use the extension element ConcentrationRiskThresholdPercentage. 

The properties of this us-gaap:ConcentrationRiskPercentage1 fact are:

Period :2021-10-01 to 2021-12-31
Dimensions : us-gaap:ConcentrationRiskByBenchmarkAxis=us-gaap:SalesMember, us-gaap:ConcentrationRiskByTypeAxis=pdex:CustomerConcentrationRisk3Member
Unit : pure


Rule Element Id:9569
Rule version: 17.0.2 - pdex_10q.htm 3392",2022-03-10,ERROR,DQC,109,788920,PRO DEX INC,2022-02-03 16:01:00,0001553350-22-000085,US GAAP 2021,Field: Set; Name: xdx; ID: xdx_05E_edei%2D%2DCurrentFiscalYearEndDate_06/30,10-Q,http://www.sec.gov/Archives/edgar/data/788920/000155335022000085/pdex_10q.htm,2022-02-03,2022,415967,https://www.sec.gov/Archives/edgar/data/788920/000155335022000085/0001553350-22-000085-index.htm,3841,10q-pdex-20211231
DQC.US.0109.9569,"2022-03-09 20:08:42,687 [DQC.US.0109.9569] The concept us-gaap:ConcentrationRiskPercentage1 with value 0.15 should always be used with the ConcentrationRiskByTypeAxis the ConcentrationRiskByBenchmarkAxis and a third axis to identify the risk area.  This element can only have a value of 1 when only the ConcentrationRiskByTypeAxis and ConcentrationRiskByBenchmarkAxis are used.  This fact needs another axis to identify the specific pdex:CustomerConcentrationRisk2Member risk. If this value represents the Concentration Risk, Threshold Percentage then use the extension element ConcentrationRiskThresholdPercentage. 

The properties of this us-gaap:ConcentrationRiskPercentage1 fact are:

Period :2020-10-01 to 2020-12-31
Dimensions : us-gaap:ConcentrationRiskByBenchmarkAxis=us-gaap:SalesMember, us-gaap:ConcentrationRiskByTypeAxis=pdex:CustomerConcentrationRisk2Member
Unit : pure


Rule Element Id:9569
Rule version: 17.0.2 - pdex_10q.htm 3388",2022-03-10,ERROR,DQC,109,788920,PRO DEX INC,2022-02-03 16:01:00,0001553350-22-000085,US GAAP 2021,Field: Set; Name: xdx; ID: xdx_05E_edei%2D%2DCurrentFiscalYearEndDate_06/30,10-Q,http://www.sec.gov/Archives/edgar/data/788920/000155335022000085/pdex_10q.htm,2022-02-03,2022,415967,https://www.sec.gov/Archives/edgar/data/788920/000155335022000085/0001553350-22-000085-index.htm,3841,10q-pdex-20211231
DQC.US.0109.9569,"2022-03-09 20:08:42,687 [DQC.US.0109.9569] The concept us-gaap:ConcentrationRiskPercentage1 with value 0.93 should always be used with the ConcentrationRiskByTypeAxis the ConcentrationRiskByBenchmarkAxis and a third axis to identify the risk area.  This element can only have a value of 1 when only the ConcentrationRiskByTypeAxis and ConcentrationRiskByBenchmarkAxis are used.  This fact needs another axis to identify the specific us-gaap:CustomerConcentrationRiskMember risk. If this value represents the Concentration Risk, Threshold Percentage then use the extension element ConcentrationRiskThresholdPercentage. 

The properties of this us-gaap:ConcentrationRiskPercentage1 fact are:

Period :2020-10-01 to 2020-12-31
Dimensions : us-gaap:ConcentrationRiskByBenchmarkAxis=us-gaap:SalesMember, us-gaap:ConcentrationRiskByTypeAxis=us-gaap:CustomerConcentrationRiskMember
Unit : pure


Rule Element Id:9569
Rule version: 17.0.2 - pdex_10q.htm 3400",2022-03-10,ERROR,DQC,109,788920,PRO DEX INC,2022-02-03 16:01:00,0001553350-22-000085,US GAAP 2021,Field: Set; Name: xdx; ID: xdx_05E_edei%2D%2DCurrentFiscalYearEndDate_06/30,10-Q,http://www.sec.gov/Archives/edgar/data/788920/000155335022000085/pdex_10q.htm,2022-02-03,2022,415967,https://www.sec.gov/Archives/edgar/data/788920/000155335022000085/0001553350-22-000085-index.htm,3841,10q-pdex-20211231
DQC.US.0109.9569,"2022-03-09 20:08:42,688 [DQC.US.0109.9569] The concept us-gaap:ConcentrationRiskPercentage1 with value 0.08 should always be used with the ConcentrationRiskByTypeAxis the ConcentrationRiskByBenchmarkAxis and a third axis to identify the risk area.  This element can only have a value of 1 when only the ConcentrationRiskByTypeAxis and ConcentrationRiskByBenchmarkAxis are used.  This fact needs another axis to identify the specific pdex:CustomerConcentrationRisk3Member risk. If this value represents the Concentration Risk, Threshold Percentage then use the extension element ConcentrationRiskThresholdPercentage. 

The properties of this us-gaap:ConcentrationRiskPercentage1 fact are:

Period :2020-10-01 to 2020-12-31
Dimensions : us-gaap:ConcentrationRiskByBenchmarkAxis=us-gaap:SalesMember, us-gaap:ConcentrationRiskByTypeAxis=pdex:CustomerConcentrationRisk3Member
Unit : pure


Rule Element Id:9569
Rule version: 17.0.2 - pdex_10q.htm 3394",2022-03-10,ERROR,DQC,109,788920,PRO DEX INC,2022-02-03 16:01:00,0001553350-22-000085,US GAAP 2021,Field: Set; Name: xdx; ID: xdx_05E_edei%2D%2DCurrentFiscalYearEndDate_06/30,10-Q,http://www.sec.gov/Archives/edgar/data/788920/000155335022000085/pdex_10q.htm,2022-02-03,2022,415967,https://www.sec.gov/Archives/edgar/data/788920/000155335022000085/0001553350-22-000085-index.htm,3841,10q-pdex-20211231
DQC.US.0109.9569,"2022-03-09 20:08:42,688 [DQC.US.0109.9569] The concept us-gaap:ConcentrationRiskPercentage1 with value 0.2 should always be used with the ConcentrationRiskByTypeAxis the ConcentrationRiskByBenchmarkAxis and a third axis to identify the risk area.  This element can only have a value of 1 when only the ConcentrationRiskByTypeAxis and ConcentrationRiskByBenchmarkAxis are used.  This fact needs another axis to identify the specific pdex:CustomerConcentrationRisk2Member risk. If this value represents the Concentration Risk, Threshold Percentage then use the extension element ConcentrationRiskThresholdPercentage. 

The properties of this us-gaap:ConcentrationRiskPercentage1 fact are:

Period :2020-07-01 to 2020-12-31
Dimensions : us-gaap:ConcentrationRiskByTypeAxis=pdex:CustomerConcentrationRisk2Member, us-gaap:ConcentrationRiskByBenchmarkAxis=us-gaap:SalesMember
Unit : pure


Rule Element Id:9569
Rule version: 17.0.2 - pdex_10q.htm 3467",2022-03-10,ERROR,DQC,109,788920,PRO DEX INC,2022-02-03 16:01:00,0001553350-22-000085,US GAAP 2021,Field: Set; Name: xdx; ID: xdx_05E_edei%2D%2DCurrentFiscalYearEndDate_06/30,10-Q,http://www.sec.gov/Archives/edgar/data/788920/000155335022000085/pdex_10q.htm,2022-02-03,2022,415967,https://www.sec.gov/Archives/edgar/data/788920/000155335022000085/0001553350-22-000085-index.htm,3841,10q-pdex-20211231
DQC.US.0109.9569,"2022-03-09 20:08:42,688 [DQC.US.0109.9569] The concept us-gaap:ConcentrationRiskPercentage1 with value 0.7 should always be used with the ConcentrationRiskByTypeAxis the ConcentrationRiskByBenchmarkAxis and a third axis to identify the risk area.  This element can only have a value of 1 when only the ConcentrationRiskByTypeAxis and ConcentrationRiskByBenchmarkAxis are used.  This fact needs another axis to identify the specific pdex:CustomerConcentrationRisk1Member risk. If this value represents the Concentration Risk, Threshold Percentage then use the extension element ConcentrationRiskThresholdPercentage. 

The properties of this us-gaap:ConcentrationRiskPercentage1 fact are:

Period :2020-10-01 to 2020-12-31
Dimensions : us-gaap:ConcentrationRiskByBenchmarkAxis=us-gaap:SalesMember, us-gaap:ConcentrationRiskByTypeAxis=pdex:CustomerConcentrationRisk1Member
Unit : pure


Rule Element Id:9569
Rule version: 17.0.2 - pdex_10q.htm 3382",2022-03-10,ERROR,DQC,109,788920,PRO DEX INC,2022-02-03 16:01:00,0001553350-22-000085,US GAAP 2021,Field: Set; Name: xdx; ID: xdx_05E_edei%2D%2DCurrentFiscalYearEndDate_06/30,10-Q,http://www.sec.gov/Archives/edgar/data/788920/000155335022000085/pdex_10q.htm,2022-02-03,2022,415967,https://www.sec.gov/Archives/edgar/data/788920/000155335022000085/0001553350-22-000085-index.htm,3841,10q-pdex-20211231
DQC.US.0109.9569,"2022-03-09 20:08:42,689 [DQC.US.0109.9569] The concept us-gaap:ConcentrationRiskPercentage1 with value 0.07 should always be used with the ConcentrationRiskByTypeAxis the ConcentrationRiskByBenchmarkAxis and a third axis to identify the risk area.  This element can only have a value of 1 when only the ConcentrationRiskByTypeAxis and ConcentrationRiskByBenchmarkAxis are used.  This fact needs another axis to identify the specific pdex:CustomerConcentrationRisk3Member risk. If this value represents the Concentration Risk, Threshold Percentage then use the extension element ConcentrationRiskThresholdPercentage. 

The properties of this us-gaap:ConcentrationRiskPercentage1 fact are:

Period :2020-07-01 to 2020-12-31
Dimensions : us-gaap:ConcentrationRiskByTypeAxis=pdex:CustomerConcentrationRisk3Member, us-gaap:ConcentrationRiskByBenchmarkAxis=us-gaap:SalesMember
Unit : pure


Rule Element Id:9569
Rule version: 17.0.2 - pdex_10q.htm 3473",2022-03-10,ERROR,DQC,109,788920,PRO DEX INC,2022-02-03 16:01:00,0001553350-22-000085,US GAAP 2021,Field: Set; Name: xdx; ID: xdx_05E_edei%2D%2DCurrentFiscalYearEndDate_06/30,10-Q,http://www.sec.gov/Archives/edgar/data/788920/000155335022000085/pdex_10q.htm,2022-02-03,2022,415967,https://www.sec.gov/Archives/edgar/data/788920/000155335022000085/0001553350-22-000085-index.htm,3841,10q-pdex-20211231
DQC.US.0109.9569,"2022-03-09 20:08:42,689 [DQC.US.0109.9569] The concept us-gaap:ConcentrationRiskPercentage1 with value 0.65 should always be used with the ConcentrationRiskByTypeAxis the ConcentrationRiskByBenchmarkAxis and a third axis to identify the risk area.  This element can only have a value of 1 when only the ConcentrationRiskByTypeAxis and ConcentrationRiskByBenchmarkAxis are used.  This fact needs another axis to identify the specific pdex:CustomerConcentrationRisk1Member risk. If this value represents the Concentration Risk, Threshold Percentage then use the extension element ConcentrationRiskThresholdPercentage. 

The properties of this us-gaap:ConcentrationRiskPercentage1 fact are:

Period :2020-07-01 to 2020-12-31
Dimensions : us-gaap:ConcentrationRiskByBenchmarkAxis=us-gaap:SalesMember, us-gaap:ConcentrationRiskByTypeAxis=pdex:CustomerConcentrationRisk1Member
Unit : pure


Rule Element Id:9569
Rule version: 17.0.2 - pdex_10q.htm 3461",2022-03-10,ERROR,DQC,109,788920,PRO DEX INC,2022-02-03 16:01:00,0001553350-22-000085,US GAAP 2021,Field: Set; Name: xdx; ID: xdx_05E_edei%2D%2DCurrentFiscalYearEndDate_06/30,10-Q,http://www.sec.gov/Archives/edgar/data/788920/000155335022000085/pdex_10q.htm,2022-02-03,2022,415967,https://www.sec.gov/Archives/edgar/data/788920/000155335022000085/0001553350-22-000085-index.htm,3841,10q-pdex-20211231
DQC.US.0109.9569,"2022-03-09 20:08:42,689 [DQC.US.0109.9569] The concept us-gaap:ConcentrationRiskPercentage1 with value 0.92 should always be used with the ConcentrationRiskByTypeAxis the ConcentrationRiskByBenchmarkAxis and a third axis to identify the risk area.  This element can only have a value of 1 when only the ConcentrationRiskByTypeAxis and ConcentrationRiskByBenchmarkAxis are used.  This fact needs another axis to identify the specific us-gaap:CustomerConcentrationRiskMember risk. If this value represents the Concentration Risk, Threshold Percentage then use the extension element ConcentrationRiskThresholdPercentage. 

The properties of this us-gaap:ConcentrationRiskPercentage1 fact are:

Period :2020-07-01 to 2020-12-31
Dimensions : us-gaap:ConcentrationRiskByBenchmarkAxis=us-gaap:SalesMember, us-gaap:ConcentrationRiskByTypeAxis=us-gaap:CustomerConcentrationRiskMember
Unit : pure


Rule Element Id:9569
Rule version: 17.0.2 - pdex_10q.htm 3479",2022-03-10,ERROR,DQC,109,788920,PRO DEX INC,2022-02-03 16:01:00,0001553350-22-000085,US GAAP 2021,Field: Set; Name: xdx; ID: xdx_05E_edei%2D%2DCurrentFiscalYearEndDate_06/30,10-Q,http://www.sec.gov/Archives/edgar/data/788920/000155335022000085/pdex_10q.htm,2022-02-03,2022,415967,https://www.sec.gov/Archives/edgar/data/788920/000155335022000085/0001553350-22-000085-index.htm,3841,10q-pdex-20211231
DQC.US.0109.9569,"2022-03-09 20:08:42,690 [DQC.US.0109.9569] The concept us-gaap:ConcentrationRiskPercentage1 with value 0.11 should always be used with the ConcentrationRiskByTypeAxis the ConcentrationRiskByBenchmarkAxis and a third axis to identify the risk area.  This element can only have a value of 1 when only the ConcentrationRiskByTypeAxis and ConcentrationRiskByBenchmarkAxis are used.  This fact needs another axis to identify the specific pdex:CustomerConcentrationRisk2Member risk. If this value represents the Concentration Risk, Threshold Percentage then use the extension element ConcentrationRiskThresholdPercentage. 

The properties of this us-gaap:ConcentrationRiskPercentage1 fact are:

Period :2021-07-01 to 2021-12-31
Dimensions : us-gaap:ConcentrationRiskByTypeAxis=pdex:CustomerConcentrationRisk2Member, us-gaap:ConcentrationRiskByBenchmarkAxis=us-gaap:SalesMember
Unit : pure


Rule Element Id:9569
Rule version: 17.0.2 - pdex_10q.htm 3465",2022-03-10,ERROR,DQC,109,788920,PRO DEX INC,2022-02-03 16:01:00,0001553350-22-000085,US GAAP 2021,Field: Set; Name: xdx; ID: xdx_05E_edei%2D%2DCurrentFiscalYearEndDate_06/30,10-Q,http://www.sec.gov/Archives/edgar/data/788920/000155335022000085/pdex_10q.htm,2022-02-03,2022,415967,https://www.sec.gov/Archives/edgar/data/788920/000155335022000085/0001553350-22-000085-index.htm,3841,10q-pdex-20211231
DQC.US.0109.9569,"2022-03-09 20:08:42,690 [DQC.US.0109.9569] The concept us-gaap:ConcentrationRiskPercentage1 with value 0.89 should always be used with the ConcentrationRiskByTypeAxis the ConcentrationRiskByBenchmarkAxis and a third axis to identify the risk area.  This element can only have a value of 1 when only the ConcentrationRiskByTypeAxis and ConcentrationRiskByBenchmarkAxis are used.  This fact needs another axis to identify the specific us-gaap:CustomerConcentrationRiskMember risk. If this value represents the Concentration Risk, Threshold Percentage then use the extension element ConcentrationRiskThresholdPercentage. 

The properties of this us-gaap:ConcentrationRiskPercentage1 fact are:

Period :2021-07-01 to 2021-12-31
Dimensions : us-gaap:ConcentrationRiskByTypeAxis=us-gaap:CustomerConcentrationRiskMember, us-gaap:ConcentrationRiskByBenchmarkAxis=us-gaap:SalesMember
Unit : pure


Rule Element Id:9569
Rule version: 17.0.2 - pdex_10q.htm 3477",2022-03-10,ERROR,DQC,109,788920,PRO DEX INC,2022-02-03 16:01:00,0001553350-22-000085,US GAAP 2021,Field: Set; Name: xdx; ID: xdx_05E_edei%2D%2DCurrentFiscalYearEndDate_06/30,10-Q,http://www.sec.gov/Archives/edgar/data/788920/000155335022000085/pdex_10q.htm,2022-02-03,2022,415967,https://www.sec.gov/Archives/edgar/data/788920/000155335022000085/0001553350-22-000085-index.htm,3841,10q-pdex-20211231
DQC.US.0109.9569,"2022-03-09 20:08:42,691 [DQC.US.0109.9569] The concept us-gaap:ConcentrationRiskPercentage1 with value 0.1 should always be used with the ConcentrationRiskByTypeAxis the ConcentrationRiskByBenchmarkAxis and a third axis to identify the risk area.  This element can only have a value of 1 when only the ConcentrationRiskByTypeAxis and ConcentrationRiskByBenchmarkAxis are used.  This fact needs another axis to identify the specific pdex:CustomerConcentrationRisk2Member risk. If this value represents the Concentration Risk, Threshold Percentage then use the extension element ConcentrationRiskThresholdPercentage. 

The properties of this us-gaap:ConcentrationRiskPercentage1 fact are:

Period :2021-07-01 to 2021-12-31
Dimensions : us-gaap:ConcentrationRiskByTypeAxis=pdex:CustomerConcentrationRisk2Member, us-gaap:ConcentrationRiskByBenchmarkAxis=us-gaap:AccountsReceivableMember
Unit : pure


Rule Element Id:9569
Rule version: 17.0.2 - pdex_10q.htm 3534",2022-03-10,ERROR,DQC,109,788920,PRO DEX INC,2022-02-03 16:01:00,0001553350-22-000085,US GAAP 2021,Field: Set; Name: xdx; ID: xdx_05E_edei%2D%2DCurrentFiscalYearEndDate_06/30,10-Q,http://www.sec.gov/Archives/edgar/data/788920/000155335022000085/pdex_10q.htm,2022-02-03,2022,415967,https://www.sec.gov/Archives/edgar/data/788920/000155335022000085/0001553350-22-000085-index.htm,3841,10q-pdex-20211231
DQC.US.0109.9569,"2022-03-09 20:08:42,691 [DQC.US.0109.9569] The concept us-gaap:ConcentrationRiskPercentage1 with value 0.1 should always be used with the ConcentrationRiskByTypeAxis the ConcentrationRiskByBenchmarkAxis and a third axis to identify the risk area.  This element can only have a value of 1 when only the ConcentrationRiskByTypeAxis and ConcentrationRiskByBenchmarkAxis are used.  This fact needs another axis to identify the specific pdex:CustomerConcentrationRisk3Member risk. If this value represents the Concentration Risk, Threshold Percentage then use the extension element ConcentrationRiskThresholdPercentage. 

The properties of this us-gaap:ConcentrationRiskPercentage1 fact are:

Period :2021-07-01 to 2021-12-31
Dimensions : us-gaap:ConcentrationRiskByTypeAxis=pdex:CustomerConcentrationRisk3Member, us-gaap:ConcentrationRiskByBenchmarkAxis=us-gaap:SalesMember
Unit : pure


Rule Element Id:9569
Rule version: 17.0.2 - pdex_10q.htm 3471",2022-03-10,ERROR,DQC,109,788920,PRO DEX INC,2022-02-03 16:01:00,0001553350-22-000085,US GAAP 2021,Field: Set; Name: xdx; ID: xdx_05E_edei%2D%2DCurrentFiscalYearEndDate_06/30,10-Q,http://www.sec.gov/Archives/edgar/data/788920/000155335022000085/pdex_10q.htm,2022-02-03,2022,415967,https://www.sec.gov/Archives/edgar/data/788920/000155335022000085/0001553350-22-000085-index.htm,3841,10q-pdex-20211231
DQC.US.0109.9569,"2022-03-09 20:08:42,691 [DQC.US.0109.9569] The concept us-gaap:ConcentrationRiskPercentage1 with value 0.68 should always be used with the ConcentrationRiskByTypeAxis the ConcentrationRiskByBenchmarkAxis and a third axis to identify the risk area.  This element can only have a value of 1 when only the ConcentrationRiskByTypeAxis and ConcentrationRiskByBenchmarkAxis are used.  This fact needs another axis to identify the specific pdex:CustomerConcentrationRisk1Member risk. If this value represents the Concentration Risk, Threshold Percentage then use the extension element ConcentrationRiskThresholdPercentage. 

The properties of this us-gaap:ConcentrationRiskPercentage1 fact are:

Period :2021-07-01 to 2021-12-31
Dimensions : us-gaap:ConcentrationRiskByTypeAxis=pdex:CustomerConcentrationRisk1Member, us-gaap:ConcentrationRiskByBenchmarkAxis=us-gaap:SalesMember
Unit : pure


Rule Element Id:9569
Rule version: 17.0.2 - pdex_10q.htm 3459",2022-03-10,ERROR,DQC,109,788920,PRO DEX INC,2022-02-03 16:01:00,0001553350-22-000085,US GAAP 2021,Field: Set; Name: xdx; ID: xdx_05E_edei%2D%2DCurrentFiscalYearEndDate_06/30,10-Q,http://www.sec.gov/Archives/edgar/data/788920/000155335022000085/pdex_10q.htm,2022-02-03,2022,415967,https://www.sec.gov/Archives/edgar/data/788920/000155335022000085/0001553350-22-000085-index.htm,3841,10q-pdex-20211231
DQC.US.0109.9569,"2022-03-09 20:08:42,692 [DQC.US.0109.9569] The concept us-gaap:ConcentrationRiskPercentage1 with value 0.34 should always be used with the ConcentrationRiskByTypeAxis the ConcentrationRiskByBenchmarkAxis and a third axis to identify the risk area.  This element can only have a value of 1 when only the ConcentrationRiskByTypeAxis and ConcentrationRiskByBenchmarkAxis are used.  This fact needs another axis to identify the specific pdex:CustomerConcentrationRisk2Member risk. If this value represents the Concentration Risk, Threshold Percentage then use the extension element ConcentrationRiskThresholdPercentage. 

The properties of this us-gaap:ConcentrationRiskPercentage1 fact are:

Period :2020-07-01 to 2021-06-30
Dimensions : us-gaap:ConcentrationRiskByTypeAxis=pdex:CustomerConcentrationRisk2Member, us-gaap:ConcentrationRiskByBenchmarkAxis=us-gaap:AccountsReceivableMember
Unit : pure


Rule Element Id:9569
Rule version: 17.0.2 - pdex_10q.htm 3536",2022-03-10,ERROR,DQC,109,788920,PRO DEX INC,2022-02-03 16:01:00,0001553350-22-000085,US GAAP 2021,Field: Set; Name: xdx; ID: xdx_05E_edei%2D%2DCurrentFiscalYearEndDate_06/30,10-Q,http://www.sec.gov/Archives/edgar/data/788920/000155335022000085/pdex_10q.htm,2022-02-03,2022,415967,https://www.sec.gov/Archives/edgar/data/788920/000155335022000085/0001553350-22-000085-index.htm,3841,10q-pdex-20211231
DQC.US.0109.9569,"2022-03-09 20:08:42,692 [DQC.US.0109.9569] The concept us-gaap:ConcentrationRiskPercentage1 with value 0.61 should always be used with the ConcentrationRiskByTypeAxis the ConcentrationRiskByBenchmarkAxis and a third axis to identify the risk area.  This element can only have a value of 1 when only the ConcentrationRiskByTypeAxis and ConcentrationRiskByBenchmarkAxis are used.  This fact needs another axis to identify the specific pdex:CustomerConcentrationRisk1Member risk. If this value represents the Concentration Risk, Threshold Percentage then use the extension element ConcentrationRiskThresholdPercentage. 

The properties of this us-gaap:ConcentrationRiskPercentage1 fact are:

Period :2020-07-01 to 2021-06-30
Dimensions : us-gaap:ConcentrationRiskByTypeAxis=pdex:CustomerConcentrationRisk1Member, us-gaap:ConcentrationRiskByBenchmarkAxis=us-gaap:AccountsReceivableMember
Unit : pure


Rule Element Id:9569
Rule version: 17.0.2 - pdex_10q.htm 3530",2022-03-10,ERROR,DQC,109,788920,PRO DEX INC,2022-02-03 16:01:00,0001553350-22-000085,US GAAP 2021,Field: Set; Name: xdx; ID: xdx_05E_edei%2D%2DCurrentFiscalYearEndDate_06/30,10-Q,http://www.sec.gov/Archives/edgar/data/788920/000155335022000085/pdex_10q.htm,2022-02-03,2022,415967,https://www.sec.gov/Archives/edgar/data/788920/000155335022000085/0001553350-22-000085-index.htm,3841,10q-pdex-20211231
DQC.US.0109.9569,"2022-03-09 20:08:42,692 [DQC.US.0109.9569] The concept us-gaap:ConcentrationRiskPercentage1 with value 0.68 should always be used with the ConcentrationRiskByTypeAxis the ConcentrationRiskByBenchmarkAxis and a third axis to identify the risk area.  This element can only have a value of 1 when only the ConcentrationRiskByTypeAxis and ConcentrationRiskByBenchmarkAxis are used.  This fact needs another axis to identify the specific pdex:CustomerConcentrationRisk1Member risk. If this value represents the Concentration Risk, Threshold Percentage then use the extension element ConcentrationRiskThresholdPercentage. 

The properties of this us-gaap:ConcentrationRiskPercentage1 fact are:

Period :2021-07-01 to 2021-12-31
Dimensions : us-gaap:ConcentrationRiskByBenchmarkAxis=us-gaap:AccountsReceivableMember, us-gaap:ConcentrationRiskByTypeAxis=pdex:CustomerConcentrationRisk1Member
Unit : pure


Rule Element Id:9569
Rule version: 17.0.2 - pdex_10q.htm 3528",2022-03-10,ERROR,DQC,109,788920,PRO DEX INC,2022-02-03 16:01:00,0001553350-22-000085,US GAAP 2021,Field: Set; Name: xdx; ID: xdx_05E_edei%2D%2DCurrentFiscalYearEndDate_06/30,10-Q,http://www.sec.gov/Archives/edgar/data/788920/000155335022000085/pdex_10q.htm,2022-02-03,2022,415967,https://www.sec.gov/Archives/edgar/data/788920/000155335022000085/0001553350-22-000085-index.htm,3841,10q-pdex-20211231
DQC.US.0109.9569,"2022-02-08 07:45:29,330 [DQC.US.0109.9569] The concept us-gaap:ConcentrationRiskPercentage1 with value 0.1 should always be used with the ConcentrationRiskByTypeAxis the ConcentrationRiskByBenchmarkAxis and a third axis to identify the risk area.  This element can only have a value of 1 when only the ConcentrationRiskByTypeAxis and ConcentrationRiskByBenchmarkAxis are used.  This fact needs another axis to identify the specific us-gaap:CustomerConcentrationRiskMember risk. If this value represents the Concentration Risk, Threshold Percentage then use the extension element ConcentrationRiskThresholdPercentage. 

The properties of this us-gaap:ConcentrationRiskPercentage1 fact are:

Period :2020-01-01 to 2020-12-31
Dimensions : us-gaap:ConcentrationRiskByTypeAxis=us-gaap:CustomerConcentrationRiskMember, us-gaap:ConcentrationRiskByBenchmarkAxis=us-gaap:SalesRevenueNetMember
Unit : pure


Rule Element Id:9569
Rule version: 16.0.10 - bwp-20211231.htm 4",2022-02-08,ERROR,DQC,109,1336047,"BOARDWALK PIPELINE PARTNERS, LP",2022-02-08 07:16:00,0001336047-22-000007,US GAAP 2021,XBRL Document Created with Wdesk from Workiva,10-K,http://www.sec.gov/Archives/edgar/data/1336047/000133604722000007/bwp-20211231.htm,2022-02-08,2022,416784,https://www.sec.gov/Archives/edgar/data/1336047/000133604722000007/0001336047-22-000007-index.htm,4922,10k-bwp-20211231
DQC.US.0109.9569,"2022-03-09 20:20:06,097 [DQC.US.0109.9569] The concept us-gaap:ConcentrationRiskPercentage1 with value 0.56 should always be used with the ConcentrationRiskByTypeAxis the ConcentrationRiskByBenchmarkAxis and a third axis to identify the risk area.  This element can only have a value of 1 when only the ConcentrationRiskByTypeAxis and ConcentrationRiskByBenchmarkAxis are used.  This fact needs another axis to identify the specific us-gaap:CustomerConcentrationRiskMember risk. If this value represents the Concentration Risk, Threshold Percentage then use the extension element ConcentrationRiskThresholdPercentage. 

The properties of this us-gaap:ConcentrationRiskPercentage1 fact are:

Period :2019-11-01 to 2020-10-31
Dimensions : us-gaap:ConcentrationRiskByTypeAxis=us-gaap:CustomerConcentrationRiskMember, us-gaap:ConcentrationRiskByBenchmarkAxis=us-gaap:SalesRevenueNetMember
Unit : pure


Rule Element Id:9569
Rule version: 17.0.2 - e3506_10-k.htm 5460",2022-03-10,ERROR,DQC,109,1190370,"Innovative Designs, Inc.",2022-02-15 13:55:00,0001731122-22-000252,US GAAP 2021,Field: Set; Name: xdx; ID: xdx_06B_USD_1_iso4217%2D%2DUSD,10-K,http://www.sec.gov/Archives/edgar/data/1190370/000173112222000252/e3506_10-k.htm,2022-02-15,2022,419806,https://www.sec.gov/Archives/edgar/data/1190370/000173112222000252/0001731122-22-000252-index.htm,2390,10k-ivdn-20221031
DQC.US.0109.9569,"2022-03-09 20:20:06,098 [DQC.US.0109.9569] The concept us-gaap:ConcentrationRiskPercentage1 with value 0.55 should always be used with the ConcentrationRiskByTypeAxis the ConcentrationRiskByBenchmarkAxis and a third axis to identify the risk area.  This element can only have a value of 1 when only the ConcentrationRiskByTypeAxis and ConcentrationRiskByBenchmarkAxis are used.  This fact needs another axis to identify the specific us-gaap:CustomerConcentrationRiskMember risk. If this value represents the Concentration Risk, Threshold Percentage then use the extension element ConcentrationRiskThresholdPercentage. 

The properties of this us-gaap:ConcentrationRiskPercentage1 fact are:

Period :2020-11-01 to 2021-10-31
Dimensions : us-gaap:ConcentrationRiskByTypeAxis=us-gaap:CustomerConcentrationRiskMember, us-gaap:ConcentrationRiskByBenchmarkAxis=us-gaap:SalesRevenueNetMember
Unit : pure


Rule Element Id:9569
Rule version: 17.0.2 - e3506_10-k.htm 5460",2022-03-10,ERROR,DQC,109,1190370,"Innovative Designs, Inc.",2022-02-15 13:55:00,0001731122-22-000252,US GAAP 2021,Field: Set; Name: xdx; ID: xdx_06B_USD_1_iso4217%2D%2DUSD,10-K,http://www.sec.gov/Archives/edgar/data/1190370/000173112222000252/e3506_10-k.htm,2022-02-15,2022,419806,https://www.sec.gov/Archives/edgar/data/1190370/000173112222000252/0001731122-22-000252-index.htm,2390,10k-ivdn-20221031
DQC.US.0109.9569,"2022-02-16 16:46:31,353 [DQC.US.0109.9569] The concept us-gaap:ConcentrationRiskPercentage1 with value 0.11 should always be used with the ConcentrationRiskByTypeAxis the ConcentrationRiskByBenchmarkAxis and a third axis to identify the risk area.  This element can only have a value of 1 when only the ConcentrationRiskByTypeAxis and ConcentrationRiskByBenchmarkAxis are used.  This fact needs another axis to identify the specific us-gaap:CustomerConcentrationRiskMember risk. If this value represents the Concentration Risk, Threshold Percentage then use the extension element ConcentrationRiskThresholdPercentage. 

The properties of this us-gaap:ConcentrationRiskPercentage1 fact are:

Period :2021-01-01 to 2021-12-31
Dimensions : us-gaap:ConcentrationRiskByTypeAxis=us-gaap:CustomerConcentrationRiskMember, us-gaap:ConcentrationRiskByBenchmarkAxis=us-gaap:AccountsReceivableMember
Unit : Rate


Rule Element Id:9569
Rule version: 16.0.11 - itt-20211231.htm 4",2022-02-16,ERROR,DQC,109,216228,ITT INC.,2022-02-16 16:03:00,0000216228-22-000006,US GAAP 2021,XBRL Document Created with Wdesk from Workiva,10-K,http://www.sec.gov/Archives/edgar/data/216228/000021622822000006/itt-20211231.htm,2022-02-16,2022,420252,https://www.sec.gov/Archives/edgar/data/216228/000021622822000006/0000216228-22-000006-index.htm,3561,10k-itt-20211231
DQC.US.0109.9569,"2022-02-16 16:46:31,353 [DQC.US.0109.9569] The concept us-gaap:ConcentrationRiskPercentage1 with value 0.12 should always be used with the ConcentrationRiskByTypeAxis the ConcentrationRiskByBenchmarkAxis and a third axis to identify the risk area.  This element can only have a value of 1 when only the ConcentrationRiskByTypeAxis and ConcentrationRiskByBenchmarkAxis are used.  This fact needs another axis to identify the specific us-gaap:CustomerConcentrationRiskMember risk. If this value represents the Concentration Risk, Threshold Percentage then use the extension element ConcentrationRiskThresholdPercentage. 

The properties of this us-gaap:ConcentrationRiskPercentage1 fact are:

Period :2020-01-01 to 2020-12-31
Dimensions : us-gaap:ConcentrationRiskByBenchmarkAxis=us-gaap:AccountsReceivableMember, us-gaap:ConcentrationRiskByTypeAxis=us-gaap:CustomerConcentrationRiskMember
Unit : Rate


Rule Element Id:9569
Rule version: 16.0.11 - itt-20211231.htm 4",2022-02-16,ERROR,DQC,109,216228,ITT INC.,2022-02-16 16:03:00,0000216228-22-000006,US GAAP 2021,XBRL Document Created with Wdesk from Workiva,10-K,http://www.sec.gov/Archives/edgar/data/216228/000021622822000006/itt-20211231.htm,2022-02-16,2022,420252,https://www.sec.gov/Archives/edgar/data/216228/000021622822000006/0000216228-22-000006-index.htm,3561,10k-itt-20211231
DQC.US.0109.9569,"2022-11-15 08:04:49,453 [DQC.US.0109.9569] The concept us-gaap:ConcentrationRiskPercentage1 with value 0.141 should always be used with the ConcentrationRiskByTypeAxis the ConcentrationRiskByBenchmarkAxis and a third axis to identify the risk area.  This element can only have a value of 1 when only the ConcentrationRiskByTypeAxis and ConcentrationRiskByBenchmarkAxis are used.  This fact needs another axis to identify the specific ktel:CustomerOneMember risk. If this value represents the Concentration Risk, Threshold Percentage then use the extension element ConcentrationRiskThresholdPercentage. 

The properties of this us-gaap:ConcentrationRiskPercentage1 fact are:

Period :2022-07-01 to 2022-09-30
Dimensions : us-gaap:ConcentrationRiskByTypeAxis=ktel:CustomerOneMember, us-gaap:ConcentrationRiskByBenchmarkAxis=us-gaap:SalesRevenueNetMember
Unit : pure


Rule Element Id:9569
Rule version: 19.0.2 - ktel10q093022.htm 2664",2022-11-15,ERROR,DQC,109,845819,"KonaTel, Inc.",2022-11-14 16:10:00,0001515971-22-000186,US GAAP 2022,Field: Set; Name: xdx; ID: xdx_051_edei%2D%2DCurrentFiscalYearEndDate_%2D%2DLS0xMi0zMQ==,10-Q,http://www.sec.gov/Archives/edgar/data/845819/000151597122000186/ktel10q093022.htm,2022-11-14,2022,528691,https://www.sec.gov/Archives/edgar/data/845819/000151597122000186/0001515971-22-000186-index.htm,4899,10q-ktel-20220930
DQC.US.0109.9569,"2022-11-15 08:04:49,454 [DQC.US.0109.9569] The concept us-gaap:ConcentrationRiskPercentage1 with value 0.287 should always be used with the ConcentrationRiskByTypeAxis the ConcentrationRiskByBenchmarkAxis and a third axis to identify the risk area.  This element can only have a value of 1 when only the ConcentrationRiskByTypeAxis and ConcentrationRiskByBenchmarkAxis are used.  This fact needs another axis to identify the specific ktel:CustomerOneMember risk. If this value represents the Concentration Risk, Threshold Percentage then use the extension element ConcentrationRiskThresholdPercentage. 

The properties of this us-gaap:ConcentrationRiskPercentage1 fact are:

Period :2021-07-01 to 2021-09-30
Dimensions : us-gaap:ConcentrationRiskByTypeAxis=ktel:CustomerOneMember, us-gaap:ConcentrationRiskByBenchmarkAxis=us-gaap:SalesRevenueNetMember
Unit : pure


Rule Element Id:9569
Rule version: 19.0.2 - ktel10q093022.htm 2665",2022-11-15,ERROR,DQC,109,845819,"KonaTel, Inc.",2022-11-14 16:10:00,0001515971-22-000186,US GAAP 2022,Field: Set; Name: xdx; ID: xdx_051_edei%2D%2DCurrentFiscalYearEndDate_%2D%2DLS0xMi0zMQ==,10-Q,http://www.sec.gov/Archives/edgar/data/845819/000151597122000186/ktel10q093022.htm,2022-11-14,2022,528691,https://www.sec.gov/Archives/edgar/data/845819/000151597122000186/0001515971-22-000186-index.htm,4899,10q-ktel-20220930
DQC.US.0109.9569,"2022-11-15 08:04:49,454 [DQC.US.0109.9569] The concept us-gaap:ConcentrationRiskPercentage1 with value 0.71 should always be used with the ConcentrationRiskByTypeAxis the ConcentrationRiskByBenchmarkAxis and a third axis to identify the risk area.  This element can only have a value of 1 when only the ConcentrationRiskByTypeAxis and ConcentrationRiskByBenchmarkAxis are used.  This fact needs another axis to identify the specific ktel:CustomerTwoMember risk. If this value represents the Concentration Risk, Threshold Percentage then use the extension element ConcentrationRiskThresholdPercentage. 

The properties of this us-gaap:ConcentrationRiskPercentage1 fact are:

Period :2022-07-01 to 2022-09-30
Dimensions : us-gaap:ConcentrationRiskByTypeAxis=ktel:CustomerTwoMember, us-gaap:ConcentrationRiskByBenchmarkAxis=us-gaap:SalesRevenueNetMember
Unit : pure


Rule Element Id:9569
Rule version: 19.0.2 - ktel10q093022.htm 2664",2022-11-15,ERROR,DQC,109,845819,"KonaTel, Inc.",2022-11-14 16:10:00,0001515971-22-000186,US GAAP 2022,Field: Set; Name: xdx; ID: xdx_051_edei%2D%2DCurrentFiscalYearEndDate_%2D%2DLS0xMi0zMQ==,10-Q,http://www.sec.gov/Archives/edgar/data/845819/000151597122000186/ktel10q093022.htm,2022-11-14,2022,528691,https://www.sec.gov/Archives/edgar/data/845819/000151597122000186/0001515971-22-000186-index.htm,4899,10q-ktel-20220930
DQC.US.0109.9569,"2022-11-15 08:04:49,455 [DQC.US.0109.9569] The concept us-gaap:ConcentrationRiskPercentage1 with value 0.159 should always be used with the ConcentrationRiskByTypeAxis the ConcentrationRiskByBenchmarkAxis and a third axis to identify the risk area.  This element can only have a value of 1 when only the ConcentrationRiskByTypeAxis and ConcentrationRiskByBenchmarkAxis are used.  This fact needs another axis to identify the specific ktel:CustomerTwoMember risk. If this value represents the Concentration Risk, Threshold Percentage then use the extension element ConcentrationRiskThresholdPercentage. 

The properties of this us-gaap:ConcentrationRiskPercentage1 fact are:

Period :2021-01-01 to 2021-12-31
Dimensions : us-gaap:ConcentrationRiskByTypeAxis=ktel:CustomerTwoMember, us-gaap:ConcentrationRiskByBenchmarkAxis=us-gaap:TradeAccountsReceivableMember
Unit : pure


Rule Element Id:9569
Rule version: 19.0.2 - ktel10q093022.htm 2654",2022-11-15,ERROR,DQC,109,845819,"KonaTel, Inc.",2022-11-14 16:10:00,0001515971-22-000186,US GAAP 2022,Field: Set; Name: xdx; ID: xdx_051_edei%2D%2DCurrentFiscalYearEndDate_%2D%2DLS0xMi0zMQ==,10-Q,http://www.sec.gov/Archives/edgar/data/845819/000151597122000186/ktel10q093022.htm,2022-11-14,2022,528691,https://www.sec.gov/Archives/edgar/data/845819/000151597122000186/0001515971-22-000186-index.htm,4899,10q-ktel-20220930
DQC.US.0109.9569,"2022-11-15 08:04:49,455 [DQC.US.0109.9569] The concept us-gaap:ConcentrationRiskPercentage1 with value 0.453 should always be used with the ConcentrationRiskByTypeAxis the ConcentrationRiskByBenchmarkAxis and a third axis to identify the risk area.  This element can only have a value of 1 when only the ConcentrationRiskByTypeAxis and ConcentrationRiskByBenchmarkAxis are used.  This fact needs another axis to identify the specific ktel:CustomerTwoMember risk. If this value represents the Concentration Risk, Threshold Percentage then use the extension element ConcentrationRiskThresholdPercentage. 

The properties of this us-gaap:ConcentrationRiskPercentage1 fact are:

Period :2021-07-01 to 2021-09-30
Dimensions : us-gaap:ConcentrationRiskByTypeAxis=ktel:CustomerTwoMember, us-gaap:ConcentrationRiskByBenchmarkAxis=us-gaap:SalesRevenueNetMember
Unit : pure


Rule Element Id:9569
Rule version: 19.0.2 - ktel10q093022.htm 2665",2022-11-15,ERROR,DQC,109,845819,"KonaTel, Inc.",2022-11-14 16:10:00,0001515971-22-000186,US GAAP 2022,Field: Set; Name: xdx; ID: xdx_051_edei%2D%2DCurrentFiscalYearEndDate_%2D%2DLS0xMi0zMQ==,10-Q,http://www.sec.gov/Archives/edgar/data/845819/000151597122000186/ktel10q093022.htm,2022-11-14,2022,528691,https://www.sec.gov/Archives/edgar/data/845819/000151597122000186/0001515971-22-000186-index.htm,4899,10q-ktel-20220930
DQC.US.0109.9569,"2022-11-15 08:04:49,455 [DQC.US.0109.9569] The concept us-gaap:ConcentrationRiskPercentage1 with value 0.639 should always be used with the ConcentrationRiskByTypeAxis the ConcentrationRiskByBenchmarkAxis and a third axis to identify the risk area.  This element can only have a value of 1 when only the ConcentrationRiskByTypeAxis and ConcentrationRiskByBenchmarkAxis are used.  This fact needs another axis to identify the specific ktel:CustomerOneMember risk. If this value represents the Concentration Risk, Threshold Percentage then use the extension element ConcentrationRiskThresholdPercentage. 

The properties of this us-gaap:ConcentrationRiskPercentage1 fact are:

Period :2021-01-01 to 2021-12-31
Dimensions : us-gaap:ConcentrationRiskByTypeAxis=ktel:CustomerOneMember, us-gaap:ConcentrationRiskByBenchmarkAxis=us-gaap:TradeAccountsReceivableMember
Unit : pure


Rule Element Id:9569
Rule version: 19.0.2 - ktel10q093022.htm 2654",2022-11-15,ERROR,DQC,109,845819,"KonaTel, Inc.",2022-11-14 16:10:00,0001515971-22-000186,US GAAP 2022,Field: Set; Name: xdx; ID: xdx_051_edei%2D%2DCurrentFiscalYearEndDate_%2D%2DLS0xMi0zMQ==,10-Q,http://www.sec.gov/Archives/edgar/data/845819/000151597122000186/ktel10q093022.htm,2022-11-14,2022,528691,https://www.sec.gov/Archives/edgar/data/845819/000151597122000186/0001515971-22-000186-index.htm,4899,10q-ktel-20220930
DQC.US.0109.9569,"2022-11-15 08:04:49,456 [DQC.US.0109.9569] The concept us-gaap:ConcentrationRiskPercentage1 with value 0.316 should always be used with the ConcentrationRiskByTypeAxis the ConcentrationRiskByBenchmarkAxis and a third axis to identify the risk area.  This element can only have a value of 1 when only the ConcentrationRiskByTypeAxis and ConcentrationRiskByBenchmarkAxis are used.  This fact needs another axis to identify the specific ktel:CustomerTwoMember risk. If this value represents the Concentration Risk, Threshold Percentage then use the extension element ConcentrationRiskThresholdPercentage. 

The properties of this us-gaap:ConcentrationRiskPercentage1 fact are:

Period :2021-01-01 to 2021-09-30
Dimensions : us-gaap:ConcentrationRiskByBenchmarkAxis=us-gaap:SalesRevenueNetMember, us-gaap:ConcentrationRiskByTypeAxis=ktel:CustomerTwoMember
Unit : pure


Rule Element Id:9569
Rule version: 19.0.2 - ktel10q093022.htm 2668",2022-11-15,ERROR,DQC,109,845819,"KonaTel, Inc.",2022-11-14 16:10:00,0001515971-22-000186,US GAAP 2022,Field: Set; Name: xdx; ID: xdx_051_edei%2D%2DCurrentFiscalYearEndDate_%2D%2DLS0xMi0zMQ==,10-Q,http://www.sec.gov/Archives/edgar/data/845819/000151597122000186/ktel10q093022.htm,2022-11-14,2022,528691,https://www.sec.gov/Archives/edgar/data/845819/000151597122000186/0001515971-22-000186-index.htm,4899,10q-ktel-20220930
DQC.US.0109.9569,"2022-11-15 08:04:49,456 [DQC.US.0109.9569] The concept us-gaap:ConcentrationRiskPercentage1 with value 0.37 should always be used with the ConcentrationRiskByTypeAxis the ConcentrationRiskByBenchmarkAxis and a third axis to identify the risk area.  This element can only have a value of 1 when only the ConcentrationRiskByTypeAxis and ConcentrationRiskByBenchmarkAxis are used.  This fact needs another axis to identify the specific ktel:CustomerOneMember risk. If this value represents the Concentration Risk, Threshold Percentage then use the extension element ConcentrationRiskThresholdPercentage. 

The properties of this us-gaap:ConcentrationRiskPercentage1 fact are:

Period :2021-01-01 to 2021-09-30
Dimensions : us-gaap:ConcentrationRiskByBenchmarkAxis=us-gaap:SalesRevenueNetMember, us-gaap:ConcentrationRiskByTypeAxis=ktel:CustomerOneMember
Unit : pure


Rule Element Id:9569
Rule version: 19.0.2 - ktel10q093022.htm 2667",2022-11-15,ERROR,DQC,109,845819,"KonaTel, Inc.",2022-11-14 16:10:00,0001515971-22-000186,US GAAP 2022,Field: Set; Name: xdx; ID: xdx_051_edei%2D%2DCurrentFiscalYearEndDate_%2D%2DLS0xMi0zMQ==,10-Q,http://www.sec.gov/Archives/edgar/data/845819/000151597122000186/ktel10q093022.htm,2022-11-14,2022,528691,https://www.sec.gov/Archives/edgar/data/845819/000151597122000186/0001515971-22-000186-index.htm,4899,10q-ktel-20220930
DQC.US.0109.9569,"2022-11-15 08:04:49,457 [DQC.US.0109.9569] The concept us-gaap:ConcentrationRiskPercentage1 with value 0.173 should always be used with the ConcentrationRiskByTypeAxis the ConcentrationRiskByBenchmarkAxis and a third axis to identify the risk area.  This element can only have a value of 1 when only the ConcentrationRiskByTypeAxis and ConcentrationRiskByBenchmarkAxis are used.  This fact needs another axis to identify the specific ktel:CustomerTwoMember risk. If this value represents the Concentration Risk, Threshold Percentage then use the extension element ConcentrationRiskThresholdPercentage. 

The properties of this us-gaap:ConcentrationRiskPercentage1 fact are:

Period :2022-01-01 to 2022-09-30
Dimensions : us-gaap:ConcentrationRiskByBenchmarkAxis=us-gaap:SalesRevenueNetMember, us-gaap:ConcentrationRiskByTypeAxis=ktel:CustomerTwoMember
Unit : pure


Rule Element Id:9569
Rule version: 19.0.2 - ktel10q093022.htm 2666",2022-11-15,ERROR,DQC,109,845819,"KonaTel, Inc.",2022-11-14 16:10:00,0001515971-22-000186,US GAAP 2022,Field: Set; Name: xdx; ID: xdx_051_edei%2D%2DCurrentFiscalYearEndDate_%2D%2DLS0xMi0zMQ==,10-Q,http://www.sec.gov/Archives/edgar/data/845819/000151597122000186/ktel10q093022.htm,2022-11-14,2022,528691,https://www.sec.gov/Archives/edgar/data/845819/000151597122000186/0001515971-22-000186-index.htm,4899,10q-ktel-20220930
DQC.US.0109.9569,"2022-11-15 08:04:49,457 [DQC.US.0109.9569] The concept us-gaap:ConcentrationRiskPercentage1 with value 0.651 should always be used with the ConcentrationRiskByTypeAxis the ConcentrationRiskByBenchmarkAxis and a third axis to identify the risk area.  This element can only have a value of 1 when only the ConcentrationRiskByTypeAxis and ConcentrationRiskByBenchmarkAxis are used.  This fact needs another axis to identify the specific ktel:CustomerOneMember risk. If this value represents the Concentration Risk, Threshold Percentage then use the extension element ConcentrationRiskThresholdPercentage. 

The properties of this us-gaap:ConcentrationRiskPercentage1 fact are:

Period :2022-01-01 to 2022-09-30
Dimensions : us-gaap:ConcentrationRiskByBenchmarkAxis=us-gaap:SalesRevenueNetMember, us-gaap:ConcentrationRiskByTypeAxis=ktel:CustomerOneMember
Unit : pure


Rule Element Id:9569
Rule version: 19.0.2 - ktel10q093022.htm 2666",2022-11-15,ERROR,DQC,109,845819,"KonaTel, Inc.",2022-11-14 16:10:00,0001515971-22-000186,US GAAP 2022,Field: Set; Name: xdx; ID: xdx_051_edei%2D%2DCurrentFiscalYearEndDate_%2D%2DLS0xMi0zMQ==,10-Q,http://www.sec.gov/Archives/edgar/data/845819/000151597122000186/ktel10q093022.htm,2022-11-14,2022,528691,https://www.sec.gov/Archives/edgar/data/845819/000151597122000186/0001515971-22-000186-index.htm,4899,10q-ktel-20220930
DQC.US.0109.9569,"2022-11-15 08:04:49,457 [DQC.US.0109.9569] The concept us-gaap:ConcentrationRiskPercentage1 with value 0.868 should always be used with the ConcentrationRiskByTypeAxis the ConcentrationRiskByBenchmarkAxis and a third axis to identify the risk area.  This element can only have a value of 1 when only the ConcentrationRiskByTypeAxis and ConcentrationRiskByBenchmarkAxis are used.  This fact needs another axis to identify the specific ktel:CustomerOneMember risk. If this value represents the Concentration Risk, Threshold Percentage then use the extension element ConcentrationRiskThresholdPercentage. 

The properties of this us-gaap:ConcentrationRiskPercentage1 fact are:

Period :2022-01-01 to 2022-09-30
Dimensions : us-gaap:ConcentrationRiskByTypeAxis=ktel:CustomerOneMember, us-gaap:ConcentrationRiskByBenchmarkAxis=us-gaap:TradeAccountsReceivableMember
Unit : pure


Rule Element Id:9569
Rule version: 19.0.2 - ktel10q093022.htm 2653",2022-11-15,ERROR,DQC,109,845819,"KonaTel, Inc.",2022-11-14 16:10:00,0001515971-22-000186,US GAAP 2022,Field: Set; Name: xdx; ID: xdx_051_edei%2D%2DCurrentFiscalYearEndDate_%2D%2DLS0xMi0zMQ==,10-Q,http://www.sec.gov/Archives/edgar/data/845819/000151597122000186/ktel10q093022.htm,2022-11-14,2022,528691,https://www.sec.gov/Archives/edgar/data/845819/000151597122000186/0001515971-22-000186-index.htm,4899,10q-ktel-20220930
DQC.US.0109.9569,"2022-11-04 11:16:15,064 [DQC.US.0109.9569] The concept us-gaap:ConcentrationRiskPercentage1 with value 0.87 should always be used with the ConcentrationRiskByTypeAxis the ConcentrationRiskByBenchmarkAxis and a third axis to identify the risk area.  This element can only have a value of 1 when only the ConcentrationRiskByTypeAxis and ConcentrationRiskByBenchmarkAxis are used.  This fact needs another axis to identify the specific us-gaap:CustomerConcentrationRiskMember risk. If this value represents the Concentration Risk, Threshold Percentage then use the extension element ConcentrationRiskThresholdPercentage. 

The properties of this us-gaap:ConcentrationRiskPercentage1 fact are:

Period :2022-07-01 to 2022-09-30
Dimensions : us-gaap:ConcentrationRiskByBenchmarkAxis=us-gaap:SalesMember, us-gaap:ConcentrationRiskByTypeAxis=us-gaap:CustomerConcentrationRiskMember
Unit : pure


Rule Element Id:9569
Rule version: 19.0.1 - pdex_10q.htm 2905",2022-11-04,ERROR,DQC,109,788920,PRO DEX INC,2022-11-03 16:49:00,0001553350-22-000851,US GAAP 2022,Field: Set; Name: xdx; ID: xdx_05F_edei%2D%2DDocumentFiscalPeriodFocus_Q1,10-Q,http://www.sec.gov/Archives/edgar/data/788920/000155335022000851/pdex_10q.htm,2022-11-03,2022,522643,https://www.sec.gov/Archives/edgar/data/788920/000155335022000851/0001553350-22-000851-index.htm,3841,10q-pdex-20220930
DQC.US.0109.9569,"2022-11-04 11:16:15,065 [DQC.US.0109.9569] The concept us-gaap:ConcentrationRiskPercentage1 with value 0.1 should always be used with the ConcentrationRiskByTypeAxis the ConcentrationRiskByBenchmarkAxis and a third axis to identify the risk area.  This element can only have a value of 1 when only the ConcentrationRiskByTypeAxis and ConcentrationRiskByBenchmarkAxis are used.  This fact needs another axis to identify the specific us-gaap:SupplierConcentrationRiskMember risk. If this value represents the Concentration Risk, Threshold Percentage then use the extension element ConcentrationRiskThresholdPercentage. 

The properties of this us-gaap:ConcentrationRiskPercentage1 fact are:

Period :2022-07-01 to 2022-09-30
Dimensions : us-gaap:ConcentrationRiskByBenchmarkAxis=pdex:PurchaseMember, us-gaap:ConcentrationRiskByTypeAxis=us-gaap:SupplierConcentrationRiskMember
Unit : pure


Rule Element Id:9569
Rule version: 19.0.1 - pdex_10q.htm 2835",2022-11-04,ERROR,DQC,109,788920,PRO DEX INC,2022-11-03 16:49:00,0001553350-22-000851,US GAAP 2022,Field: Set; Name: xdx; ID: xdx_05F_edei%2D%2DDocumentFiscalPeriodFocus_Q1,10-Q,http://www.sec.gov/Archives/edgar/data/788920/000155335022000851/pdex_10q.htm,2022-11-03,2022,522643,https://www.sec.gov/Archives/edgar/data/788920/000155335022000851/0001553350-22-000851-index.htm,3841,10q-pdex-20220930
DQC.US.0109.9569,"2022-11-04 11:16:15,066 [DQC.US.0109.9569] The concept us-gaap:ConcentrationRiskPercentage1 with value 0.17 should always be used with the ConcentrationRiskByTypeAxis the ConcentrationRiskByBenchmarkAxis and a third axis to identify the risk area.  This element can only have a value of 1 when only the ConcentrationRiskByTypeAxis and ConcentrationRiskByBenchmarkAxis are used.  This fact needs another axis to identify the specific pdex:CustomerConcentrationRisk2Member risk. If this value represents the Concentration Risk, Threshold Percentage then use the extension element ConcentrationRiskThresholdPercentage. 

The properties of this us-gaap:ConcentrationRiskPercentage1 fact are:

Period :2022-07-01 to 2022-09-30
Dimensions : us-gaap:ConcentrationRiskByBenchmarkAxis=us-gaap:AccountsReceivableMember, us-gaap:ConcentrationRiskByTypeAxis=pdex:CustomerConcentrationRisk2Member
Unit : pure


Rule Element Id:9569
Rule version: 19.0.1 - pdex_10q.htm 2958",2022-11-04,ERROR,DQC,109,788920,PRO DEX INC,2022-11-03 16:49:00,0001553350-22-000851,US GAAP 2022,Field: Set; Name: xdx; ID: xdx_05F_edei%2D%2DDocumentFiscalPeriodFocus_Q1,10-Q,http://www.sec.gov/Archives/edgar/data/788920/000155335022000851/pdex_10q.htm,2022-11-03,2022,522643,https://www.sec.gov/Archives/edgar/data/788920/000155335022000851/0001553350-22-000851-index.htm,3841,10q-pdex-20220930
DQC.US.0109.9569,"2022-11-04 11:16:15,066 [DQC.US.0109.9569] The concept us-gaap:ConcentrationRiskPercentage1 with value 0.82 should always be used with the ConcentrationRiskByTypeAxis the ConcentrationRiskByBenchmarkAxis and a third axis to identify the risk area.  This element can only have a value of 1 when only the ConcentrationRiskByTypeAxis and ConcentrationRiskByBenchmarkAxis are used.  This fact needs another axis to identify the specific pdex:CustomerConcentrationRisk1Member risk. If this value represents the Concentration Risk, Threshold Percentage then use the extension element ConcentrationRiskThresholdPercentage. 

The properties of this us-gaap:ConcentrationRiskPercentage1 fact are:

Period :2022-07-01 to 2022-09-30
Dimensions : us-gaap:ConcentrationRiskByBenchmarkAxis=us-gaap:AccountsReceivableMember, us-gaap:ConcentrationRiskByTypeAxis=pdex:CustomerConcentrationRisk1Member
Unit : pure


Rule Element Id:9569
Rule version: 19.0.1 - pdex_10q.htm 2952",2022-11-04,ERROR,DQC,109,788920,PRO DEX INC,2022-11-03 16:49:00,0001553350-22-000851,US GAAP 2022,Field: Set; Name: xdx; ID: xdx_05F_edei%2D%2DDocumentFiscalPeriodFocus_Q1,10-Q,http://www.sec.gov/Archives/edgar/data/788920/000155335022000851/pdex_10q.htm,2022-11-03,2022,522643,https://www.sec.gov/Archives/edgar/data/788920/000155335022000851/0001553350-22-000851-index.htm,3841,10q-pdex-20220930
DQC.US.0109.9569,"2022-11-04 11:16:15,067 [DQC.US.0109.9569] The concept us-gaap:ConcentrationRiskPercentage1 with value 0.1 should always be used with the ConcentrationRiskByTypeAxis the ConcentrationRiskByBenchmarkAxis and a third axis to identify the risk area.  This element can only have a value of 1 when only the ConcentrationRiskByTypeAxis and ConcentrationRiskByBenchmarkAxis are used.  This fact needs another axis to identify the specific pdex:SupplierConcentrationRiskOneMember risk. If this value represents the Concentration Risk, Threshold Percentage then use the extension element ConcentrationRiskThresholdPercentage. 

The properties of this us-gaap:ConcentrationRiskPercentage1 fact are:

Period :2022-07-01 to 2022-09-30
Dimensions : us-gaap:ConcentrationRiskByBenchmarkAxis=pdex:PurchaseMember, us-gaap:ConcentrationRiskByTypeAxis=pdex:SupplierConcentrationRiskOneMember
Unit : pure


Rule Element Id:9569
Rule version: 19.0.1 - pdex_10q.htm 2913",2022-11-04,ERROR,DQC,109,788920,PRO DEX INC,2022-11-03 16:49:00,0001553350-22-000851,US GAAP 2022,Field: Set; Name: xdx; ID: xdx_05F_edei%2D%2DDocumentFiscalPeriodFocus_Q1,10-Q,http://www.sec.gov/Archives/edgar/data/788920/000155335022000851/pdex_10q.htm,2022-11-03,2022,522643,https://www.sec.gov/Archives/edgar/data/788920/000155335022000851/0001553350-22-000851-index.htm,3841,10q-pdex-20220930
DQC.US.0109.9569,"2022-11-04 11:16:15,067 [DQC.US.0109.9569] The concept us-gaap:ConcentrationRiskPercentage1 with value 0.99 should always be used with the ConcentrationRiskByTypeAxis the ConcentrationRiskByBenchmarkAxis and a third axis to identify the risk area.  This element can only have a value of 1 when only the ConcentrationRiskByTypeAxis and ConcentrationRiskByBenchmarkAxis are used.  This fact needs another axis to identify the specific us-gaap:CustomerConcentrationRiskMember risk. If this value represents the Concentration Risk, Threshold Percentage then use the extension element ConcentrationRiskThresholdPercentage. 

The properties of this us-gaap:ConcentrationRiskPercentage1 fact are:

Period :2022-07-01 to 2022-09-30
Dimensions : us-gaap:ConcentrationRiskByTypeAxis=us-gaap:CustomerConcentrationRiskMember, us-gaap:ConcentrationRiskByBenchmarkAxis=us-gaap:AccountsReceivableMember
Unit : pure


Rule Element Id:9569
Rule version: 19.0.1 - pdex_10q.htm 2964",2022-11-04,ERROR,DQC,109,788920,PRO DEX INC,2022-11-03 16:49:00,0001553350-22-000851,US GAAP 2022,Field: Set; Name: xdx; ID: xdx_05F_edei%2D%2DDocumentFiscalPeriodFocus_Q1,10-Q,http://www.sec.gov/Archives/edgar/data/788920/000155335022000851/pdex_10q.htm,2022-11-03,2022,522643,https://www.sec.gov/Archives/edgar/data/788920/000155335022000851/0001553350-22-000851-index.htm,3841,10q-pdex-20220930
DQC.US.0109.9569,"2022-11-04 11:16:15,068 [DQC.US.0109.9569] The concept us-gaap:ConcentrationRiskPercentage1 with value 0.19 should always be used with the ConcentrationRiskByTypeAxis the ConcentrationRiskByBenchmarkAxis and a third axis to identify the risk area.  This element can only have a value of 1 when only the ConcentrationRiskByTypeAxis and ConcentrationRiskByBenchmarkAxis are used.  This fact needs another axis to identify the specific pdex:CustomerConcentrationRisk2Member risk. If this value represents the Concentration Risk, Threshold Percentage then use the extension element ConcentrationRiskThresholdPercentage. 

The properties of this us-gaap:ConcentrationRiskPercentage1 fact are:

Period :2022-07-01 to 2022-09-30
Dimensions : us-gaap:ConcentrationRiskByBenchmarkAxis=us-gaap:SalesMember, us-gaap:ConcentrationRiskByTypeAxis=pdex:CustomerConcentrationRisk2Member
Unit : pure


Rule Element Id:9569
Rule version: 19.0.1 - pdex_10q.htm 2899",2022-11-04,ERROR,DQC,109,788920,PRO DEX INC,2022-11-03 16:49:00,0001553350-22-000851,US GAAP 2022,Field: Set; Name: xdx; ID: xdx_05F_edei%2D%2DDocumentFiscalPeriodFocus_Q1,10-Q,http://www.sec.gov/Archives/edgar/data/788920/000155335022000851/pdex_10q.htm,2022-11-03,2022,522643,https://www.sec.gov/Archives/edgar/data/788920/000155335022000851/0001553350-22-000851-index.htm,3841,10q-pdex-20220930
DQC.US.0109.9569,"2022-11-04 11:16:15,068 [DQC.US.0109.9569] The concept us-gaap:ConcentrationRiskPercentage1 with value 0.68 should always be used with the ConcentrationRiskByTypeAxis the ConcentrationRiskByBenchmarkAxis and a third axis to identify the risk area.  This element can only have a value of 1 when only the ConcentrationRiskByTypeAxis and ConcentrationRiskByBenchmarkAxis are used.  This fact needs another axis to identify the specific pdex:CustomerConcentrationRisk1Member risk. If this value represents the Concentration Risk, Threshold Percentage then use the extension element ConcentrationRiskThresholdPercentage. 

The properties of this us-gaap:ConcentrationRiskPercentage1 fact are:

Period :2022-07-01 to 2022-09-30
Dimensions : us-gaap:ConcentrationRiskByBenchmarkAxis=us-gaap:SalesMember, us-gaap:ConcentrationRiskByTypeAxis=pdex:CustomerConcentrationRisk1Member
Unit : pure


Rule Element Id:9569
Rule version: 19.0.1 - pdex_10q.htm 2893",2022-11-04,ERROR,DQC,109,788920,PRO DEX INC,2022-11-03 16:49:00,0001553350-22-000851,US GAAP 2022,Field: Set; Name: xdx; ID: xdx_05F_edei%2D%2DDocumentFiscalPeriodFocus_Q1,10-Q,http://www.sec.gov/Archives/edgar/data/788920/000155335022000851/pdex_10q.htm,2022-11-03,2022,522643,https://www.sec.gov/Archives/edgar/data/788920/000155335022000851/0001553350-22-000851-index.htm,3841,10q-pdex-20220930
DQC.US.0109.9569,"2022-11-04 11:16:15,069 [DQC.US.0109.9569] The concept us-gaap:ConcentrationRiskPercentage1 with value 0.79 should always be used with the ConcentrationRiskByTypeAxis the ConcentrationRiskByBenchmarkAxis and a third axis to identify the risk area.  This element can only have a value of 1 when only the ConcentrationRiskByTypeAxis and ConcentrationRiskByBenchmarkAxis are used.  This fact needs another axis to identify the specific us-gaap:CustomerConcentrationRiskMember risk. If this value represents the Concentration Risk, Threshold Percentage then use the extension element ConcentrationRiskThresholdPercentage. 

The properties of this us-gaap:ConcentrationRiskPercentage1 fact are:

Period :2021-07-01 to 2021-09-30
Dimensions : us-gaap:ConcentrationRiskByBenchmarkAxis=us-gaap:SalesMember, us-gaap:ConcentrationRiskByTypeAxis=us-gaap:CustomerConcentrationRiskMember
Unit : pure


Rule Element Id:9569
Rule version: 19.0.1 - pdex_10q.htm 2907",2022-11-04,ERROR,DQC,109,788920,PRO DEX INC,2022-11-03 16:49:00,0001553350-22-000851,US GAAP 2022,Field: Set; Name: xdx; ID: xdx_05F_edei%2D%2DDocumentFiscalPeriodFocus_Q1,10-Q,http://www.sec.gov/Archives/edgar/data/788920/000155335022000851/pdex_10q.htm,2022-11-03,2022,522643,https://www.sec.gov/Archives/edgar/data/788920/000155335022000851/0001553350-22-000851-index.htm,3841,10q-pdex-20220930
DQC.US.0109.9569,"2022-11-04 11:16:15,070 [DQC.US.0109.9569] The concept us-gaap:ConcentrationRiskPercentage1 with value 0.09 should always be used with the ConcentrationRiskByTypeAxis the ConcentrationRiskByBenchmarkAxis and a third axis to identify the risk area.  This element can only have a value of 1 when only the ConcentrationRiskByTypeAxis and ConcentrationRiskByBenchmarkAxis are used.  This fact needs another axis to identify the specific pdex:CustomerConcentrationRisk2Member risk. If this value represents the Concentration Risk, Threshold Percentage then use the extension element ConcentrationRiskThresholdPercentage. 

The properties of this us-gaap:ConcentrationRiskPercentage1 fact are:

Period :2021-07-01 to 2021-09-30
Dimensions : us-gaap:ConcentrationRiskByTypeAxis=pdex:CustomerConcentrationRisk2Member, us-gaap:ConcentrationRiskByBenchmarkAxis=us-gaap:SalesMember
Unit : pure


Rule Element Id:9569
Rule version: 19.0.1 - pdex_10q.htm 2901",2022-11-04,ERROR,DQC,109,788920,PRO DEX INC,2022-11-03 16:49:00,0001553350-22-000851,US GAAP 2022,Field: Set; Name: xdx; ID: xdx_05F_edei%2D%2DDocumentFiscalPeriodFocus_Q1,10-Q,http://www.sec.gov/Archives/edgar/data/788920/000155335022000851/pdex_10q.htm,2022-11-03,2022,522643,https://www.sec.gov/Archives/edgar/data/788920/000155335022000851/0001553350-22-000851-index.htm,3841,10q-pdex-20220930
DQC.US.0109.9569,"2022-11-04 11:16:15,070 [DQC.US.0109.9569] The concept us-gaap:ConcentrationRiskPercentage1 with value 0.7 should always be used with the ConcentrationRiskByTypeAxis the ConcentrationRiskByBenchmarkAxis and a third axis to identify the risk area.  This element can only have a value of 1 when only the ConcentrationRiskByTypeAxis and ConcentrationRiskByBenchmarkAxis are used.  This fact needs another axis to identify the specific pdex:CustomerConcentrationRisk1Member risk. If this value represents the Concentration Risk, Threshold Percentage then use the extension element ConcentrationRiskThresholdPercentage. 

The properties of this us-gaap:ConcentrationRiskPercentage1 fact are:

Period :2021-07-01 to 2021-09-30
Dimensions : us-gaap:ConcentrationRiskByBenchmarkAxis=us-gaap:SalesMember, us-gaap:ConcentrationRiskByTypeAxis=pdex:CustomerConcentrationRisk1Member
Unit : pure


Rule Element Id:9569
Rule version: 19.0.1 - pdex_10q.htm 2895",2022-11-04,ERROR,DQC,109,788920,PRO DEX INC,2022-11-03 16:49:00,0001553350-22-000851,US GAAP 2022,Field: Set; Name: xdx; ID: xdx_05F_edei%2D%2DDocumentFiscalPeriodFocus_Q1,10-Q,http://www.sec.gov/Archives/edgar/data/788920/000155335022000851/pdex_10q.htm,2022-11-03,2022,522643,https://www.sec.gov/Archives/edgar/data/788920/000155335022000851/0001553350-22-000851-index.htm,3841,10q-pdex-20220930
DQC.US.0109.9569,"2022-11-04 11:16:15,071 [DQC.US.0109.9569] The concept us-gaap:ConcentrationRiskPercentage1 with value 0.14 should always be used with the ConcentrationRiskByTypeAxis the ConcentrationRiskByBenchmarkAxis and a third axis to identify the risk area.  This element can only have a value of 1 when only the ConcentrationRiskByTypeAxis and ConcentrationRiskByBenchmarkAxis are used.  This fact needs another axis to identify the specific pdex:CustomerConcentrationRisk2Member risk. If this value represents the Concentration Risk, Threshold Percentage then use the extension element ConcentrationRiskThresholdPercentage. 

The properties of this us-gaap:ConcentrationRiskPercentage1 fact are:

Period :2021-07-01 to 2022-06-30
Dimensions : us-gaap:ConcentrationRiskByBenchmarkAxis=us-gaap:AccountsReceivableMember, us-gaap:ConcentrationRiskByTypeAxis=pdex:CustomerConcentrationRisk2Member
Unit : pure


Rule Element Id:9569
Rule version: 19.0.1 - pdex_10q.htm 2960",2022-11-04,ERROR,DQC,109,788920,PRO DEX INC,2022-11-03 16:49:00,0001553350-22-000851,US GAAP 2022,Field: Set; Name: xdx; ID: xdx_05F_edei%2D%2DDocumentFiscalPeriodFocus_Q1,10-Q,http://www.sec.gov/Archives/edgar/data/788920/000155335022000851/pdex_10q.htm,2022-11-03,2022,522643,https://www.sec.gov/Archives/edgar/data/788920/000155335022000851/0001553350-22-000851-index.htm,3841,10q-pdex-20220930
DQC.US.0109.9569,"2022-11-04 11:16:15,071 [DQC.US.0109.9569] The concept us-gaap:ConcentrationRiskPercentage1 with value 0.1 should always be used with the ConcentrationRiskByTypeAxis the ConcentrationRiskByBenchmarkAxis and a third axis to identify the risk area.  This element can only have a value of 1 when only the ConcentrationRiskByTypeAxis and ConcentrationRiskByBenchmarkAxis are used.  This fact needs another axis to identify the specific us-gaap:SupplierConcentrationRiskMember risk. If this value represents the Concentration Risk, Threshold Percentage then use the extension element ConcentrationRiskThresholdPercentage. 

The properties of this us-gaap:ConcentrationRiskPercentage1 fact are:

Period :2021-07-01 to 2021-09-30
Dimensions : us-gaap:ConcentrationRiskByTypeAxis=us-gaap:SupplierConcentrationRiskMember, us-gaap:ConcentrationRiskByBenchmarkAxis=pdex:PurchaseMember
Unit : pure


Rule Element Id:9569
Rule version: 19.0.1 - pdex_10q.htm 2835",2022-11-04,ERROR,DQC,109,788920,PRO DEX INC,2022-11-03 16:49:00,0001553350-22-000851,US GAAP 2022,Field: Set; Name: xdx; ID: xdx_05F_edei%2D%2DDocumentFiscalPeriodFocus_Q1,10-Q,http://www.sec.gov/Archives/edgar/data/788920/000155335022000851/pdex_10q.htm,2022-11-03,2022,522643,https://www.sec.gov/Archives/edgar/data/788920/000155335022000851/0001553350-22-000851-index.htm,3841,10q-pdex-20220930
DQC.US.0109.9569,"2022-11-04 11:16:15,072 [DQC.US.0109.9569] The concept us-gaap:ConcentrationRiskPercentage1 with value 0.75 should always be used with the ConcentrationRiskByTypeAxis the ConcentrationRiskByBenchmarkAxis and a third axis to identify the risk area.  This element can only have a value of 1 when only the ConcentrationRiskByTypeAxis and ConcentrationRiskByBenchmarkAxis are used.  This fact needs another axis to identify the specific pdex:CustomerConcentrationRisk1Member risk. If this value represents the Concentration Risk, Threshold Percentage then use the extension element ConcentrationRiskThresholdPercentage. 

The properties of this us-gaap:ConcentrationRiskPercentage1 fact are:

Period :2021-07-01 to 2022-06-30
Dimensions : us-gaap:ConcentrationRiskByBenchmarkAxis=us-gaap:AccountsReceivableMember, us-gaap:ConcentrationRiskByTypeAxis=pdex:CustomerConcentrationRisk1Member
Unit : pure


Rule Element Id:9569
Rule version: 19.0.1 - pdex_10q.htm 2954",2022-11-04,ERROR,DQC,109,788920,PRO DEX INC,2022-11-03 16:49:00,0001553350-22-000851,US GAAP 2022,Field: Set; Name: xdx; ID: xdx_05F_edei%2D%2DDocumentFiscalPeriodFocus_Q1,10-Q,http://www.sec.gov/Archives/edgar/data/788920/000155335022000851/pdex_10q.htm,2022-11-03,2022,522643,https://www.sec.gov/Archives/edgar/data/788920/000155335022000851/0001553350-22-000851-index.htm,3841,10q-pdex-20220930
DQC.US.0109.9569,"2022-11-04 11:16:15,072 [DQC.US.0109.9569] The concept us-gaap:ConcentrationRiskPercentage1 with value 0.89 should always be used with the ConcentrationRiskByTypeAxis the ConcentrationRiskByBenchmarkAxis and a third axis to identify the risk area.  This element can only have a value of 1 when only the ConcentrationRiskByTypeAxis and ConcentrationRiskByBenchmarkAxis are used.  This fact needs another axis to identify the specific us-gaap:CustomerConcentrationRiskMember risk. If this value represents the Concentration Risk, Threshold Percentage then use the extension element ConcentrationRiskThresholdPercentage. 

The properties of this us-gaap:ConcentrationRiskPercentage1 fact are:

Period :2021-07-01 to 2022-06-30
Dimensions : us-gaap:ConcentrationRiskByTypeAxis=us-gaap:CustomerConcentrationRiskMember, us-gaap:ConcentrationRiskByBenchmarkAxis=us-gaap:AccountsReceivableMember
Unit : pure


Rule Element Id:9569
Rule version: 19.0.1 - pdex_10q.htm 2966",2022-11-04,ERROR,DQC,109,788920,PRO DEX INC,2022-11-03 16:49:00,0001553350-22-000851,US GAAP 2022,Field: Set; Name: xdx; ID: xdx_05F_edei%2D%2DDocumentFiscalPeriodFocus_Q1,10-Q,http://www.sec.gov/Archives/edgar/data/788920/000155335022000851/pdex_10q.htm,2022-11-03,2022,522643,https://www.sec.gov/Archives/edgar/data/788920/000155335022000851/0001553350-22-000851-index.htm,3841,10q-pdex-20220930
DQC.US.0109.9569,"2022-11-04 11:16:15,073 [DQC.US.0109.9569] The concept us-gaap:ConcentrationRiskPercentage1 with value 0.1 should always be used with the ConcentrationRiskByTypeAxis the ConcentrationRiskByBenchmarkAxis and a third axis to identify the risk area.  This element can only have a value of 1 when only the ConcentrationRiskByTypeAxis and ConcentrationRiskByBenchmarkAxis are used.  This fact needs another axis to identify the specific pdex:SupplierConcentrationRiskOneMember risk. If this value represents the Concentration Risk, Threshold Percentage then use the extension element ConcentrationRiskThresholdPercentage. 

The properties of this us-gaap:ConcentrationRiskPercentage1 fact are:

Period :2021-07-01 to 2022-06-30
Dimensions : us-gaap:ConcentrationRiskByBenchmarkAxis=pdex:PurchaseMember, us-gaap:ConcentrationRiskByTypeAxis=pdex:SupplierConcentrationRiskOneMember
Unit : pure


Rule Element Id:9569
Rule version: 19.0.1 - pdex_10q.htm 2913",2022-11-04,ERROR,DQC,109,788920,PRO DEX INC,2022-11-03 16:49:00,0001553350-22-000851,US GAAP 2022,Field: Set; Name: xdx; ID: xdx_05F_edei%2D%2DDocumentFiscalPeriodFocus_Q1,10-Q,http://www.sec.gov/Archives/edgar/data/788920/000155335022000851/pdex_10q.htm,2022-11-03,2022,522643,https://www.sec.gov/Archives/edgar/data/788920/000155335022000851/0001553350-22-000851-index.htm,3841,10q-pdex-20220930
DQC.US.0109.9569,"2023-03-01 18:58:30,929 [DQC.US.0109.9569] The concept us-gaap:ConcentrationRiskPercentage1 with value 0.291 should always be used with the ConcentrationRiskByTypeAxis the ConcentrationRiskByBenchmarkAxis and a third axis to identify the risk area.  This element can only have a value of 1 when only the ConcentrationRiskByTypeAxis and ConcentrationRiskByBenchmarkAxis are used.  This fact needs another axis to identify the specific us-gaap:CreditConcentrationRiskMember risk. If this value represents the Concentration Risk, Threshold Percentage then use the extension element ConcentrationRiskThresholdPercentage. 

The properties of this us-gaap:ConcentrationRiskPercentage1 fact are:

Period :2022-01-01 to 2022-03-31
Dimensions : us-gaap:ConcentrationRiskByTypeAxis=us-gaap:CreditConcentrationRiskMember, us-gaap:ConcentrationRiskByBenchmarkAxis=efc:DueFromBrokerMember
Unit : pure


Rule Element Id:9569
Rule version: 20.0.2 - efc-20221231.htm 4",2023-03-01,ERROR,DQC,109,1411342,ELLINGTON FINANCIAL INC,2023-03-01 16:57:00,0001411342-23-000056,US GAAP 2021,XBRL Document Created with Wdesk from Workiva,10-K,http://www.sec.gov/Archives/edgar/data/1411342/000141134223000056/efc-20221231.htm,2023-03-01,2023,554437,https://www.sec.gov/Archives/edgar/data/1411342/000141134223000056/0001411342-23-000056-index.htm,6500,10k-efc-20221231
DQC.US.0109.9569,"2023-03-01 18:58:30,929 [DQC.US.0109.9569] The concept us-gaap:ConcentrationRiskPercentage1 with value 0.469 should always be used with the ConcentrationRiskByTypeAxis the ConcentrationRiskByBenchmarkAxis and a third axis to identify the risk area.  This element can only have a value of 1 when only the ConcentrationRiskByTypeAxis and ConcentrationRiskByBenchmarkAxis are used.  This fact needs another axis to identify the specific us-gaap:CreditConcentrationRiskMember risk. If this value represents the Concentration Risk, Threshold Percentage then use the extension element ConcentrationRiskThresholdPercentage. 

The properties of this us-gaap:ConcentrationRiskPercentage1 fact are:

Period :2022-01-01 to 2022-03-31
Dimensions : us-gaap:ConcentrationRiskByBenchmarkAxis=us-gaap:CashAndCashEquivalentsMember, us-gaap:ConcentrationRiskByTypeAxis=us-gaap:CreditConcentrationRiskMember
Unit : pure


Rule Element Id:9569
Rule version: 20.0.2 - efc-20221231.htm 4",2023-03-01,ERROR,DQC,109,1411342,ELLINGTON FINANCIAL INC,2023-03-01 16:57:00,0001411342-23-000056,US GAAP 2021,XBRL Document Created with Wdesk from Workiva,10-K,http://www.sec.gov/Archives/edgar/data/1411342/000141134223000056/efc-20221231.htm,2023-03-01,2023,554437,https://www.sec.gov/Archives/edgar/data/1411342/000141134223000056/0001411342-23-000056-index.htm,6500,10k-efc-20221231
DQC.US.0109.9569,"2023-03-01 18:58:30,929 [DQC.US.0109.9569] The concept us-gaap:ConcentrationRiskPercentage1 with value 0.507 should always be used with the ConcentrationRiskByTypeAxis the ConcentrationRiskByBenchmarkAxis and a third axis to identify the risk area.  This element can only have a value of 1 when only the ConcentrationRiskByTypeAxis and ConcentrationRiskByBenchmarkAxis are used.  This fact needs another axis to identify the specific us-gaap:CreditConcentrationRiskMember risk. If this value represents the Concentration Risk, Threshold Percentage then use the extension element ConcentrationRiskThresholdPercentage. 

The properties of this us-gaap:ConcentrationRiskPercentage1 fact are:

Period :2022-01-01 to 2022-03-31
Dimensions : us-gaap:ConcentrationRiskByTypeAxis=us-gaap:CreditConcentrationRiskMember, us-gaap:ConcentrationRiskByBenchmarkAxis=efc:ReceivableForSecuritiesSoldMember
Unit : pure


Rule Element Id:9569
Rule version: 20.0.2 - efc-20221231.htm 4",2023-03-01,ERROR,DQC,109,1411342,ELLINGTON FINANCIAL INC,2023-03-01 16:57:00,0001411342-23-000056,US GAAP 2021,XBRL Document Created with Wdesk from Workiva,10-K,http://www.sec.gov/Archives/edgar/data/1411342/000141134223000056/efc-20221231.htm,2023-03-01,2023,554437,https://www.sec.gov/Archives/edgar/data/1411342/000141134223000056/0001411342-23-000056-index.htm,6500,10k-efc-20221231
DQC.US.0109.9569,"2023-03-01 18:58:30,930 [DQC.US.0109.9569] The concept us-gaap:ConcentrationRiskPercentage1 with value 0.216 should always be used with the ConcentrationRiskByTypeAxis the ConcentrationRiskByBenchmarkAxis and a third axis to identify the risk area.  This element can only have a value of 1 when only the ConcentrationRiskByTypeAxis and ConcentrationRiskByBenchmarkAxis are used.  This fact needs another axis to identify the specific us-gaap:CreditConcentrationRiskMember risk. If this value represents the Concentration Risk, Threshold Percentage then use the extension element ConcentrationRiskThresholdPercentage. 

The properties of this us-gaap:ConcentrationRiskPercentage1 fact are:

Period :2022-01-01 to 2022-12-31
Dimensions : us-gaap:ConcentrationRiskByTypeAxis=us-gaap:CreditConcentrationRiskMember, us-gaap:ConcentrationRiskByBenchmarkAxis=efc:CollateralOnRepurchaseAgreementsMember
Unit : pure


Rule Element Id:9569
Rule version: 20.0.2 - efc-20221231.htm 4",2023-03-01,ERROR,DQC,109,1411342,ELLINGTON FINANCIAL INC,2023-03-01 16:57:00,0001411342-23-000056,US GAAP 2021,XBRL Document Created with Wdesk from Workiva,10-K,http://www.sec.gov/Archives/edgar/data/1411342/000141134223000056/efc-20221231.htm,2023-03-01,2023,554437,https://www.sec.gov/Archives/edgar/data/1411342/000141134223000056/0001411342-23-000056-index.htm,6500,10k-efc-20221231
DQC.US.0109.9569,"2023-03-01 18:58:30,930 [DQC.US.0109.9569] The concept us-gaap:ConcentrationRiskPercentage1 with value 0.335 should always be used with the ConcentrationRiskByTypeAxis the ConcentrationRiskByBenchmarkAxis and a third axis to identify the risk area.  This element can only have a value of 1 when only the ConcentrationRiskByTypeAxis and ConcentrationRiskByBenchmarkAxis are used.  This fact needs another axis to identify the specific us-gaap:CreditConcentrationRiskMember risk. If this value represents the Concentration Risk, Threshold Percentage then use the extension element ConcentrationRiskThresholdPercentage. 

The properties of this us-gaap:ConcentrationRiskPercentage1 fact are:

Period :2022-01-01 to 2022-03-31
Dimensions : us-gaap:ConcentrationRiskByTypeAxis=us-gaap:CreditConcentrationRiskMember, us-gaap:ConcentrationRiskByBenchmarkAxis=efc:CollateralOnRepurchaseAgreementsMember
Unit : pure


Rule Element Id:9569
Rule version: 20.0.2 - efc-20221231.htm 4",2023-03-01,ERROR,DQC,109,1411342,ELLINGTON FINANCIAL INC,2023-03-01 16:57:00,0001411342-23-000056,US GAAP 2021,XBRL Document Created with Wdesk from Workiva,10-K,http://www.sec.gov/Archives/edgar/data/1411342/000141134223000056/efc-20221231.htm,2023-03-01,2023,554437,https://www.sec.gov/Archives/edgar/data/1411342/000141134223000056/0001411342-23-000056-index.htm,6500,10k-efc-20221231
DQC.US.0109.9569,"2023-03-01 18:58:30,930 [DQC.US.0109.9569] The concept us-gaap:ConcentrationRiskPercentage1 with value 0.364 should always be used with the ConcentrationRiskByTypeAxis the ConcentrationRiskByBenchmarkAxis and a third axis to identify the risk area.  This element can only have a value of 1 when only the ConcentrationRiskByTypeAxis and ConcentrationRiskByBenchmarkAxis are used.  This fact needs another axis to identify the specific us-gaap:CreditConcentrationRiskMember risk. If this value represents the Concentration Risk, Threshold Percentage then use the extension element ConcentrationRiskThresholdPercentage. 

The properties of this us-gaap:ConcentrationRiskPercentage1 fact are:

Period :2022-01-01 to 2022-12-31
Dimensions : us-gaap:ConcentrationRiskByBenchmarkAxis=efc:ReceivableForSecuritiesSoldMember, us-gaap:ConcentrationRiskByTypeAxis=us-gaap:CreditConcentrationRiskMember
Unit : pure


Rule Element Id:9569
Rule version: 20.0.2 - efc-20221231.htm 4",2023-03-01,ERROR,DQC,109,1411342,ELLINGTON FINANCIAL INC,2023-03-01 16:57:00,0001411342-23-000056,US GAAP 2021,XBRL Document Created with Wdesk from Workiva,10-K,http://www.sec.gov/Archives/edgar/data/1411342/000141134223000056/efc-20221231.htm,2023-03-01,2023,554437,https://www.sec.gov/Archives/edgar/data/1411342/000141134223000056/0001411342-23-000056-index.htm,6500,10k-efc-20221231
DQC.US.0109.9569,"2023-03-01 18:58:30,931 [DQC.US.0109.9569] The concept us-gaap:ConcentrationRiskPercentage1 with value 0.228 should always be used with the ConcentrationRiskByTypeAxis the ConcentrationRiskByBenchmarkAxis and a third axis to identify the risk area.  This element can only have a value of 1 when only the ConcentrationRiskByTypeAxis and ConcentrationRiskByBenchmarkAxis are used.  This fact needs another axis to identify the specific us-gaap:CreditConcentrationRiskMember risk. If this value represents the Concentration Risk, Threshold Percentage then use the extension element ConcentrationRiskThresholdPercentage. 

The properties of this us-gaap:ConcentrationRiskPercentage1 fact are:

Period :2022-01-01 to 2022-12-31
Dimensions : us-gaap:ConcentrationRiskByTypeAxis=us-gaap:CreditConcentrationRiskMember, us-gaap:ConcentrationRiskByBenchmarkAxis=efc:DueFromBrokerMember
Unit : pure


Rule Element Id:9569
Rule version: 20.0.2 - efc-20221231.htm 4",2023-03-01,ERROR,DQC,109,1411342,ELLINGTON FINANCIAL INC,2023-03-01 16:57:00,0001411342-23-000056,US GAAP 2021,XBRL Document Created with Wdesk from Workiva,10-K,http://www.sec.gov/Archives/edgar/data/1411342/000141134223000056/efc-20221231.htm,2023-03-01,2023,554437,https://www.sec.gov/Archives/edgar/data/1411342/000141134223000056/0001411342-23-000056-index.htm,6500,10k-efc-20221231
DQC.US.0109.9569,"2023-03-01 18:58:30,931 [DQC.US.0109.9569] The concept us-gaap:ConcentrationRiskPercentage1 with value 0.413 should always be used with the ConcentrationRiskByTypeAxis the ConcentrationRiskByBenchmarkAxis and a third axis to identify the risk area.  This element can only have a value of 1 when only the ConcentrationRiskByTypeAxis and ConcentrationRiskByBenchmarkAxis are used.  This fact needs another axis to identify the specific us-gaap:CreditConcentrationRiskMember risk. If this value represents the Concentration Risk, Threshold Percentage then use the extension element ConcentrationRiskThresholdPercentage. 

The properties of this us-gaap:ConcentrationRiskPercentage1 fact are:

Period :2022-01-01 to 2022-12-31
Dimensions : us-gaap:ConcentrationRiskByBenchmarkAxis=us-gaap:CashAndCashEquivalentsMember, us-gaap:ConcentrationRiskByTypeAxis=us-gaap:CreditConcentrationRiskMember
Unit : pure


Rule Element Id:9569
Rule version: 20.0.2 - efc-20221231.htm 4",2023-03-01,ERROR,DQC,109,1411342,ELLINGTON FINANCIAL INC,2023-03-01 16:57:00,0001411342-23-000056,US GAAP 2021,XBRL Document Created with Wdesk from Workiva,10-K,http://www.sec.gov/Archives/edgar/data/1411342/000141134223000056/efc-20221231.htm,2023-03-01,2023,554437,https://www.sec.gov/Archives/edgar/data/1411342/000141134223000056/0001411342-23-000056-index.htm,6500,10k-efc-20221231
DQC.US.0109.9569,"2023-04-01 06:59:43,194 [DQC.US.0109.9569] The concept us-gaap:ConcentrationRiskPercentage1 with value 0.71 should always be used with the ConcentrationRiskByTypeAxis the ConcentrationRiskByBenchmarkAxis and a third axis to identify the risk area.  This element can only have a value of 1 when only the ConcentrationRiskByTypeAxis and ConcentrationRiskByBenchmarkAxis are used.  This fact needs another axis to identify the specific us-gaap:CustomerConcentrationRiskMember risk. If this value represents the Concentration Risk, Threshold Percentage then use the extension element ConcentrationRiskThresholdPercentage. 

The properties of this us-gaap:ConcentrationRiskPercentage1 fact are:

Period :2022-01-01 to 2022-12-31
Dimensions : us-gaap:ConcentrationRiskByTypeAxis=us-gaap:CustomerConcentrationRiskMember, us-gaap:ConcentrationRiskByBenchmarkAxis=us-gaap:SalesRevenueNetMember
Unit : pure


Rule Element Id:9569
Rule version: 20.0.3 - capc_10-k.htm 13927",2023-04-01,ERROR,DQC,109,814926,"CAPSTONE COMPANIES, INC.",2023-03-31 14:56:00,0001903596-23-000255,US GAAP 2022,Novaworks,10-K,http://www.sec.gov/Archives/edgar/data/814926/000190359623000255/capc_10-k.htm,2023-03-31,2023,565058,https://www.sec.gov/Archives/edgar/data/814926/000190359623000255/0001903596-23-000255-index.htm,3640,10k-capc-20221231
DQC.US.0109.9569,"2023-04-01 06:59:43,194 [DQC.US.0109.9569] The concept us-gaap:ConcentrationRiskPercentage1 with value 0.95 should always be used with the ConcentrationRiskByTypeAxis the ConcentrationRiskByBenchmarkAxis and a third axis to identify the risk area.  This element can only have a value of 1 when only the ConcentrationRiskByTypeAxis and ConcentrationRiskByBenchmarkAxis are used.  This fact needs another axis to identify the specific us-gaap:SupplierConcentrationRiskMember risk. If this value represents the Concentration Risk, Threshold Percentage then use the extension element ConcentrationRiskThresholdPercentage. 

The properties of this us-gaap:ConcentrationRiskPercentage1 fact are:

Period :2022-01-01 to 2022-12-31
Dimensions : us-gaap:ConcentrationRiskByTypeAxis=us-gaap:SupplierConcentrationRiskMember, us-gaap:ConcentrationRiskByBenchmarkAxis=us-gaap:CostOfGoodsTotalMember
Unit : pure


Rule Element Id:9569
Rule version: 20.0.3 - capc_10-k.htm 13987",2023-04-01,ERROR,DQC,109,814926,"CAPSTONE COMPANIES, INC.",2023-03-31 14:56:00,0001903596-23-000255,US GAAP 2022,Novaworks,10-K,http://www.sec.gov/Archives/edgar/data/814926/000190359623000255/capc_10-k.htm,2023-03-31,2023,565058,https://www.sec.gov/Archives/edgar/data/814926/000190359623000255/0001903596-23-000255-index.htm,3640,10k-capc-20221231
DQC.US.0109.9569,"2023-04-01 06:59:43,195 [DQC.US.0109.9569] The concept us-gaap:ConcentrationRiskPercentage1 with value 0.13 should always be used with the ConcentrationRiskByTypeAxis the ConcentrationRiskByBenchmarkAxis and a third axis to identify the risk area.  This element can only have a value of 1 when only the ConcentrationRiskByTypeAxis and ConcentrationRiskByBenchmarkAxis are used.  This fact needs another axis to identify the specific CAPC:CustomerConcentrationRiskTwoMember risk. If this value represents the Concentration Risk, Threshold Percentage then use the extension element ConcentrationRiskThresholdPercentage. 

The properties of this us-gaap:ConcentrationRiskPercentage1 fact are:

Period :2022-01-01 to 2022-12-31
Dimensions : us-gaap:ConcentrationRiskByTypeAxis=CAPC:CustomerConcentrationRiskTwoMember, us-gaap:ConcentrationRiskByBenchmarkAxis=us-gaap:SalesRevenueNetMember
Unit : pure


Rule Element Id:9569
Rule version: 20.0.3 - capc_10-k.htm 13921",2023-04-01,ERROR,DQC,109,814926,"CAPSTONE COMPANIES, INC.",2023-03-31 14:56:00,0001903596-23-000255,US GAAP 2022,Novaworks,10-K,http://www.sec.gov/Archives/edgar/data/814926/000190359623000255/capc_10-k.htm,2023-03-31,2023,565058,https://www.sec.gov/Archives/edgar/data/814926/000190359623000255/0001903596-23-000255-index.htm,3640,10k-capc-20221231
DQC.US.0109.9569,"2023-04-01 06:59:43,195 [DQC.US.0109.9569] The concept us-gaap:ConcentrationRiskPercentage1 with value 0.13 should always be used with the ConcentrationRiskByTypeAxis the ConcentrationRiskByBenchmarkAxis and a third axis to identify the risk area.  This element can only have a value of 1 when only the ConcentrationRiskByTypeAxis and ConcentrationRiskByBenchmarkAxis are used.  This fact needs another axis to identify the specific us-gaap:GeographicConcentrationRiskMember risk. If this value represents the Concentration Risk, Threshold Percentage then use the extension element ConcentrationRiskThresholdPercentage. 

The properties of this us-gaap:ConcentrationRiskPercentage1 fact are:

Period :2022-01-01 to 2022-12-31
Dimensions : us-gaap:ConcentrationRiskByBenchmarkAxis=us-gaap:SalesRevenueNetMember, us-gaap:ConcentrationRiskByTypeAxis=us-gaap:GeographicConcentrationRiskMember
Unit : pure


Rule Element Id:9569
Rule version: 20.0.3 - capc_10-k.htm 13878",2023-04-01,ERROR,DQC,109,814926,"CAPSTONE COMPANIES, INC.",2023-03-31 14:56:00,0001903596-23-000255,US GAAP 2022,Novaworks,10-K,http://www.sec.gov/Archives/edgar/data/814926/000190359623000255/capc_10-k.htm,2023-03-31,2023,565058,https://www.sec.gov/Archives/edgar/data/814926/000190359623000255/0001903596-23-000255-index.htm,3640,10k-capc-20221231
DQC.US.0109.9569,"2023-04-01 06:59:43,196 [DQC.US.0109.9569] The concept us-gaap:ConcentrationRiskPercentage1 with value 0.08 should always be used with the ConcentrationRiskByTypeAxis the ConcentrationRiskByBenchmarkAxis and a third axis to identify the risk area.  This element can only have a value of 1 when only the ConcentrationRiskByTypeAxis and ConcentrationRiskByBenchmarkAxis are used.  This fact needs another axis to identify the specific CAPC:SupplierConcentrationRiskThreeMember risk. If this value represents the Concentration Risk, Threshold Percentage then use the extension element ConcentrationRiskThresholdPercentage. 

The properties of this us-gaap:ConcentrationRiskPercentage1 fact are:

Period :2022-01-01 to 2022-12-31
Dimensions : us-gaap:ConcentrationRiskByTypeAxis=CAPC:SupplierConcentrationRiskThreeMember, us-gaap:ConcentrationRiskByBenchmarkAxis=us-gaap:AccountsPayableMember
Unit : pure


Rule Element Id:9569
Rule version: 20.0.3 - capc_10-k.htm 13946",2023-04-01,ERROR,DQC,109,814926,"CAPSTONE COMPANIES, INC.",2023-03-31 14:56:00,0001903596-23-000255,US GAAP 2022,Novaworks,10-K,http://www.sec.gov/Archives/edgar/data/814926/000190359623000255/capc_10-k.htm,2023-03-31,2023,565058,https://www.sec.gov/Archives/edgar/data/814926/000190359623000255/0001903596-23-000255-index.htm,3640,10k-capc-20221231
DQC.US.0109.9569,"2023-04-01 06:59:43,196 [DQC.US.0109.9569] The concept us-gaap:ConcentrationRiskPercentage1 with value 0.58 should always be used with the ConcentrationRiskByTypeAxis the ConcentrationRiskByBenchmarkAxis and a third axis to identify the risk area.  This element can only have a value of 1 when only the ConcentrationRiskByTypeAxis and ConcentrationRiskByBenchmarkAxis are used.  This fact needs another axis to identify the specific CAPC:CustomerConcentrationRiskOneMember risk. If this value represents the Concentration Risk, Threshold Percentage then use the extension element ConcentrationRiskThresholdPercentage. 

The properties of this us-gaap:ConcentrationRiskPercentage1 fact are:

Period :2022-01-01 to 2022-12-31
Dimensions : us-gaap:ConcentrationRiskByBenchmarkAxis=us-gaap:SalesRevenueNetMember, us-gaap:ConcentrationRiskByTypeAxis=CAPC:CustomerConcentrationRiskOneMember
Unit : pure


Rule Element Id:9569
Rule version: 20.0.3 - capc_10-k.htm 13914",2023-04-01,ERROR,DQC,109,814926,"CAPSTONE COMPANIES, INC.",2023-03-31 14:56:00,0001903596-23-000255,US GAAP 2022,Novaworks,10-K,http://www.sec.gov/Archives/edgar/data/814926/000190359623000255/capc_10-k.htm,2023-03-31,2023,565058,https://www.sec.gov/Archives/edgar/data/814926/000190359623000255/0001903596-23-000255-index.htm,3640,10k-capc-20221231
DQC.US.0109.9569,"2023-04-01 06:59:43,196 [DQC.US.0109.9569] The concept us-gaap:ConcentrationRiskPercentage1 with value 0.73 should always be used with the ConcentrationRiskByTypeAxis the ConcentrationRiskByBenchmarkAxis and a third axis to identify the risk area.  This element can only have a value of 1 when only the ConcentrationRiskByTypeAxis and ConcentrationRiskByBenchmarkAxis are used.  This fact needs another axis to identify the specific CAPC:SupplierConcentrationRiskThreeMember risk. If this value represents the Concentration Risk, Threshold Percentage then use the extension element ConcentrationRiskThresholdPercentage. 

The properties of this us-gaap:ConcentrationRiskPercentage1 fact are:

Period :2022-01-01 to 2022-12-31
Dimensions : us-gaap:ConcentrationRiskByTypeAxis=CAPC:SupplierConcentrationRiskThreeMember, us-gaap:ConcentrationRiskByBenchmarkAxis=us-gaap:CostOfGoodsTotalMember
Unit : pure


Rule Element Id:9569
Rule version: 20.0.3 - capc_10-k.htm 13940",2023-04-01,ERROR,DQC,109,814926,"CAPSTONE COMPANIES, INC.",2023-03-31 14:56:00,0001903596-23-000255,US GAAP 2022,Novaworks,10-K,http://www.sec.gov/Archives/edgar/data/814926/000190359623000255/capc_10-k.htm,2023-03-31,2023,565058,https://www.sec.gov/Archives/edgar/data/814926/000190359623000255/0001903596-23-000255-index.htm,3640,10k-capc-20221231
DQC.US.0109.9569,"2023-04-01 06:59:43,197 [DQC.US.0109.9569] The concept us-gaap:ConcentrationRiskPercentage1 with value 0.22 should always be used with the ConcentrationRiskByTypeAxis the ConcentrationRiskByBenchmarkAxis and a third axis to identify the risk area.  This element can only have a value of 1 when only the ConcentrationRiskByTypeAxis and ConcentrationRiskByBenchmarkAxis are used.  This fact needs another axis to identify the specific CAPC:SupplierConcentrationRiskFourMember risk. If this value represents the Concentration Risk, Threshold Percentage then use the extension element ConcentrationRiskThresholdPercentage. 

The properties of this us-gaap:ConcentrationRiskPercentage1 fact are:

Period :2022-01-01 to 2022-12-31
Dimensions : us-gaap:ConcentrationRiskByTypeAxis=CAPC:SupplierConcentrationRiskFourMember, us-gaap:ConcentrationRiskByBenchmarkAxis=us-gaap:CostOfGoodsTotalMember
Unit : pure


Rule Element Id:9569
Rule version: 20.0.3 - capc_10-k.htm 13940",2023-04-01,ERROR,DQC,109,814926,"CAPSTONE COMPANIES, INC.",2023-03-31 14:56:00,0001903596-23-000255,US GAAP 2022,Novaworks,10-K,http://www.sec.gov/Archives/edgar/data/814926/000190359623000255/capc_10-k.htm,2023-03-31,2023,565058,https://www.sec.gov/Archives/edgar/data/814926/000190359623000255/0001903596-23-000255-index.htm,3640,10k-capc-20221231
DQC.US.0109.9569,"2023-04-01 06:59:43,197 [DQC.US.0109.9569] The concept us-gaap:ConcentrationRiskPercentage1 with value 0.22 should always be used with the ConcentrationRiskByTypeAxis the ConcentrationRiskByBenchmarkAxis and a third axis to identify the risk area.  This element can only have a value of 1 when only the ConcentrationRiskByTypeAxis and ConcentrationRiskByBenchmarkAxis are used.  This fact needs another axis to identify the specific CAPC:SupplierConcentrationRiskTwoMember risk. If this value represents the Concentration Risk, Threshold Percentage then use the extension element ConcentrationRiskThresholdPercentage. 

The properties of this us-gaap:ConcentrationRiskPercentage1 fact are:

Period :2022-01-01 to 2022-12-31
Dimensions : us-gaap:ConcentrationRiskByTypeAxis=CAPC:SupplierConcentrationRiskTwoMember, us-gaap:ConcentrationRiskByBenchmarkAxis=us-gaap:CostOfGoodsTotalMember
Unit : pure


Rule Element Id:9569
Rule version: 20.0.3 - capc_10-k.htm 13981",2023-04-01,ERROR,DQC,109,814926,"CAPSTONE COMPANIES, INC.",2023-03-31 14:56:00,0001903596-23-000255,US GAAP 2022,Novaworks,10-K,http://www.sec.gov/Archives/edgar/data/814926/000190359623000255/capc_10-k.htm,2023-03-31,2023,565058,https://www.sec.gov/Archives/edgar/data/814926/000190359623000255/0001903596-23-000255-index.htm,3640,10k-capc-20221231
DQC.US.0109.9569,"2023-04-01 06:59:43,197 [DQC.US.0109.9569] The concept us-gaap:ConcentrationRiskPercentage1 with value 0.73 should always be used with the ConcentrationRiskByTypeAxis the ConcentrationRiskByBenchmarkAxis and a third axis to identify the risk area.  This element can only have a value of 1 when only the ConcentrationRiskByTypeAxis and ConcentrationRiskByBenchmarkAxis are used.  This fact needs another axis to identify the specific CAPC:SupplierConcentrationRiskOneMember risk. If this value represents the Concentration Risk, Threshold Percentage then use the extension element ConcentrationRiskThresholdPercentage. 

The properties of this us-gaap:ConcentrationRiskPercentage1 fact are:

Period :2022-01-01 to 2022-12-31
Dimensions : us-gaap:ConcentrationRiskByBenchmarkAxis=us-gaap:CostOfGoodsTotalMember, us-gaap:ConcentrationRiskByTypeAxis=CAPC:SupplierConcentrationRiskOneMember
Unit : pure


Rule Element Id:9569
Rule version: 20.0.3 - capc_10-k.htm 13974",2023-04-01,ERROR,DQC,109,814926,"CAPSTONE COMPANIES, INC.",2023-03-31 14:56:00,0001903596-23-000255,US GAAP 2022,Novaworks,10-K,http://www.sec.gov/Archives/edgar/data/814926/000190359623000255/capc_10-k.htm,2023-03-31,2023,565058,https://www.sec.gov/Archives/edgar/data/814926/000190359623000255/0001903596-23-000255-index.htm,3640,10k-capc-20221231
DQC.US.0109.9569,"2023-04-01 06:59:43,198 [DQC.US.0109.9569] The concept us-gaap:ConcentrationRiskPercentage1 with value 0.23 should always be used with the ConcentrationRiskByTypeAxis the ConcentrationRiskByBenchmarkAxis and a third axis to identify the risk area.  This element can only have a value of 1 when only the ConcentrationRiskByTypeAxis and ConcentrationRiskByBenchmarkAxis are used.  This fact needs another axis to identify the specific CAPC:SupplierConcentrationRiskFourMember risk. If this value represents the Concentration Risk, Threshold Percentage then use the extension element ConcentrationRiskThresholdPercentage. 

The properties of this us-gaap:ConcentrationRiskPercentage1 fact are:

Period :2021-01-01 to 2021-12-31
Dimensions : us-gaap:ConcentrationRiskByBenchmarkAxis=us-gaap:CostOfGoodsTotalMember, us-gaap:ConcentrationRiskByTypeAxis=CAPC:SupplierConcentrationRiskFourMember
Unit : pure


Rule Element Id:9569
Rule version: 20.0.3 - capc_10-k.htm 13940",2023-04-01,ERROR,DQC,109,814926,"CAPSTONE COMPANIES, INC.",2023-03-31 14:56:00,0001903596-23-000255,US GAAP 2022,Novaworks,10-K,http://www.sec.gov/Archives/edgar/data/814926/000190359623000255/capc_10-k.htm,2023-03-31,2023,565058,https://www.sec.gov/Archives/edgar/data/814926/000190359623000255/0001903596-23-000255-index.htm,3640,10k-capc-20221231
DQC.US.0109.9569,"2023-04-01 06:59:43,198 [DQC.US.0109.9569] The concept us-gaap:ConcentrationRiskPercentage1 with value 0.82 should always be used with the ConcentrationRiskByTypeAxis the ConcentrationRiskByBenchmarkAxis and a third axis to identify the risk area.  This element can only have a value of 1 when only the ConcentrationRiskByTypeAxis and ConcentrationRiskByBenchmarkAxis are used.  This fact needs another axis to identify the specific us-gaap:SupplierConcentrationRiskMember risk. If this value represents the Concentration Risk, Threshold Percentage then use the extension element ConcentrationRiskThresholdPercentage. 

The properties of this us-gaap:ConcentrationRiskPercentage1 fact are:

Period :2021-01-01 to 2021-12-31
Dimensions : us-gaap:ConcentrationRiskByTypeAxis=us-gaap:SupplierConcentrationRiskMember, us-gaap:ConcentrationRiskByBenchmarkAxis=us-gaap:CostOfGoodsTotalMember
Unit : pure


Rule Element Id:9569
Rule version: 20.0.3 - capc_10-k.htm 13988",2023-04-01,ERROR,DQC,109,814926,"CAPSTONE COMPANIES, INC.",2023-03-31 14:56:00,0001903596-23-000255,US GAAP 2022,Novaworks,10-K,http://www.sec.gov/Archives/edgar/data/814926/000190359623000255/capc_10-k.htm,2023-03-31,2023,565058,https://www.sec.gov/Archives/edgar/data/814926/000190359623000255/0001903596-23-000255-index.htm,3640,10k-capc-20221231
DQC.US.0109.9569,"2023-04-01 06:59:43,198 [DQC.US.0109.9569] The concept us-gaap:ConcentrationRiskPercentage1 with value 0.87 should always be used with the ConcentrationRiskByTypeAxis the ConcentrationRiskByBenchmarkAxis and a third axis to identify the risk area.  This element can only have a value of 1 when only the ConcentrationRiskByTypeAxis and ConcentrationRiskByBenchmarkAxis are used.  This fact needs another axis to identify the specific us-gaap:CustomerConcentrationRiskMember risk. If this value represents the Concentration Risk, Threshold Percentage then use the extension element ConcentrationRiskThresholdPercentage. 

The properties of this us-gaap:ConcentrationRiskPercentage1 fact are:

Period :2021-01-01 to 2021-12-31
Dimensions : us-gaap:ConcentrationRiskByBenchmarkAxis=us-gaap:SalesRevenueNetMember, us-gaap:ConcentrationRiskByTypeAxis=us-gaap:CustomerConcentrationRiskMember
Unit : pure


Rule Element Id:9569
Rule version: 20.0.3 - capc_10-k.htm 13928",2023-04-01,ERROR,DQC,109,814926,"CAPSTONE COMPANIES, INC.",2023-03-31 14:56:00,0001903596-23-000255,US GAAP 2022,Novaworks,10-K,http://www.sec.gov/Archives/edgar/data/814926/000190359623000255/capc_10-k.htm,2023-03-31,2023,565058,https://www.sec.gov/Archives/edgar/data/814926/000190359623000255/0001903596-23-000255-index.htm,3640,10k-capc-20221231
DQC.US.0109.9569,"2023-04-01 06:59:43,199 [DQC.US.0109.9569] The concept us-gaap:ConcentrationRiskPercentage1 with value 0.37 should always be used with the ConcentrationRiskByTypeAxis the ConcentrationRiskByBenchmarkAxis and a third axis to identify the risk area.  This element can only have a value of 1 when only the ConcentrationRiskByTypeAxis and ConcentrationRiskByBenchmarkAxis are used.  This fact needs another axis to identify the specific CAPC:CustomerConcentrationRiskTwoMember risk. If this value represents the Concentration Risk, Threshold Percentage then use the extension element ConcentrationRiskThresholdPercentage. 

The properties of this us-gaap:ConcentrationRiskPercentage1 fact are:

Period :2021-01-01 to 2021-12-31
Dimensions : us-gaap:ConcentrationRiskByTypeAxis=CAPC:CustomerConcentrationRiskTwoMember, us-gaap:ConcentrationRiskByBenchmarkAxis=us-gaap:SalesRevenueNetMember
Unit : pure


Rule Element Id:9569
Rule version: 20.0.3 - capc_10-k.htm 13922",2023-04-01,ERROR,DQC,109,814926,"CAPSTONE COMPANIES, INC.",2023-03-31 14:56:00,0001903596-23-000255,US GAAP 2022,Novaworks,10-K,http://www.sec.gov/Archives/edgar/data/814926/000190359623000255/capc_10-k.htm,2023-03-31,2023,565058,https://www.sec.gov/Archives/edgar/data/814926/000190359623000255/0001903596-23-000255-index.htm,3640,10k-capc-20221231
DQC.US.0109.9569,"2023-04-01 06:59:43,199 [DQC.US.0109.9569] The concept us-gaap:ConcentrationRiskPercentage1 with value 0.59 should always be used with the ConcentrationRiskByTypeAxis the ConcentrationRiskByBenchmarkAxis and a third axis to identify the risk area.  This element can only have a value of 1 when only the ConcentrationRiskByTypeAxis and ConcentrationRiskByBenchmarkAxis are used.  This fact needs another axis to identify the specific CAPC:SupplierConcentrationRiskOneMember risk. If this value represents the Concentration Risk, Threshold Percentage then use the extension element ConcentrationRiskThresholdPercentage. 

The properties of this us-gaap:ConcentrationRiskPercentage1 fact are:

Period :2021-01-01 to 2021-12-31
Dimensions : us-gaap:ConcentrationRiskByTypeAxis=CAPC:SupplierConcentrationRiskOneMember, us-gaap:ConcentrationRiskByBenchmarkAxis=us-gaap:CostOfGoodsTotalMember
Unit : pure


Rule Element Id:9569
Rule version: 20.0.3 - capc_10-k.htm 13975",2023-04-01,ERROR,DQC,109,814926,"CAPSTONE COMPANIES, INC.",2023-03-31 14:56:00,0001903596-23-000255,US GAAP 2022,Novaworks,10-K,http://www.sec.gov/Archives/edgar/data/814926/000190359623000255/capc_10-k.htm,2023-03-31,2023,565058,https://www.sec.gov/Archives/edgar/data/814926/000190359623000255/0001903596-23-000255-index.htm,3640,10k-capc-20221231
DQC.US.0109.9569,"2023-04-01 06:59:43,200 [DQC.US.0109.9569] The concept us-gaap:ConcentrationRiskPercentage1 with value 0.23 should always be used with the ConcentrationRiskByTypeAxis the ConcentrationRiskByBenchmarkAxis and a third axis to identify the risk area.  This element can only have a value of 1 when only the ConcentrationRiskByTypeAxis and ConcentrationRiskByBenchmarkAxis are used.  This fact needs another axis to identify the specific CAPC:SupplierConcentrationRiskTwoMember risk. If this value represents the Concentration Risk, Threshold Percentage then use the extension element ConcentrationRiskThresholdPercentage. 

The properties of this us-gaap:ConcentrationRiskPercentage1 fact are:

Period :2021-01-01 to 2021-12-31
Dimensions : us-gaap:ConcentrationRiskByTypeAxis=CAPC:SupplierConcentrationRiskTwoMember, us-gaap:ConcentrationRiskByBenchmarkAxis=us-gaap:CostOfGoodsTotalMember
Unit : pure


Rule Element Id:9569
Rule version: 20.0.3 - capc_10-k.htm 13982",2023-04-01,ERROR,DQC,109,814926,"CAPSTONE COMPANIES, INC.",2023-03-31 14:56:00,0001903596-23-000255,US GAAP 2022,Novaworks,10-K,http://www.sec.gov/Archives/edgar/data/814926/000190359623000255/capc_10-k.htm,2023-03-31,2023,565058,https://www.sec.gov/Archives/edgar/data/814926/000190359623000255/0001903596-23-000255-index.htm,3640,10k-capc-20221231
DQC.US.0109.9569,"2023-04-01 06:59:43,200 [DQC.US.0109.9569] The concept us-gaap:ConcentrationRiskPercentage1 with value 0.5 should always be used with the ConcentrationRiskByTypeAxis the ConcentrationRiskByBenchmarkAxis and a third axis to identify the risk area.  This element can only have a value of 1 when only the ConcentrationRiskByTypeAxis and ConcentrationRiskByBenchmarkAxis are used.  This fact needs another axis to identify the specific CAPC:CustomerConcentrationRiskOneMember risk. If this value represents the Concentration Risk, Threshold Percentage then use the extension element ConcentrationRiskThresholdPercentage. 

The properties of this us-gaap:ConcentrationRiskPercentage1 fact are:

Period :2021-01-01 to 2021-12-31
Dimensions : us-gaap:ConcentrationRiskByBenchmarkAxis=us-gaap:SalesRevenueNetMember, us-gaap:ConcentrationRiskByTypeAxis=CAPC:CustomerConcentrationRiskOneMember
Unit : pure


Rule Element Id:9569
Rule version: 20.0.3 - capc_10-k.htm 13915",2023-04-01,ERROR,DQC,109,814926,"CAPSTONE COMPANIES, INC.",2023-03-31 14:56:00,0001903596-23-000255,US GAAP 2022,Novaworks,10-K,http://www.sec.gov/Archives/edgar/data/814926/000190359623000255/capc_10-k.htm,2023-03-31,2023,565058,https://www.sec.gov/Archives/edgar/data/814926/000190359623000255/0001903596-23-000255-index.htm,3640,10k-capc-20221231
DQC.US.0109.9569,"2023-04-01 06:59:43,200 [DQC.US.0109.9569] The concept us-gaap:ConcentrationRiskPercentage1 with value 0.5 should always be used with the ConcentrationRiskByTypeAxis the ConcentrationRiskByBenchmarkAxis and a third axis to identify the risk area.  This element can only have a value of 1 when only the ConcentrationRiskByTypeAxis and ConcentrationRiskByBenchmarkAxis are used.  This fact needs another axis to identify the specific us-gaap:GeographicConcentrationRiskMember risk. If this value represents the Concentration Risk, Threshold Percentage then use the extension element ConcentrationRiskThresholdPercentage. 

The properties of this us-gaap:ConcentrationRiskPercentage1 fact are:

Period :2021-01-01 to 2021-12-31
Dimensions : us-gaap:ConcentrationRiskByTypeAxis=us-gaap:GeographicConcentrationRiskMember, us-gaap:ConcentrationRiskByBenchmarkAxis=us-gaap:SalesRevenueNetMember
Unit : pure


Rule Element Id:9569
Rule version: 20.0.3 - capc_10-k.htm 13878",2023-04-01,ERROR,DQC,109,814926,"CAPSTONE COMPANIES, INC.",2023-03-31 14:56:00,0001903596-23-000255,US GAAP 2022,Novaworks,10-K,http://www.sec.gov/Archives/edgar/data/814926/000190359623000255/capc_10-k.htm,2023-03-31,2023,565058,https://www.sec.gov/Archives/edgar/data/814926/000190359623000255/0001903596-23-000255-index.htm,3640,10k-capc-20221231
DQC.US.0109.9569,"2023-04-01 06:59:43,201 [DQC.US.0109.9569] The concept us-gaap:ConcentrationRiskPercentage1 with value 0.59 should always be used with the ConcentrationRiskByTypeAxis the ConcentrationRiskByBenchmarkAxis and a third axis to identify the risk area.  This element can only have a value of 1 when only the ConcentrationRiskByTypeAxis and ConcentrationRiskByBenchmarkAxis are used.  This fact needs another axis to identify the specific CAPC:SupplierConcentrationRiskThreeMember risk. If this value represents the Concentration Risk, Threshold Percentage then use the extension element ConcentrationRiskThresholdPercentage. 

The properties of this us-gaap:ConcentrationRiskPercentage1 fact are:

Period :2021-01-01 to 2021-12-31
Dimensions : us-gaap:ConcentrationRiskByBenchmarkAxis=us-gaap:CostOfGoodsTotalMember, us-gaap:ConcentrationRiskByTypeAxis=CAPC:SupplierConcentrationRiskThreeMember
Unit : pure


Rule Element Id:9569
Rule version: 20.0.3 - capc_10-k.htm 13940",2023-04-01,ERROR,DQC,109,814926,"CAPSTONE COMPANIES, INC.",2023-03-31 14:56:00,0001903596-23-000255,US GAAP 2022,Novaworks,10-K,http://www.sec.gov/Archives/edgar/data/814926/000190359623000255/capc_10-k.htm,2023-03-31,2023,565058,https://www.sec.gov/Archives/edgar/data/814926/000190359623000255/0001903596-23-000255-index.htm,3640,10k-capc-20221231
DQC.US.0109.9569,"2023-04-01 06:59:43,201 [DQC.US.0109.9569] The concept us-gaap:ConcentrationRiskPercentage1 with value 0.73 should always be used with the ConcentrationRiskByTypeAxis the ConcentrationRiskByBenchmarkAxis and a third axis to identify the risk area.  This element can only have a value of 1 when only the ConcentrationRiskByTypeAxis and ConcentrationRiskByBenchmarkAxis are used.  This fact needs another axis to identify the specific CAPC:SupplierConcentrationRiskThreeMember risk. If this value represents the Concentration Risk, Threshold Percentage then use the extension element ConcentrationRiskThresholdPercentage. 

The properties of this us-gaap:ConcentrationRiskPercentage1 fact are:

Period :2021-01-01 to 2021-12-31
Dimensions : us-gaap:ConcentrationRiskByBenchmarkAxis=us-gaap:AccountsPayableMember, us-gaap:ConcentrationRiskByTypeAxis=CAPC:SupplierConcentrationRiskThreeMember
Unit : pure


Rule Element Id:9569
Rule version: 20.0.3 - capc_10-k.htm 13946",2023-04-01,ERROR,DQC,109,814926,"CAPSTONE COMPANIES, INC.",2023-03-31 14:56:00,0001903596-23-000255,US GAAP 2022,Novaworks,10-K,http://www.sec.gov/Archives/edgar/data/814926/000190359623000255/capc_10-k.htm,2023-03-31,2023,565058,https://www.sec.gov/Archives/edgar/data/814926/000190359623000255/0001903596-23-000255-index.htm,3640,10k-capc-20221231
DQC.US.0109.9569,"2023-12-19 06:32:40,613 [DQC.US.0109.9569] The concept us-gaap:ConcentrationRiskPercentage1 with value 0.02 should always be used with the ConcentrationRiskByTypeAxis the ConcentrationRiskByBenchmarkAxis and a third axis to identify the risk area.  This element can only have a value of 1 when only the ConcentrationRiskByTypeAxis and ConcentrationRiskByBenchmarkAxis are used.  This fact needs another axis to identify the specific gpox:TwoCustomerConcentrationRiskMember risk. If this value represents the Concentration Risk, Threshold Percentage then use the extension element ConcentrationRiskThresholdPercentage. 

The properties of this us-gaap:ConcentrationRiskPercentage1 fact are:

Period :2022-05-01 to 2022-10-31
Dimensions : us-gaap:ConcentrationRiskByBenchmarkAxis=us-gaap:SalesRevenueNetMember, us-gaap:ConcentrationRiskByTypeAxis=gpox:TwoCustomerConcentrationRiskMember
Unit : pure


Rule Element Id:9569
Rule version: 22.0.3 - gpox_10q.htm 1",2023-12-19,ERROR,DQC,109,1673475,"GPO PLUS, INC.",2023-12-19 06:02:00,0001640334-23-002319,US GAAP 2023,XBRL Document Created with XBRLMaster,10-Q,http://www.sec.gov/Archives/edgar/data/1673475/000164033423002319/gpox_10q.htm,2023-12-19,2023,662866,https://www.sec.gov/Archives/edgar/data/1673475/000164033423002319/0001640334-23-002319-index.htm,8900,10q-gpox-20231031
DQC.US.0109.9569,"2023-12-19 06:32:40,613 [DQC.US.0109.9569] The concept us-gaap:ConcentrationRiskPercentage1 with value 0.27 should always be used with the ConcentrationRiskByTypeAxis the ConcentrationRiskByBenchmarkAxis and a third axis to identify the risk area.  This element can only have a value of 1 when only the ConcentrationRiskByTypeAxis and ConcentrationRiskByBenchmarkAxis are used.  This fact needs another axis to identify the specific gpox:TwoCustomerConcentrationRiskMember risk. If this value represents the Concentration Risk, Threshold Percentage then use the extension element ConcentrationRiskThresholdPercentage. 

The properties of this us-gaap:ConcentrationRiskPercentage1 fact are:

Period :2021-05-01 to 2022-04-30
Dimensions : us-gaap:ConcentrationRiskByBenchmarkAxis=us-gaap:AccountsReceivableMember, us-gaap:ConcentrationRiskByTypeAxis=gpox:TwoCustomerConcentrationRiskMember
Unit : pure


Rule Element Id:9569
Rule version: 22.0.3 - gpox_10q.htm 1",2023-12-19,ERROR,DQC,109,1673475,"GPO PLUS, INC.",2023-12-19 06:02:00,0001640334-23-002319,US GAAP 2023,XBRL Document Created with XBRLMaster,10-Q,http://www.sec.gov/Archives/edgar/data/1673475/000164033423002319/gpox_10q.htm,2023-12-19,2023,662866,https://www.sec.gov/Archives/edgar/data/1673475/000164033423002319/0001640334-23-002319-index.htm,8900,10q-gpox-20231031
DQC.US.0109.9569,"2023-12-19 06:32:40,614 [DQC.US.0109.9569] The concept us-gaap:ConcentrationRiskPercentage1 with value 0.67 should always be used with the ConcentrationRiskByTypeAxis the ConcentrationRiskByBenchmarkAxis and a third axis to identify the risk area.  This element can only have a value of 1 when only the ConcentrationRiskByTypeAxis and ConcentrationRiskByBenchmarkAxis are used.  This fact needs another axis to identify the specific gpox:TwoCustomerConcentrationRiskMember risk. If this value represents the Concentration Risk, Threshold Percentage then use the extension element ConcentrationRiskThresholdPercentage. 

The properties of this us-gaap:ConcentrationRiskPercentage1 fact are:

Period :2023-05-01 to 2023-10-31
Dimensions : us-gaap:ConcentrationRiskByTypeAxis=gpox:TwoCustomerConcentrationRiskMember, us-gaap:ConcentrationRiskByBenchmarkAxis=us-gaap:AccountsReceivableMember
Unit : pure


Rule Element Id:9569
Rule version: 22.0.3 - gpox_10q.htm 1",2023-12-19,ERROR,DQC,109,1673475,"GPO PLUS, INC.",2023-12-19 06:02:00,0001640334-23-002319,US GAAP 2023,XBRL Document Created with XBRLMaster,10-Q,http://www.sec.gov/Archives/edgar/data/1673475/000164033423002319/gpox_10q.htm,2023-12-19,2023,662866,https://www.sec.gov/Archives/edgar/data/1673475/000164033423002319/0001640334-23-002319-index.htm,8900,10q-gpox-20231031
DQC.US.0109.9569,"2023-12-19 06:32:40,614 [DQC.US.0109.9569] The concept us-gaap:ConcentrationRiskPercentage1 with value 0.84 should always be used with the ConcentrationRiskByTypeAxis the ConcentrationRiskByBenchmarkAxis and a third axis to identify the risk area.  This element can only have a value of 1 when only the ConcentrationRiskByTypeAxis and ConcentrationRiskByBenchmarkAxis are used.  This fact needs another axis to identify the specific gpox:TotalCustomerConcentrationRiskMember risk. If this value represents the Concentration Risk, Threshold Percentage then use the extension element ConcentrationRiskThresholdPercentage. 

The properties of this us-gaap:ConcentrationRiskPercentage1 fact are:

Period :2023-05-01 to 2023-10-31
Dimensions : us-gaap:ConcentrationRiskByBenchmarkAxis=us-gaap:AccountsReceivableMember, us-gaap:ConcentrationRiskByTypeAxis=gpox:TotalCustomerConcentrationRiskMember
Unit : pure


Rule Element Id:9569
Rule version: 22.0.3 - gpox_10q.htm 1",2023-12-19,ERROR,DQC,109,1673475,"GPO PLUS, INC.",2023-12-19 06:02:00,0001640334-23-002319,US GAAP 2023,XBRL Document Created with XBRLMaster,10-Q,http://www.sec.gov/Archives/edgar/data/1673475/000164033423002319/gpox_10q.htm,2023-12-19,2023,662866,https://www.sec.gov/Archives/edgar/data/1673475/000164033423002319/0001640334-23-002319-index.htm,8900,10q-gpox-20231031
DQC.US.0109.9569,"2023-12-19 06:32:40,614 [DQC.US.0109.9569] The concept us-gaap:ConcentrationRiskPercentage1 with value 0.94 should always be used with the ConcentrationRiskByTypeAxis the ConcentrationRiskByBenchmarkAxis and a third axis to identify the risk area.  This element can only have a value of 1 when only the ConcentrationRiskByTypeAxis and ConcentrationRiskByBenchmarkAxis are used.  This fact needs another axis to identify the specific gpox:TotalCustomerConcentrationRiskMember risk. If this value represents the Concentration Risk, Threshold Percentage then use the extension element ConcentrationRiskThresholdPercentage. 

The properties of this us-gaap:ConcentrationRiskPercentage1 fact are:

Period :2023-05-01 to 2023-10-31
Dimensions : us-gaap:ConcentrationRiskByBenchmarkAxis=us-gaap:SalesRevenueNetMember, us-gaap:ConcentrationRiskByTypeAxis=gpox:TotalCustomerConcentrationRiskMember
Unit : pure


Rule Element Id:9569
Rule version: 22.0.3 - gpox_10q.htm 1",2023-12-19,ERROR,DQC,109,1673475,"GPO PLUS, INC.",2023-12-19 06:02:00,0001640334-23-002319,US GAAP 2023,XBRL Document Created with XBRLMaster,10-Q,http://www.sec.gov/Archives/edgar/data/1673475/000164033423002319/gpox_10q.htm,2023-12-19,2023,662866,https://www.sec.gov/Archives/edgar/data/1673475/000164033423002319/0001640334-23-002319-index.htm,8900,10q-gpox-20231031
DQC.US.0109.9569,"2023-12-19 06:32:40,615 [DQC.US.0109.9569] The concept us-gaap:ConcentrationRiskPercentage1 with value 0.1 should always be used with the ConcentrationRiskByTypeAxis the ConcentrationRiskByBenchmarkAxis and a third axis to identify the risk area.  This element can only have a value of 1 when only the ConcentrationRiskByTypeAxis and ConcentrationRiskByBenchmarkAxis are used.  This fact needs another axis to identify the specific gpox:OneCustomerConcentrationRiskMember risk. If this value represents the Concentration Risk, Threshold Percentage then use the extension element ConcentrationRiskThresholdPercentage. 

The properties of this us-gaap:ConcentrationRiskPercentage1 fact are:

Period :2023-05-01 to 2023-10-31
Dimensions : us-gaap:ConcentrationRiskByBenchmarkAxis=us-gaap:SalesRevenueNetMember, us-gaap:ConcentrationRiskByTypeAxis=gpox:OneCustomerConcentrationRiskMember
Unit : pure


Rule Element Id:9569
Rule version: 22.0.3 - gpox_10q.htm 1",2023-12-19,ERROR,DQC,109,1673475,"GPO PLUS, INC.",2023-12-19 06:02:00,0001640334-23-002319,US GAAP 2023,XBRL Document Created with XBRLMaster,10-Q,http://www.sec.gov/Archives/edgar/data/1673475/000164033423002319/gpox_10q.htm,2023-12-19,2023,662866,https://www.sec.gov/Archives/edgar/data/1673475/000164033423002319/0001640334-23-002319-index.htm,8900,10q-gpox-20231031
DQC.US.0109.9569,"2023-12-19 06:32:40,615 [DQC.US.0109.9569] The concept us-gaap:ConcentrationRiskPercentage1 with value 0.1 should always be used with the ConcentrationRiskByTypeAxis the ConcentrationRiskByBenchmarkAxis and a third axis to identify the risk area.  This element can only have a value of 1 when only the ConcentrationRiskByTypeAxis and ConcentrationRiskByBenchmarkAxis are used.  This fact needs another axis to identify the specific gpox:OneCustomerConcentrationRiskMember risk. If this value represents the Concentration Risk, Threshold Percentage then use the extension element ConcentrationRiskThresholdPercentage. 

The properties of this us-gaap:ConcentrationRiskPercentage1 fact are:

Period :2023-05-01 to 2023-10-31
Dimensions : us-gaap:ConcentrationRiskByTypeAxis=gpox:OneCustomerConcentrationRiskMember, us-gaap:ConcentrationRiskByBenchmarkAxis=us-gaap:AccountsReceivableMember
Unit : pure


Rule Element Id:9569
Rule version: 22.0.3 - gpox_10q.htm 1",2023-12-19,ERROR,DQC,109,1673475,"GPO PLUS, INC.",2023-12-19 06:02:00,0001640334-23-002319,US GAAP 2023,XBRL Document Created with XBRLMaster,10-Q,http://www.sec.gov/Archives/edgar/data/1673475/000164033423002319/gpox_10q.htm,2023-12-19,2023,662866,https://www.sec.gov/Archives/edgar/data/1673475/000164033423002319/0001640334-23-002319-index.htm,8900,10q-gpox-20231031
DQC.US.0109.9569,"2023-12-19 06:32:40,615 [DQC.US.0109.9569] The concept us-gaap:ConcentrationRiskPercentage1 with value 0.1 should always be used with the ConcentrationRiskByTypeAxis the ConcentrationRiskByBenchmarkAxis and a third axis to identify the risk area.  This element can only have a value of 1 when only the ConcentrationRiskByTypeAxis and ConcentrationRiskByBenchmarkAxis are used.  This fact needs another axis to identify the specific gpox:TwoCustomerConcentrationRiskMember risk. If this value represents the Concentration Risk, Threshold Percentage then use the extension element ConcentrationRiskThresholdPercentage. 

The properties of this us-gaap:ConcentrationRiskPercentage1 fact are:

Period :2023-05-01 to 2023-10-31
Dimensions : us-gaap:ConcentrationRiskByTypeAxis=gpox:TwoCustomerConcentrationRiskMember, us-gaap:ConcentrationRiskByBenchmarkAxis=us-gaap:SalesRevenueNetMember
Unit : pure


Rule Element Id:9569
Rule version: 22.0.3 - gpox_10q.htm 1",2023-12-19,ERROR,DQC,109,1673475,"GPO PLUS, INC.",2023-12-19 06:02:00,0001640334-23-002319,US GAAP 2023,XBRL Document Created with XBRLMaster,10-Q,http://www.sec.gov/Archives/edgar/data/1673475/000164033423002319/gpox_10q.htm,2023-12-19,2023,662866,https://www.sec.gov/Archives/edgar/data/1673475/000164033423002319/0001640334-23-002319-index.htm,8900,10q-gpox-20231031
DQC.US.0109.9569,"2023-11-09 21:53:21,359 [DQC.US.0109.9569] The concept us-gaap:ConcentrationRiskPercentage1 with value 0.216 should always be used with the ConcentrationRiskByTypeAxis the ConcentrationRiskByBenchmarkAxis and a third axis to identify the risk area.  This element can only have a value of 1 when only the ConcentrationRiskByTypeAxis and ConcentrationRiskByBenchmarkAxis are used.  This fact needs another axis to identify the specific us-gaap:CreditConcentrationRiskMember risk. If this value represents the Concentration Risk, Threshold Percentage then use the extension element ConcentrationRiskThresholdPercentage. 

The properties of this us-gaap:ConcentrationRiskPercentage1 fact are:

Period :2022-01-01 to 2022-12-31
Dimensions : us-gaap:ConcentrationRiskByTypeAxis=us-gaap:CreditConcentrationRiskMember, us-gaap:ConcentrationRiskByBenchmarkAxis=efc:CollateralOnRepurchaseAgreementsMember
Unit : pure


Rule Element Id:9569
Rule version: 22.0.1 - efc-20230930.htm 4",2023-11-10,ERROR,DQC,109,1411342,ELLINGTON FINANCIAL INC,2023-11-09 16:31:00,0001411342-23-000184,US GAAP 2023,XBRL Document Created with the Workiva Platform,10-Q,http://www.sec.gov/Archives/edgar/data/1411342/000141134223000184/efc-20230930.htm,2023-11-09,2023,652758,https://www.sec.gov/Archives/edgar/data/1411342/000141134223000184/0001411342-23-000184-index.htm,6500,10q-efc-20230930
DQC.US.0109.9569,"2023-11-09 21:53:21,360 [DQC.US.0109.9569] The concept us-gaap:ConcentrationRiskPercentage1 with value 0.228 should always be used with the ConcentrationRiskByTypeAxis the ConcentrationRiskByBenchmarkAxis and a third axis to identify the risk area.  This element can only have a value of 1 when only the ConcentrationRiskByTypeAxis and ConcentrationRiskByBenchmarkAxis are used.  This fact needs another axis to identify the specific us-gaap:CreditConcentrationRiskMember risk. If this value represents the Concentration Risk, Threshold Percentage then use the extension element ConcentrationRiskThresholdPercentage. 

The properties of this us-gaap:ConcentrationRiskPercentage1 fact are:

Period :2022-01-01 to 2022-12-31
Dimensions : us-gaap:ConcentrationRiskByTypeAxis=us-gaap:CreditConcentrationRiskMember, us-gaap:ConcentrationRiskByBenchmarkAxis=efc:DueFromBrokerMember
Unit : pure


Rule Element Id:9569
Rule version: 22.0.1 - efc-20230930.htm 4",2023-11-10,ERROR,DQC,109,1411342,ELLINGTON FINANCIAL INC,2023-11-09 16:31:00,0001411342-23-000184,US GAAP 2023,XBRL Document Created with the Workiva Platform,10-Q,http://www.sec.gov/Archives/edgar/data/1411342/000141134223000184/efc-20230930.htm,2023-11-09,2023,652758,https://www.sec.gov/Archives/edgar/data/1411342/000141134223000184/0001411342-23-000184-index.htm,6500,10q-efc-20230930
DQC.US.0109.9569,"2023-11-09 21:53:21,360 [DQC.US.0109.9569] The concept us-gaap:ConcentrationRiskPercentage1 with value 0.364 should always be used with the ConcentrationRiskByTypeAxis the ConcentrationRiskByBenchmarkAxis and a third axis to identify the risk area.  This element can only have a value of 1 when only the ConcentrationRiskByTypeAxis and ConcentrationRiskByBenchmarkAxis are used.  This fact needs another axis to identify the specific us-gaap:CreditConcentrationRiskMember risk. If this value represents the Concentration Risk, Threshold Percentage then use the extension element ConcentrationRiskThresholdPercentage. 

The properties of this us-gaap:ConcentrationRiskPercentage1 fact are:

Period :2022-01-01 to 2022-12-31
Dimensions : us-gaap:ConcentrationRiskByBenchmarkAxis=efc:ReceivableForSecuritiesSoldMember, us-gaap:ConcentrationRiskByTypeAxis=us-gaap:CreditConcentrationRiskMember
Unit : pure


Rule Element Id:9569
Rule version: 22.0.1 - efc-20230930.htm 4",2023-11-10,ERROR,DQC,109,1411342,ELLINGTON FINANCIAL INC,2023-11-09 16:31:00,0001411342-23-000184,US GAAP 2023,XBRL Document Created with the Workiva Platform,10-Q,http://www.sec.gov/Archives/edgar/data/1411342/000141134223000184/efc-20230930.htm,2023-11-09,2023,652758,https://www.sec.gov/Archives/edgar/data/1411342/000141134223000184/0001411342-23-000184-index.htm,6500,10q-efc-20230930
DQC.US.0109.9569,"2023-11-09 21:53:21,360 [DQC.US.0109.9569] The concept us-gaap:ConcentrationRiskPercentage1 with value 0.413 should always be used with the ConcentrationRiskByTypeAxis the ConcentrationRiskByBenchmarkAxis and a third axis to identify the risk area.  This element can only have a value of 1 when only the ConcentrationRiskByTypeAxis and ConcentrationRiskByBenchmarkAxis are used.  This fact needs another axis to identify the specific us-gaap:CreditConcentrationRiskMember risk. If this value represents the Concentration Risk, Threshold Percentage then use the extension element ConcentrationRiskThresholdPercentage. 

The properties of this us-gaap:ConcentrationRiskPercentage1 fact are:

Period :2022-01-01 to 2022-12-31
Dimensions : us-gaap:ConcentrationRiskByTypeAxis=us-gaap:CreditConcentrationRiskMember, us-gaap:ConcentrationRiskByBenchmarkAxis=us-gaap:CashAndCashEquivalentsMember
Unit : pure


Rule Element Id:9569
Rule version: 22.0.1 - efc-20230930.htm 4",2023-11-10,ERROR,DQC,109,1411342,ELLINGTON FINANCIAL INC,2023-11-09 16:31:00,0001411342-23-000184,US GAAP 2023,XBRL Document Created with the Workiva Platform,10-Q,http://www.sec.gov/Archives/edgar/data/1411342/000141134223000184/efc-20230930.htm,2023-11-09,2023,652758,https://www.sec.gov/Archives/edgar/data/1411342/000141134223000184/0001411342-23-000184-index.htm,6500,10q-efc-20230930
DQC.US.0109.9569,"2023-11-09 21:53:21,361 [DQC.US.0109.9569] The concept us-gaap:ConcentrationRiskPercentage1 with value 0.226 should always be used with the ConcentrationRiskByTypeAxis the ConcentrationRiskByBenchmarkAxis and a third axis to identify the risk area.  This element can only have a value of 1 when only the ConcentrationRiskByTypeAxis and ConcentrationRiskByBenchmarkAxis are used.  This fact needs another axis to identify the specific us-gaap:CreditConcentrationRiskMember risk. If this value represents the Concentration Risk, Threshold Percentage then use the extension element ConcentrationRiskThresholdPercentage. 

The properties of this us-gaap:ConcentrationRiskPercentage1 fact are:

Period :2023-01-01 to 2023-09-30
Dimensions : us-gaap:ConcentrationRiskByTypeAxis=us-gaap:CreditConcentrationRiskMember, us-gaap:ConcentrationRiskByBenchmarkAxis=efc:CollateralOnRepurchaseAgreementsMember
Unit : pure


Rule Element Id:9569
Rule version: 22.0.1 - efc-20230930.htm 4",2023-11-10,ERROR,DQC,109,1411342,ELLINGTON FINANCIAL INC,2023-11-09 16:31:00,0001411342-23-000184,US GAAP 2023,XBRL Document Created with the Workiva Platform,10-Q,http://www.sec.gov/Archives/edgar/data/1411342/000141134223000184/efc-20230930.htm,2023-11-09,2023,652758,https://www.sec.gov/Archives/edgar/data/1411342/000141134223000184/0001411342-23-000184-index.htm,6500,10q-efc-20230930
DQC.US.0109.9569,"2023-11-09 21:53:21,361 [DQC.US.0109.9569] The concept us-gaap:ConcentrationRiskPercentage1 with value 0.305 should always be used with the ConcentrationRiskByTypeAxis the ConcentrationRiskByBenchmarkAxis and a third axis to identify the risk area.  This element can only have a value of 1 when only the ConcentrationRiskByTypeAxis and ConcentrationRiskByBenchmarkAxis are used.  This fact needs another axis to identify the specific us-gaap:CreditConcentrationRiskMember risk. If this value represents the Concentration Risk, Threshold Percentage then use the extension element ConcentrationRiskThresholdPercentage. 

The properties of this us-gaap:ConcentrationRiskPercentage1 fact are:

Period :2023-01-01 to 2023-09-30
Dimensions : us-gaap:ConcentrationRiskByTypeAxis=us-gaap:CreditConcentrationRiskMember, us-gaap:ConcentrationRiskByBenchmarkAxis=us-gaap:CashAndCashEquivalentsMember
Unit : pure


Rule Element Id:9569
Rule version: 22.0.1 - efc-20230930.htm 4",2023-11-10,ERROR,DQC,109,1411342,ELLINGTON FINANCIAL INC,2023-11-09 16:31:00,0001411342-23-000184,US GAAP 2023,XBRL Document Created with the Workiva Platform,10-Q,http://www.sec.gov/Archives/edgar/data/1411342/000141134223000184/efc-20230930.htm,2023-11-09,2023,652758,https://www.sec.gov/Archives/edgar/data/1411342/000141134223000184/0001411342-23-000184-index.htm,6500,10q-efc-20230930
DQC.US.0109.9569,"2023-11-09 21:53:21,361 [DQC.US.0109.9569] The concept us-gaap:ConcentrationRiskPercentage1 with value 0.582 should always be used with the ConcentrationRiskByTypeAxis the ConcentrationRiskByBenchmarkAxis and a third axis to identify the risk area.  This element can only have a value of 1 when only the ConcentrationRiskByTypeAxis and ConcentrationRiskByBenchmarkAxis are used.  This fact needs another axis to identify the specific us-gaap:CreditConcentrationRiskMember risk. If this value represents the Concentration Risk, Threshold Percentage then use the extension element ConcentrationRiskThresholdPercentage. 

The properties of this us-gaap:ConcentrationRiskPercentage1 fact are:

Period :2023-01-01 to 2023-09-30
Dimensions : us-gaap:ConcentrationRiskByBenchmarkAxis=efc:ReceivableForSecuritiesSoldMember, us-gaap:ConcentrationRiskByTypeAxis=us-gaap:CreditConcentrationRiskMember
Unit : pure


Rule Element Id:9569
Rule version: 22.0.1 - efc-20230930.htm 4",2023-11-10,ERROR,DQC,109,1411342,ELLINGTON FINANCIAL INC,2023-11-09 16:31:00,0001411342-23-000184,US GAAP 2023,XBRL Document Created with the Workiva Platform,10-Q,http://www.sec.gov/Archives/edgar/data/1411342/000141134223000184/efc-20230930.htm,2023-11-09,2023,652758,https://www.sec.gov/Archives/edgar/data/1411342/000141134223000184/0001411342-23-000184-index.htm,6500,10q-efc-20230930
DQC.US.0109.9569,"2023-11-09 21:53:21,362 [DQC.US.0109.9569] The concept us-gaap:ConcentrationRiskPercentage1 with value 0.188 should always be used with the ConcentrationRiskByTypeAxis the ConcentrationRiskByBenchmarkAxis and a third axis to identify the risk area.  This element can only have a value of 1 when only the ConcentrationRiskByTypeAxis and ConcentrationRiskByBenchmarkAxis are used.  This fact needs another axis to identify the specific us-gaap:CreditConcentrationRiskMember risk. If this value represents the Concentration Risk, Threshold Percentage then use the extension element ConcentrationRiskThresholdPercentage. 

The properties of this us-gaap:ConcentrationRiskPercentage1 fact are:

Period :2023-01-01 to 2023-09-30
Dimensions : us-gaap:ConcentrationRiskByTypeAxis=us-gaap:CreditConcentrationRiskMember, us-gaap:ConcentrationRiskByBenchmarkAxis=efc:DueFromBrokerMember
Unit : pure


Rule Element Id:9569
Rule version: 22.0.1 - efc-20230930.htm 4",2023-11-10,ERROR,DQC,109,1411342,ELLINGTON FINANCIAL INC,2023-11-09 16:31:00,0001411342-23-000184,US GAAP 2023,XBRL Document Created with the Workiva Platform,10-Q,http://www.sec.gov/Archives/edgar/data/1411342/000141134223000184/efc-20230930.htm,2023-11-09,2023,652758,https://www.sec.gov/Archives/edgar/data/1411342/000141134223000184/0001411342-23-000184-index.htm,6500,10q-efc-20230930
DQC.US.0109.9569,"2023-08-14 17:50:13,241 [DQC.US.0109.9569] The concept us-gaap:ConcentrationRiskPercentage1 with value 0.568 should always be used with the ConcentrationRiskByTypeAxis the ConcentrationRiskByBenchmarkAxis and a third axis to identify the risk area.  This element can only have a value of 1 when only the ConcentrationRiskByTypeAxis and ConcentrationRiskByBenchmarkAxis are used.  This fact needs another axis to identify the specific ktel:CustomerOneMember risk. If this value represents the Concentration Risk, Threshold Percentage then use the extension element ConcentrationRiskThresholdPercentage. 

The properties of this us-gaap:ConcentrationRiskPercentage1 fact are:

Period :2023-04-01 to 2023-06-30
Dimensions : us-gaap:ConcentrationRiskByTypeAxis=ktel:CustomerOneMember, us-gaap:ConcentrationRiskByBenchmarkAxis=us-gaap:SalesRevenueNetMember
Unit : pure


Rule Element Id:9569
Rule version: 21.0.6 - ktel10q063023.htm 2645",2023-08-14,ERROR,DQC,109,845819,"KonaTel, Inc.",2023-08-14 16:06:00,0001515971-23-000117,US GAAP 2023,Novaworks,10-Q,http://www.sec.gov/Archives/edgar/data/845819/000151597123000117/ktel10q063023.htm,2023-08-14,2023,612675,https://www.sec.gov/Archives/edgar/data/845819/000151597123000117/0001515971-23-000117-index.htm,4899,10q-ktel-20230630
DQC.US.0109.9569,"2023-08-14 17:50:13,242 [DQC.US.0109.9569] The concept us-gaap:ConcentrationRiskPercentage1 with value 0.162 should always be used with the ConcentrationRiskByTypeAxis the ConcentrationRiskByBenchmarkAxis and a third axis to identify the risk area.  This element can only have a value of 1 when only the ConcentrationRiskByTypeAxis and ConcentrationRiskByBenchmarkAxis are used.  This fact needs another axis to identify the specific ktel:CustomerTwoMember risk. If this value represents the Concentration Risk, Threshold Percentage then use the extension element ConcentrationRiskThresholdPercentage. 

The properties of this us-gaap:ConcentrationRiskPercentage1 fact are:

Period :2023-04-01 to 2023-06-30
Dimensions : us-gaap:ConcentrationRiskByTypeAxis=ktel:CustomerTwoMember, us-gaap:ConcentrationRiskByBenchmarkAxis=us-gaap:SalesRevenueNetMember
Unit : pure


Rule Element Id:9569
Rule version: 21.0.6 - ktel10q063023.htm 2645",2023-08-14,ERROR,DQC,109,845819,"KonaTel, Inc.",2023-08-14 16:06:00,0001515971-23-000117,US GAAP 2023,Novaworks,10-Q,http://www.sec.gov/Archives/edgar/data/845819/000151597123000117/ktel10q063023.htm,2023-08-14,2023,612675,https://www.sec.gov/Archives/edgar/data/845819/000151597123000117/0001515971-23-000117-index.htm,4899,10q-ktel-20230630
DQC.US.0109.9569,"2023-08-14 17:50:13,242 [DQC.US.0109.9569] The concept us-gaap:ConcentrationRiskPercentage1 with value 0.169 should always be used with the ConcentrationRiskByTypeAxis the ConcentrationRiskByBenchmarkAxis and a third axis to identify the risk area.  This element can only have a value of 1 when only the ConcentrationRiskByTypeAxis and ConcentrationRiskByBenchmarkAxis are used.  This fact needs another axis to identify the specific ktel:CustomerTwoMember risk. If this value represents the Concentration Risk, Threshold Percentage then use the extension element ConcentrationRiskThresholdPercentage. 

The properties of this us-gaap:ConcentrationRiskPercentage1 fact are:

Period :2022-01-01 to 2022-12-31
Dimensions : us-gaap:ConcentrationRiskByBenchmarkAxis=us-gaap:TradeAccountsReceivableMember, us-gaap:ConcentrationRiskByTypeAxis=ktel:CustomerTwoMember
Unit : pure


Rule Element Id:9569
Rule version: 21.0.6 - ktel10q063023.htm 2635",2023-08-14,ERROR,DQC,109,845819,"KonaTel, Inc.",2023-08-14 16:06:00,0001515971-23-000117,US GAAP 2023,Novaworks,10-Q,http://www.sec.gov/Archives/edgar/data/845819/000151597123000117/ktel10q063023.htm,2023-08-14,2023,612675,https://www.sec.gov/Archives/edgar/data/845819/000151597123000117/0001515971-23-000117-index.htm,4899,10q-ktel-20230630
DQC.US.0109.9569,"2023-08-14 17:50:13,243 [DQC.US.0109.9569] The concept us-gaap:ConcentrationRiskPercentage1 with value 0.195 should always be used with the ConcentrationRiskByTypeAxis the ConcentrationRiskByBenchmarkAxis and a third axis to identify the risk area.  This element can only have a value of 1 when only the ConcentrationRiskByTypeAxis and ConcentrationRiskByBenchmarkAxis are used.  This fact needs another axis to identify the specific ktel:CustomerTwoMember risk. If this value represents the Concentration Risk, Threshold Percentage then use the extension element ConcentrationRiskThresholdPercentage. 

The properties of this us-gaap:ConcentrationRiskPercentage1 fact are:

Period :2022-01-01 to 2022-06-30
Dimensions : us-gaap:ConcentrationRiskByTypeAxis=ktel:CustomerTwoMember, us-gaap:ConcentrationRiskByBenchmarkAxis=us-gaap:SalesRevenueNetMember
Unit : pure


Rule Element Id:9569
Rule version: 21.0.6 - ktel10q063023.htm 2648",2023-08-14,ERROR,DQC,109,845819,"KonaTel, Inc.",2023-08-14 16:06:00,0001515971-23-000117,US GAAP 2023,Novaworks,10-Q,http://www.sec.gov/Archives/edgar/data/845819/000151597123000117/ktel10q063023.htm,2023-08-14,2023,612675,https://www.sec.gov/Archives/edgar/data/845819/000151597123000117/0001515971-23-000117-index.htm,4899,10q-ktel-20230630
DQC.US.0109.9569,"2023-08-14 17:50:13,243 [DQC.US.0109.9569] The concept us-gaap:ConcentrationRiskPercentage1 with value 0.57 should always be used with the ConcentrationRiskByTypeAxis the ConcentrationRiskByBenchmarkAxis and a third axis to identify the risk area.  This element can only have a value of 1 when only the ConcentrationRiskByTypeAxis and ConcentrationRiskByBenchmarkAxis are used.  This fact needs another axis to identify the specific ktel:CustomerOneMember risk. If this value represents the Concentration Risk, Threshold Percentage then use the extension element ConcentrationRiskThresholdPercentage. 

The properties of this us-gaap:ConcentrationRiskPercentage1 fact are:

Period :2022-01-01 to 2022-12-31
Dimensions : us-gaap:ConcentrationRiskByBenchmarkAxis=us-gaap:TradeAccountsReceivableMember, us-gaap:ConcentrationRiskByTypeAxis=ktel:CustomerOneMember
Unit : pure


Rule Element Id:9569
Rule version: 21.0.6 - ktel10q063023.htm 2635",2023-08-14,ERROR,DQC,109,845819,"KonaTel, Inc.",2023-08-14 16:06:00,0001515971-23-000117,US GAAP 2023,Novaworks,10-Q,http://www.sec.gov/Archives/edgar/data/845819/000151597123000117/ktel10q063023.htm,2023-08-14,2023,612675,https://www.sec.gov/Archives/edgar/data/845819/000151597123000117/0001515971-23-000117-index.htm,4899,10q-ktel-20230630
DQC.US.0109.9569,"2023-08-14 17:50:13,243 [DQC.US.0109.9569] The concept us-gaap:ConcentrationRiskPercentage1 with value 0.614 should always be used with the ConcentrationRiskByTypeAxis the ConcentrationRiskByBenchmarkAxis and a third axis to identify the risk area.  This element can only have a value of 1 when only the ConcentrationRiskByTypeAxis and ConcentrationRiskByBenchmarkAxis are used.  This fact needs another axis to identify the specific ktel:CustomerOneMember risk. If this value represents the Concentration Risk, Threshold Percentage then use the extension element ConcentrationRiskThresholdPercentage. 

The properties of this us-gaap:ConcentrationRiskPercentage1 fact are:

Period :2022-01-01 to 2022-06-30
Dimensions : us-gaap:ConcentrationRiskByBenchmarkAxis=us-gaap:SalesRevenueNetMember, us-gaap:ConcentrationRiskByTypeAxis=ktel:CustomerOneMember
Unit : pure


Rule Element Id:9569
Rule version: 21.0.6 - ktel10q063023.htm 2648",2023-08-14,ERROR,DQC,109,845819,"KonaTel, Inc.",2023-08-14 16:06:00,0001515971-23-000117,US GAAP 2023,Novaworks,10-Q,http://www.sec.gov/Archives/edgar/data/845819/000151597123000117/ktel10q063023.htm,2023-08-14,2023,612675,https://www.sec.gov/Archives/edgar/data/845819/000151597123000117/0001515971-23-000117-index.htm,4899,10q-ktel-20230630
DQC.US.0109.9569,"2023-08-14 17:50:13,244 [DQC.US.0109.9569] The concept us-gaap:ConcentrationRiskPercentage1 with value 0.564 should always be used with the ConcentrationRiskByTypeAxis the ConcentrationRiskByBenchmarkAxis and a third axis to identify the risk area.  This element can only have a value of 1 when only the ConcentrationRiskByTypeAxis and ConcentrationRiskByBenchmarkAxis are used.  This fact needs another axis to identify the specific ktel:CustomerOneMember risk. If this value represents the Concentration Risk, Threshold Percentage then use the extension element ConcentrationRiskThresholdPercentage. 

The properties of this us-gaap:ConcentrationRiskPercentage1 fact are:

Period :2023-01-01 to 2023-06-30
Dimensions : us-gaap:ConcentrationRiskByBenchmarkAxis=us-gaap:SalesRevenueNetMember, us-gaap:ConcentrationRiskByTypeAxis=ktel:CustomerOneMember
Unit : pure


Rule Element Id:9569
Rule version: 21.0.6 - ktel10q063023.htm 2647",2023-08-14,ERROR,DQC,109,845819,"KonaTel, Inc.",2023-08-14 16:06:00,0001515971-23-000117,US GAAP 2023,Novaworks,10-Q,http://www.sec.gov/Archives/edgar/data/845819/000151597123000117/ktel10q063023.htm,2023-08-14,2023,612675,https://www.sec.gov/Archives/edgar/data/845819/000151597123000117/0001515971-23-000117-index.htm,4899,10q-ktel-20230630
DQC.US.0109.9569,"2023-08-14 17:50:13,244 [DQC.US.0109.9569] The concept us-gaap:ConcentrationRiskPercentage1 with value 0.657 should always be used with the ConcentrationRiskByTypeAxis the ConcentrationRiskByBenchmarkAxis and a third axis to identify the risk area.  This element can only have a value of 1 when only the ConcentrationRiskByTypeAxis and ConcentrationRiskByBenchmarkAxis are used.  This fact needs another axis to identify the specific ktel:CustomerOneMember risk. If this value represents the Concentration Risk, Threshold Percentage then use the extension element ConcentrationRiskThresholdPercentage. 

The properties of this us-gaap:ConcentrationRiskPercentage1 fact are:

Period :2023-01-01 to 2023-06-30
Dimensions : us-gaap:ConcentrationRiskByTypeAxis=ktel:CustomerOneMember, us-gaap:ConcentrationRiskByBenchmarkAxis=us-gaap:TradeAccountsReceivableMember
Unit : pure


Rule Element Id:9569
Rule version: 21.0.6 - ktel10q063023.htm 2634",2023-08-14,ERROR,DQC,109,845819,"KonaTel, Inc.",2023-08-14 16:06:00,0001515971-23-000117,US GAAP 2023,Novaworks,10-Q,http://www.sec.gov/Archives/edgar/data/845819/000151597123000117/ktel10q063023.htm,2023-08-14,2023,612675,https://www.sec.gov/Archives/edgar/data/845819/000151597123000117/0001515971-23-000117-index.htm,4899,10q-ktel-20230630
DQC.US.0109.9569,"2023-08-14 17:50:13,245 [DQC.US.0109.9569] The concept us-gaap:ConcentrationRiskPercentage1 with value 0.169 should always be used with the ConcentrationRiskByTypeAxis the ConcentrationRiskByBenchmarkAxis and a third axis to identify the risk area.  This element can only have a value of 1 when only the ConcentrationRiskByTypeAxis and ConcentrationRiskByBenchmarkAxis are used.  This fact needs another axis to identify the specific ktel:CustomerTwoMember risk. If this value represents the Concentration Risk, Threshold Percentage then use the extension element ConcentrationRiskThresholdPercentage. 

The properties of this us-gaap:ConcentrationRiskPercentage1 fact are:

Period :2023-01-01 to 2023-06-30
Dimensions : us-gaap:ConcentrationRiskByTypeAxis=ktel:CustomerTwoMember, us-gaap:ConcentrationRiskByBenchmarkAxis=us-gaap:SalesRevenueNetMember
Unit : pure


Rule Element Id:9569
Rule version: 21.0.6 - ktel10q063023.htm 2647",2023-08-14,ERROR,DQC,109,845819,"KonaTel, Inc.",2023-08-14 16:06:00,0001515971-23-000117,US GAAP 2023,Novaworks,10-Q,http://www.sec.gov/Archives/edgar/data/845819/000151597123000117/ktel10q063023.htm,2023-08-14,2023,612675,https://www.sec.gov/Archives/edgar/data/845819/000151597123000117/0001515971-23-000117-index.htm,4899,10q-ktel-20230630
DQC.US.0109.9569,"2023-08-14 17:50:13,245 [DQC.US.0109.9569] The concept us-gaap:ConcentrationRiskPercentage1 with value 0.191 should always be used with the ConcentrationRiskByTypeAxis the ConcentrationRiskByBenchmarkAxis and a third axis to identify the risk area.  This element can only have a value of 1 when only the ConcentrationRiskByTypeAxis and ConcentrationRiskByBenchmarkAxis are used.  This fact needs another axis to identify the specific ktel:CustomerTwoMember risk. If this value represents the Concentration Risk, Threshold Percentage then use the extension element ConcentrationRiskThresholdPercentage. 

The properties of this us-gaap:ConcentrationRiskPercentage1 fact are:

Period :2023-01-01 to 2023-06-30
Dimensions : us-gaap:ConcentrationRiskByBenchmarkAxis=us-gaap:TradeAccountsReceivableMember, us-gaap:ConcentrationRiskByTypeAxis=ktel:CustomerTwoMember
Unit : pure


Rule Element Id:9569
Rule version: 21.0.6 - ktel10q063023.htm 2634",2023-08-14,ERROR,DQC,109,845819,"KonaTel, Inc.",2023-08-14 16:06:00,0001515971-23-000117,US GAAP 2023,Novaworks,10-Q,http://www.sec.gov/Archives/edgar/data/845819/000151597123000117/ktel10q063023.htm,2023-08-14,2023,612675,https://www.sec.gov/Archives/edgar/data/845819/000151597123000117/0001515971-23-000117-index.htm,4899,10q-ktel-20230630
DQC.US.0109.9569,"2023-08-14 17:50:13,245 [DQC.US.0109.9569] The concept us-gaap:ConcentrationRiskPercentage1 with value 0.646 should always be used with the ConcentrationRiskByTypeAxis the ConcentrationRiskByBenchmarkAxis and a third axis to identify the risk area.  This element can only have a value of 1 when only the ConcentrationRiskByTypeAxis and ConcentrationRiskByBenchmarkAxis are used.  This fact needs another axis to identify the specific ktel:CustomerOneMember risk. If this value represents the Concentration Risk, Threshold Percentage then use the extension element ConcentrationRiskThresholdPercentage. 

The properties of this us-gaap:ConcentrationRiskPercentage1 fact are:

Period :2022-04-01 to 2022-06-30
Dimensions : us-gaap:ConcentrationRiskByTypeAxis=ktel:CustomerOneMember, us-gaap:ConcentrationRiskByBenchmarkAxis=us-gaap:SalesRevenueNetMember
Unit : pure


Rule Element Id:9569
Rule version: 21.0.6 - ktel10q063023.htm 2646",2023-08-14,ERROR,DQC,109,845819,"KonaTel, Inc.",2023-08-14 16:06:00,0001515971-23-000117,US GAAP 2023,Novaworks,10-Q,http://www.sec.gov/Archives/edgar/data/845819/000151597123000117/ktel10q063023.htm,2023-08-14,2023,612675,https://www.sec.gov/Archives/edgar/data/845819/000151597123000117/0001515971-23-000117-index.htm,4899,10q-ktel-20230630
DQC.US.0109.9569,"2023-08-14 17:50:13,246 [DQC.US.0109.9569] The concept us-gaap:ConcentrationRiskPercentage1 with value 0.178 should always be used with the ConcentrationRiskByTypeAxis the ConcentrationRiskByBenchmarkAxis and a third axis to identify the risk area.  This element can only have a value of 1 when only the ConcentrationRiskByTypeAxis and ConcentrationRiskByBenchmarkAxis are used.  This fact needs another axis to identify the specific ktel:CustomerTwoMember risk. If this value represents the Concentration Risk, Threshold Percentage then use the extension element ConcentrationRiskThresholdPercentage. 

The properties of this us-gaap:ConcentrationRiskPercentage1 fact are:

Period :2022-04-01 to 2022-06-30
Dimensions : us-gaap:ConcentrationRiskByBenchmarkAxis=us-gaap:SalesRevenueNetMember, us-gaap:ConcentrationRiskByTypeAxis=ktel:CustomerTwoMember
Unit : pure


Rule Element Id:9569
Rule version: 21.0.6 - ktel10q063023.htm 2646",2023-08-14,ERROR,DQC,109,845819,"KonaTel, Inc.",2023-08-14 16:06:00,0001515971-23-000117,US GAAP 2023,Novaworks,10-Q,http://www.sec.gov/Archives/edgar/data/845819/000151597123000117/ktel10q063023.htm,2023-08-14,2023,612675,https://www.sec.gov/Archives/edgar/data/845819/000151597123000117/0001515971-23-000117-index.htm,4899,10q-ktel-20230630
DQC.US.0109.9569,"2023-08-14 16:53:56,149 [DQC.US.0109.9569] The concept us-gaap:ConcentrationRiskPercentage1 with value 0.56 should always be used with the ConcentrationRiskByTypeAxis the ConcentrationRiskByBenchmarkAxis and a third axis to identify the risk area.  This element can only have a value of 1 when only the ConcentrationRiskByTypeAxis and ConcentrationRiskByBenchmarkAxis are used.  This fact needs another axis to identify the specific acbm:CustomerAMember risk. If this value represents the Concentration Risk, Threshold Percentage then use the extension element ConcentrationRiskThresholdPercentage. 

The properties of this us-gaap:ConcentrationRiskPercentage1 fact are:

Period :2021-01-01 to 2021-12-31
Dimensions : us-gaap:ConcentrationRiskByBenchmarkAxis=us-gaap:RevenueFromContractWithCustomerMember, us-gaap:ConcentrationRiskByTypeAxis=acbm:CustomerAMember
Unit : pure


Rule Element Id:9569
Rule version: 21.0.6 - acbm_10q.htm 1",2023-08-14,ERROR,DQC,109,1622996,"ACRO BIOMEDICAL CO., LTD.",2023-08-14 14:41:00,0001640334-23-001563,US GAAP 2023,XBRL Document Created with XBRLMaster,10-Q,http://www.sec.gov/Archives/edgar/data/1622996/000164033423001563/acbm_10q.htm,2023-08-14,2023,612608,https://www.sec.gov/Archives/edgar/data/1622996/000164033423001563/0001640334-23-001563-index.htm,7900,10q-acbm-20230630
DQC.US.0109.9569,"2023-08-14 16:53:56,149 [DQC.US.0109.9569] The concept us-gaap:ConcentrationRiskPercentage1 with value 0.72 should always be used with the ConcentrationRiskByTypeAxis the ConcentrationRiskByBenchmarkAxis and a third axis to identify the risk area.  This element can only have a value of 1 when only the ConcentrationRiskByTypeAxis and ConcentrationRiskByBenchmarkAxis are used.  This fact needs another axis to identify the specific acbm:CustomerAMember risk. If this value represents the Concentration Risk, Threshold Percentage then use the extension element ConcentrationRiskThresholdPercentage. 

The properties of this us-gaap:ConcentrationRiskPercentage1 fact are:

Period :2023-01-01 to 2023-06-30
Dimensions : us-gaap:ConcentrationRiskByBenchmarkAxis=us-gaap:RevenueFromContractWithCustomerMember, us-gaap:ConcentrationRiskByTypeAxis=acbm:CustomerAMember
Unit : pure


Rule Element Id:9569
Rule version: 21.0.6 - acbm_10q.htm 1",2023-08-14,ERROR,DQC,109,1622996,"ACRO BIOMEDICAL CO., LTD.",2023-08-14 14:41:00,0001640334-23-001563,US GAAP 2023,XBRL Document Created with XBRLMaster,10-Q,http://www.sec.gov/Archives/edgar/data/1622996/000164033423001563/acbm_10q.htm,2023-08-14,2023,612608,https://www.sec.gov/Archives/edgar/data/1622996/000164033423001563/0001640334-23-001563-index.htm,7900,10q-acbm-20230630
DQC.US.0109.9569,"2023-08-10 10:17:26,882 [DQC.US.0109.9569] The concept us-gaap:ConcentrationRiskPercentage1 with value 0.216 should always be used with the ConcentrationRiskByTypeAxis the ConcentrationRiskByBenchmarkAxis and a third axis to identify the risk area.  This element can only have a value of 1 when only the ConcentrationRiskByTypeAxis and ConcentrationRiskByBenchmarkAxis are used.  This fact needs another axis to identify the specific us-gaap:CreditConcentrationRiskMember risk. If this value represents the Concentration Risk, Threshold Percentage then use the extension element ConcentrationRiskThresholdPercentage. 

The properties of this us-gaap:ConcentrationRiskPercentage1 fact are:

Period :2022-01-01 to 2022-09-30
Dimensions : us-gaap:ConcentrationRiskByBenchmarkAxis=efc:CollateralOnRepurchaseAgreementsMember, us-gaap:ConcentrationRiskByTypeAxis=us-gaap:CreditConcentrationRiskMember
Unit : pure


Rule Element Id:9569
Rule version: 21.0.5 - efc-20230630.htm 4",2023-08-10,ERROR,DQC,109,1411342,ELLINGTON FINANCIAL INC,2023-08-09 16:44:00,0001411342-23-000150,US GAAP 2023,XBRL Document Created with the Workiva Platform,10-Q,http://www.sec.gov/Archives/edgar/data/1411342/000141134223000150/efc-20230630.htm,2023-08-09,2023,610373,https://www.sec.gov/Archives/edgar/data/1411342/000141134223000150/0001411342-23-000150-index.htm,6500,10q-efc-20230630
DQC.US.0109.9569,"2023-08-10 10:17:26,883 [DQC.US.0109.9569] The concept us-gaap:ConcentrationRiskPercentage1 with value 0.364 should always be used with the ConcentrationRiskByTypeAxis the ConcentrationRiskByBenchmarkAxis and a third axis to identify the risk area.  This element can only have a value of 1 when only the ConcentrationRiskByTypeAxis and ConcentrationRiskByBenchmarkAxis are used.  This fact needs another axis to identify the specific us-gaap:CreditConcentrationRiskMember risk. If this value represents the Concentration Risk, Threshold Percentage then use the extension element ConcentrationRiskThresholdPercentage. 

The properties of this us-gaap:ConcentrationRiskPercentage1 fact are:

Period :2022-01-01 to 2022-09-30
Dimensions : us-gaap:ConcentrationRiskByTypeAxis=us-gaap:CreditConcentrationRiskMember, us-gaap:ConcentrationRiskByBenchmarkAxis=efc:ReceivableForSecuritiesSoldMember
Unit : pure


Rule Element Id:9569
Rule version: 21.0.5 - efc-20230630.htm 4",2023-08-10,ERROR,DQC,109,1411342,ELLINGTON FINANCIAL INC,2023-08-09 16:44:00,0001411342-23-000150,US GAAP 2023,XBRL Document Created with the Workiva Platform,10-Q,http://www.sec.gov/Archives/edgar/data/1411342/000141134223000150/efc-20230630.htm,2023-08-09,2023,610373,https://www.sec.gov/Archives/edgar/data/1411342/000141134223000150/0001411342-23-000150-index.htm,6500,10q-efc-20230630
DQC.US.0109.9569,"2023-08-10 10:17:26,883 [DQC.US.0109.9569] The concept us-gaap:ConcentrationRiskPercentage1 with value 0.413 should always be used with the ConcentrationRiskByTypeAxis the ConcentrationRiskByBenchmarkAxis and a third axis to identify the risk area.  This element can only have a value of 1 when only the ConcentrationRiskByTypeAxis and ConcentrationRiskByBenchmarkAxis are used.  This fact needs another axis to identify the specific us-gaap:CreditConcentrationRiskMember risk. If this value represents the Concentration Risk, Threshold Percentage then use the extension element ConcentrationRiskThresholdPercentage. 

The properties of this us-gaap:ConcentrationRiskPercentage1 fact are:

Period :2022-01-01 to 2022-09-30
Dimensions : us-gaap:ConcentrationRiskByTypeAxis=us-gaap:CreditConcentrationRiskMember, us-gaap:ConcentrationRiskByBenchmarkAxis=us-gaap:CashAndCashEquivalentsMember
Unit : pure


Rule Element Id:9569
Rule version: 21.0.5 - efc-20230630.htm 4",2023-08-10,ERROR,DQC,109,1411342,ELLINGTON FINANCIAL INC,2023-08-09 16:44:00,0001411342-23-000150,US GAAP 2023,XBRL Document Created with the Workiva Platform,10-Q,http://www.sec.gov/Archives/edgar/data/1411342/000141134223000150/efc-20230630.htm,2023-08-09,2023,610373,https://www.sec.gov/Archives/edgar/data/1411342/000141134223000150/0001411342-23-000150-index.htm,6500,10q-efc-20230630
DQC.US.0109.9569,"2023-08-10 10:17:26,884 [DQC.US.0109.9569] The concept us-gaap:ConcentrationRiskPercentage1 with value 0.228 should always be used with the ConcentrationRiskByTypeAxis the ConcentrationRiskByBenchmarkAxis and a third axis to identify the risk area.  This element can only have a value of 1 when only the ConcentrationRiskByTypeAxis and ConcentrationRiskByBenchmarkAxis are used.  This fact needs another axis to identify the specific us-gaap:CreditConcentrationRiskMember risk. If this value represents the Concentration Risk, Threshold Percentage then use the extension element ConcentrationRiskThresholdPercentage. 

The properties of this us-gaap:ConcentrationRiskPercentage1 fact are:

Period :2022-01-01 to 2022-09-30
Dimensions : us-gaap:ConcentrationRiskByTypeAxis=us-gaap:CreditConcentrationRiskMember, us-gaap:ConcentrationRiskByBenchmarkAxis=efc:DueFromBrokerMember
Unit : pure


Rule Element Id:9569
Rule version: 21.0.5 - efc-20230630.htm 4",2023-08-10,ERROR,DQC,109,1411342,ELLINGTON FINANCIAL INC,2023-08-09 16:44:00,0001411342-23-000150,US GAAP 2023,XBRL Document Created with the Workiva Platform,10-Q,http://www.sec.gov/Archives/edgar/data/1411342/000141134223000150/efc-20230630.htm,2023-08-09,2023,610373,https://www.sec.gov/Archives/edgar/data/1411342/000141134223000150/0001411342-23-000150-index.htm,6500,10q-efc-20230630
DQC.US.0109.9569,"2023-08-10 10:17:26,884 [DQC.US.0109.9569] The concept us-gaap:ConcentrationRiskPercentage1 with value 0.871 should always be used with the ConcentrationRiskByTypeAxis the ConcentrationRiskByBenchmarkAxis and a third axis to identify the risk area.  This element can only have a value of 1 when only the ConcentrationRiskByTypeAxis and ConcentrationRiskByBenchmarkAxis are used.  This fact needs another axis to identify the specific us-gaap:CreditConcentrationRiskMember risk. If this value represents the Concentration Risk, Threshold Percentage then use the extension element ConcentrationRiskThresholdPercentage. 

The properties of this us-gaap:ConcentrationRiskPercentage1 fact are:

Period :2023-01-01 to 2023-06-30
Dimensions : us-gaap:ConcentrationRiskByTypeAxis=us-gaap:CreditConcentrationRiskMember, us-gaap:ConcentrationRiskByBenchmarkAxis=efc:ReceivableForSecuritiesSoldMember
Unit : pure


Rule Element Id:9569
Rule version: 21.0.5 - efc-20230630.htm 4",2023-08-10,ERROR,DQC,109,1411342,ELLINGTON FINANCIAL INC,2023-08-09 16:44:00,0001411342-23-000150,US GAAP 2023,XBRL Document Created with the Workiva Platform,10-Q,http://www.sec.gov/Archives/edgar/data/1411342/000141134223000150/efc-20230630.htm,2023-08-09,2023,610373,https://www.sec.gov/Archives/edgar/data/1411342/000141134223000150/0001411342-23-000150-index.htm,6500,10q-efc-20230630
DQC.US.0109.9569,"2023-08-10 10:17:26,885 [DQC.US.0109.9569] The concept us-gaap:ConcentrationRiskPercentage1 with value 0.148 should always be used with the ConcentrationRiskByTypeAxis the ConcentrationRiskByBenchmarkAxis and a third axis to identify the risk area.  This element can only have a value of 1 when only the ConcentrationRiskByTypeAxis and ConcentrationRiskByBenchmarkAxis are used.  This fact needs another axis to identify the specific us-gaap:CreditConcentrationRiskMember risk. If this value represents the Concentration Risk, Threshold Percentage then use the extension element ConcentrationRiskThresholdPercentage. 

The properties of this us-gaap:ConcentrationRiskPercentage1 fact are:

Period :2023-01-01 to 2023-06-30
Dimensions : us-gaap:ConcentrationRiskByTypeAxis=us-gaap:CreditConcentrationRiskMember, us-gaap:ConcentrationRiskByBenchmarkAxis=efc:DueFromBrokerMember
Unit : pure


Rule Element Id:9569
Rule version: 21.0.5 - efc-20230630.htm 4",2023-08-10,ERROR,DQC,109,1411342,ELLINGTON FINANCIAL INC,2023-08-09 16:44:00,0001411342-23-000150,US GAAP 2023,XBRL Document Created with the Workiva Platform,10-Q,http://www.sec.gov/Archives/edgar/data/1411342/000141134223000150/efc-20230630.htm,2023-08-09,2023,610373,https://www.sec.gov/Archives/edgar/data/1411342/000141134223000150/0001411342-23-000150-index.htm,6500,10q-efc-20230630
DQC.US.0109.9569,"2023-08-10 10:17:26,885 [DQC.US.0109.9569] The concept us-gaap:ConcentrationRiskPercentage1 with value 0.231 should always be used with the ConcentrationRiskByTypeAxis the ConcentrationRiskByBenchmarkAxis and a third axis to identify the risk area.  This element can only have a value of 1 when only the ConcentrationRiskByTypeAxis and ConcentrationRiskByBenchmarkAxis are used.  This fact needs another axis to identify the specific us-gaap:CreditConcentrationRiskMember risk. If this value represents the Concentration Risk, Threshold Percentage then use the extension element ConcentrationRiskThresholdPercentage. 

The properties of this us-gaap:ConcentrationRiskPercentage1 fact are:

Period :2023-01-01 to 2023-06-30
Dimensions : us-gaap:ConcentrationRiskByBenchmarkAxis=efc:CollateralOnRepurchaseAgreementsMember, us-gaap:ConcentrationRiskByTypeAxis=us-gaap:CreditConcentrationRiskMember
Unit : pure


Rule Element Id:9569
Rule version: 21.0.5 - efc-20230630.htm 4",2023-08-10,ERROR,DQC,109,1411342,ELLINGTON FINANCIAL INC,2023-08-09 16:44:00,0001411342-23-000150,US GAAP 2023,XBRL Document Created with the Workiva Platform,10-Q,http://www.sec.gov/Archives/edgar/data/1411342/000141134223000150/efc-20230630.htm,2023-08-09,2023,610373,https://www.sec.gov/Archives/edgar/data/1411342/000141134223000150/0001411342-23-000150-index.htm,6500,10q-efc-20230630
DQC.US.0109.9569,"2023-08-10 10:17:26,886 [DQC.US.0109.9569] The concept us-gaap:ConcentrationRiskPercentage1 with value 0.449 should always be used with the ConcentrationRiskByTypeAxis the ConcentrationRiskByBenchmarkAxis and a third axis to identify the risk area.  This element can only have a value of 1 when only the ConcentrationRiskByTypeAxis and ConcentrationRiskByBenchmarkAxis are used.  This fact needs another axis to identify the specific us-gaap:CreditConcentrationRiskMember risk. If this value represents the Concentration Risk, Threshold Percentage then use the extension element ConcentrationRiskThresholdPercentage. 

The properties of this us-gaap:ConcentrationRiskPercentage1 fact are:

Period :2023-01-01 to 2023-06-30
Dimensions : us-gaap:ConcentrationRiskByBenchmarkAxis=us-gaap:CashAndCashEquivalentsMember, us-gaap:ConcentrationRiskByTypeAxis=us-gaap:CreditConcentrationRiskMember
Unit : pure


Rule Element Id:9569
Rule version: 21.0.5 - efc-20230630.htm 4",2023-08-10,ERROR,DQC,109,1411342,ELLINGTON FINANCIAL INC,2023-08-09 16:44:00,0001411342-23-000150,US GAAP 2023,XBRL Document Created with the Workiva Platform,10-Q,http://www.sec.gov/Archives/edgar/data/1411342/000141134223000150/efc-20230630.htm,2023-08-09,2023,610373,https://www.sec.gov/Archives/edgar/data/1411342/000141134223000150/0001411342-23-000150-index.htm,6500,10q-efc-20230630
DQC.US.0109.9569,"2024-02-29 21:34:15,420 [DQC.US.0109.9569] The concept us-gaap:ConcentrationRiskPercentage1 with value 0.216 should always be used with the ConcentrationRiskByTypeAxis the ConcentrationRiskByBenchmarkAxis and a third axis to identify the risk area.  This element can only have a value of 1 when only the ConcentrationRiskByTypeAxis and ConcentrationRiskByBenchmarkAxis are used.  This fact needs another axis to identify the specific us-gaap:CreditConcentrationRiskMember risk. If this value represents the Concentration Risk, Threshold Percentage then use the extension element ConcentrationRiskThresholdPercentage. 

The properties of this us-gaap:ConcentrationRiskPercentage1 fact are:

Period :2022-01-01 to 2022-12-31
Dimensions : us-gaap:ConcentrationRiskByTypeAxis=us-gaap:CreditConcentrationRiskMember, us-gaap:ConcentrationRiskByBenchmarkAxis=efc:CollateralOnRepurchaseAgreementsMember
Unit : pure


Rule Element Id:9569
Rule version: 23.0.5 - efc-20231231.htm 5",2024-03-01,ERROR,DQC,109,1411342,ELLINGTON FINANCIAL INC,2024-02-29 16:42:00,0001411342-24-000021,US GAAP 2023,XBRL Document Created with the Workiva Platform,10-K,http://www.sec.gov/Archives/edgar/data/1411342/000141134224000021/efc-20231231.htm,2024-02-29,2024,681343,https://www.sec.gov/Archives/edgar/data/1411342/000141134224000021/0001411342-24-000021-index.htm,6500,10k-efc-20231231
DQC.US.0109.9569,"2024-02-29 21:34:15,420 [DQC.US.0109.9569] The concept us-gaap:ConcentrationRiskPercentage1 with value 0.228 should always be used with the ConcentrationRiskByTypeAxis the ConcentrationRiskByBenchmarkAxis and a third axis to identify the risk area.  This element can only have a value of 1 when only the ConcentrationRiskByTypeAxis and ConcentrationRiskByBenchmarkAxis are used.  This fact needs another axis to identify the specific us-gaap:CreditConcentrationRiskMember risk. If this value represents the Concentration Risk, Threshold Percentage then use the extension element ConcentrationRiskThresholdPercentage. 

The properties of this us-gaap:ConcentrationRiskPercentage1 fact are:

Period :2022-01-01 to 2022-12-31
Dimensions : us-gaap:ConcentrationRiskByBenchmarkAxis=efc:DueFromBrokerMember, us-gaap:ConcentrationRiskByTypeAxis=us-gaap:CreditConcentrationRiskMember
Unit : pure


Rule Element Id:9569
Rule version: 23.0.5 - efc-20231231.htm 5",2024-03-01,ERROR,DQC,109,1411342,ELLINGTON FINANCIAL INC,2024-02-29 16:42:00,0001411342-24-000021,US GAAP 2023,XBRL Document Created with the Workiva Platform,10-K,http://www.sec.gov/Archives/edgar/data/1411342/000141134224000021/efc-20231231.htm,2024-02-29,2024,681343,https://www.sec.gov/Archives/edgar/data/1411342/000141134224000021/0001411342-24-000021-index.htm,6500,10k-efc-20231231
DQC.US.0109.9569,"2024-02-29 21:34:15,420 [DQC.US.0109.9569] The concept us-gaap:ConcentrationRiskPercentage1 with value 0.413 should always be used with the ConcentrationRiskByTypeAxis the ConcentrationRiskByBenchmarkAxis and a third axis to identify the risk area.  This element can only have a value of 1 when only the ConcentrationRiskByTypeAxis and ConcentrationRiskByBenchmarkAxis are used.  This fact needs another axis to identify the specific us-gaap:CreditConcentrationRiskMember risk. If this value represents the Concentration Risk, Threshold Percentage then use the extension element ConcentrationRiskThresholdPercentage. 

The properties of this us-gaap:ConcentrationRiskPercentage1 fact are:

Period :2022-01-01 to 2022-12-31
Dimensions : us-gaap:ConcentrationRiskByTypeAxis=us-gaap:CreditConcentrationRiskMember, us-gaap:ConcentrationRiskByBenchmarkAxis=us-gaap:CashAndCashEquivalentsMember
Unit : pure


Rule Element Id:9569
Rule version: 23.0.5 - efc-20231231.htm 5",2024-03-01,ERROR,DQC,109,1411342,ELLINGTON FINANCIAL INC,2024-02-29 16:42:00,0001411342-24-000021,US GAAP 2023,XBRL Document Created with the Workiva Platform,10-K,http://www.sec.gov/Archives/edgar/data/1411342/000141134224000021/efc-20231231.htm,2024-02-29,2024,681343,https://www.sec.gov/Archives/edgar/data/1411342/000141134224000021/0001411342-24-000021-index.htm,6500,10k-efc-20231231
DQC.US.0109.9569,"2024-02-29 21:34:15,421 [DQC.US.0109.9569] The concept us-gaap:ConcentrationRiskPercentage1 with value 0.364 should always be used with the ConcentrationRiskByTypeAxis the ConcentrationRiskByBenchmarkAxis and a third axis to identify the risk area.  This element can only have a value of 1 when only the ConcentrationRiskByTypeAxis and ConcentrationRiskByBenchmarkAxis are used.  This fact needs another axis to identify the specific us-gaap:CreditConcentrationRiskMember risk. If this value represents the Concentration Risk, Threshold Percentage then use the extension element ConcentrationRiskThresholdPercentage. 

The properties of this us-gaap:ConcentrationRiskPercentage1 fact are:

Period :2022-01-01 to 2022-12-31
Dimensions : us-gaap:ConcentrationRiskByBenchmarkAxis=efc:ReceivableForSecuritiesSoldMember, us-gaap:ConcentrationRiskByTypeAxis=us-gaap:CreditConcentrationRiskMember
Unit : pure


Rule Element Id:9569
Rule version: 23.0.5 - efc-20231231.htm 5",2024-03-01,ERROR,DQC,109,1411342,ELLINGTON FINANCIAL INC,2024-02-29 16:42:00,0001411342-24-000021,US GAAP 2023,XBRL Document Created with the Workiva Platform,10-K,http://www.sec.gov/Archives/edgar/data/1411342/000141134224000021/efc-20231231.htm,2024-02-29,2024,681343,https://www.sec.gov/Archives/edgar/data/1411342/000141134224000021/0001411342-24-000021-index.htm,6500,10k-efc-20231231
DQC.US.0109.9569,"2024-02-29 21:34:15,421 [DQC.US.0109.9569] The concept us-gaap:ConcentrationRiskPercentage1 with value 0.543 should always be used with the ConcentrationRiskByTypeAxis the ConcentrationRiskByBenchmarkAxis and a third axis to identify the risk area.  This element can only have a value of 1 when only the ConcentrationRiskByTypeAxis and ConcentrationRiskByBenchmarkAxis are used.  This fact needs another axis to identify the specific us-gaap:CreditConcentrationRiskMember risk. If this value represents the Concentration Risk, Threshold Percentage then use the extension element ConcentrationRiskThresholdPercentage. 

The properties of this us-gaap:ConcentrationRiskPercentage1 fact are:

Period :2023-01-01 to 2023-12-31
Dimensions : us-gaap:ConcentrationRiskByTypeAxis=us-gaap:CreditConcentrationRiskMember, us-gaap:ConcentrationRiskByBenchmarkAxis=efc:ReceivableForSecuritiesSoldMember
Unit : pure


Rule Element Id:9569
Rule version: 23.0.5 - efc-20231231.htm 5",2024-03-01,ERROR,DQC,109,1411342,ELLINGTON FINANCIAL INC,2024-02-29 16:42:00,0001411342-24-000021,US GAAP 2023,XBRL Document Created with the Workiva Platform,10-K,http://www.sec.gov/Archives/edgar/data/1411342/000141134224000021/efc-20231231.htm,2024-02-29,2024,681343,https://www.sec.gov/Archives/edgar/data/1411342/000141134224000021/0001411342-24-000021-index.htm,6500,10k-efc-20231231
DQC.US.0109.9569,"2024-02-29 21:34:15,422 [DQC.US.0109.9569] The concept us-gaap:ConcentrationRiskPercentage1 with value 0.186 should always be used with the ConcentrationRiskByTypeAxis the ConcentrationRiskByBenchmarkAxis and a third axis to identify the risk area.  This element can only have a value of 1 when only the ConcentrationRiskByTypeAxis and ConcentrationRiskByBenchmarkAxis are used.  This fact needs another axis to identify the specific us-gaap:CreditConcentrationRiskMember risk. If this value represents the Concentration Risk, Threshold Percentage then use the extension element ConcentrationRiskThresholdPercentage. 

The properties of this us-gaap:ConcentrationRiskPercentage1 fact are:

Period :2023-01-01 to 2023-12-31
Dimensions : us-gaap:ConcentrationRiskByTypeAxis=us-gaap:CreditConcentrationRiskMember, us-gaap:ConcentrationRiskByBenchmarkAxis=efc:CollateralOnRepurchaseAgreementsMember
Unit : pure


Rule Element Id:9569
Rule version: 23.0.5 - efc-20231231.htm 5",2024-03-01,ERROR,DQC,109,1411342,ELLINGTON FINANCIAL INC,2024-02-29 16:42:00,0001411342-24-000021,US GAAP 2023,XBRL Document Created with the Workiva Platform,10-K,http://www.sec.gov/Archives/edgar/data/1411342/000141134224000021/efc-20231231.htm,2024-02-29,2024,681343,https://www.sec.gov/Archives/edgar/data/1411342/000141134224000021/0001411342-24-000021-index.htm,6500,10k-efc-20231231
DQC.US.0109.9569,"2024-02-29 21:34:15,422 [DQC.US.0109.9569] The concept us-gaap:ConcentrationRiskPercentage1 with value 0.288 should always be used with the ConcentrationRiskByTypeAxis the ConcentrationRiskByBenchmarkAxis and a third axis to identify the risk area.  This element can only have a value of 1 when only the ConcentrationRiskByTypeAxis and ConcentrationRiskByBenchmarkAxis are used.  This fact needs another axis to identify the specific us-gaap:CreditConcentrationRiskMember risk. If this value represents the Concentration Risk, Threshold Percentage then use the extension element ConcentrationRiskThresholdPercentage. 

The properties of this us-gaap:ConcentrationRiskPercentage1 fact are:

Period :2023-01-01 to 2023-12-31
Dimensions : us-gaap:ConcentrationRiskByTypeAxis=us-gaap:CreditConcentrationRiskMember, us-gaap:ConcentrationRiskByBenchmarkAxis=us-gaap:CashAndCashEquivalentsMember
Unit : pure


Rule Element Id:9569
Rule version: 23.0.5 - efc-20231231.htm 5",2024-03-01,ERROR,DQC,109,1411342,ELLINGTON FINANCIAL INC,2024-02-29 16:42:00,0001411342-24-000021,US GAAP 2023,XBRL Document Created with the Workiva Platform,10-K,http://www.sec.gov/Archives/edgar/data/1411342/000141134224000021/efc-20231231.htm,2024-02-29,2024,681343,https://www.sec.gov/Archives/edgar/data/1411342/000141134224000021/0001411342-24-000021-index.htm,6500,10k-efc-20231231
DQC.US.0109.9569,"2024-02-29 21:34:15,422 [DQC.US.0109.9569] The concept us-gaap:ConcentrationRiskPercentage1 with value 0.585 should always be used with the ConcentrationRiskByTypeAxis the ConcentrationRiskByBenchmarkAxis and a third axis to identify the risk area.  This element can only have a value of 1 when only the ConcentrationRiskByTypeAxis and ConcentrationRiskByBenchmarkAxis are used.  This fact needs another axis to identify the specific us-gaap:CreditConcentrationRiskMember risk. If this value represents the Concentration Risk, Threshold Percentage then use the extension element ConcentrationRiskThresholdPercentage. 

The properties of this us-gaap:ConcentrationRiskPercentage1 fact are:

Period :2023-01-01 to 2023-12-31
Dimensions : us-gaap:ConcentrationRiskByBenchmarkAxis=efc:DueFromBrokerMember, us-gaap:ConcentrationRiskByTypeAxis=us-gaap:CreditConcentrationRiskMember
Unit : pure


Rule Element Id:9569
Rule version: 23.0.5 - efc-20231231.htm 5",2024-03-01,ERROR,DQC,109,1411342,ELLINGTON FINANCIAL INC,2024-02-29 16:42:00,0001411342-24-000021,US GAAP 2023,XBRL Document Created with the Workiva Platform,10-K,http://www.sec.gov/Archives/edgar/data/1411342/000141134224000021/efc-20231231.htm,2024-02-29,2024,681343,https://www.sec.gov/Archives/edgar/data/1411342/000141134224000021/0001411342-24-000021-index.htm,6500,10k-efc-20231231
DQC.US.0109.9569,"2024-03-11 18:18:21,974 [DQC.US.0109.9569] The concept us-gaap:ConcentrationRiskPercentage1 with value 0.11 should always be used with the ConcentrationRiskByTypeAxis the ConcentrationRiskByBenchmarkAxis and a third axis to identify the risk area.  This element can only have a value of 1 when only the ConcentrationRiskByTypeAxis and ConcentrationRiskByBenchmarkAxis are used.  This fact needs another axis to identify the specific us-gaap:CustomerConcentrationRiskMember risk. If this value represents the Concentration Risk, Threshold Percentage then use the extension element ConcentrationRiskThresholdPercentage. 

The properties of this us-gaap:ConcentrationRiskPercentage1 fact are:

Period :2022-01-01 to 2022-12-31
Dimensions : us-gaap:ConcentrationRiskByTypeAxis=us-gaap:CustomerConcentrationRiskMember, us-gaap:ConcentrationRiskByBenchmarkAxis=us-gaap:SalesRevenueNetMember
Unit : pure


Rule Element Id:9569
Rule version: 23.0.6 - davey-20231231.htm 5",2024-03-11,ERROR,DQC,109,277638,THE DAVEY TREE EXPERT COMPANY,2024-03-11 17:15:00,0000277638-24-000003,US GAAP 2023,XBRL Document Created with the Workiva Platform,10-K,http://www.sec.gov/Archives/edgar/data/277638/000027763824000003/davey-20231231.htm,2024-03-11,2024,684183,https://www.sec.gov/Archives/edgar/data/277638/000027763824000003/0000277638-24-000003-index.htm,700,10k-davey-20231231
DQC.US.0109.9569,"2024-03-11 18:18:21,975 [DQC.US.0109.9569] The concept us-gaap:ConcentrationRiskPercentage1 with value 0.13 should always be used with the ConcentrationRiskByTypeAxis the ConcentrationRiskByBenchmarkAxis and a third axis to identify the risk area.  This element can only have a value of 1 when only the ConcentrationRiskByTypeAxis and ConcentrationRiskByBenchmarkAxis are used.  This fact needs another axis to identify the specific us-gaap:CustomerConcentrationRiskMember risk. If this value represents the Concentration Risk, Threshold Percentage then use the extension element ConcentrationRiskThresholdPercentage. 

The properties of this us-gaap:ConcentrationRiskPercentage1 fact are:

Period :2021-01-01 to 2021-12-31
Dimensions : us-gaap:ConcentrationRiskByTypeAxis=us-gaap:CustomerConcentrationRiskMember, us-gaap:ConcentrationRiskByBenchmarkAxis=us-gaap:SalesRevenueNetMember
Unit : pure


Rule Element Id:9569
Rule version: 23.0.6 - davey-20231231.htm 5",2024-03-11,ERROR,DQC,109,277638,THE DAVEY TREE EXPERT COMPANY,2024-03-11 17:15:00,0000277638-24-000003,US GAAP 2023,XBRL Document Created with the Workiva Platform,10-K,http://www.sec.gov/Archives/edgar/data/277638/000027763824000003/davey-20231231.htm,2024-03-11,2024,684183,https://www.sec.gov/Archives/edgar/data/277638/000027763824000003/0000277638-24-000003-index.htm,700,10k-davey-20231231
DQC.US.0109.9569,"2024-03-11 18:18:21,975 [DQC.US.0109.9569] The concept us-gaap:ConcentrationRiskPercentage1 with value 0.1 should always be used with the ConcentrationRiskByTypeAxis the ConcentrationRiskByBenchmarkAxis and a third axis to identify the risk area.  This element can only have a value of 1 when only the ConcentrationRiskByTypeAxis and ConcentrationRiskByBenchmarkAxis are used.  This fact needs another axis to identify the specific us-gaap:CustomerConcentrationRiskMember risk. If this value represents the Concentration Risk, Threshold Percentage then use the extension element ConcentrationRiskThresholdPercentage. 

The properties of this us-gaap:ConcentrationRiskPercentage1 fact are:

Period :2023-01-01 to 2023-12-31
Dimensions : us-gaap:ConcentrationRiskByTypeAxis=us-gaap:CustomerConcentrationRiskMember, us-gaap:ConcentrationRiskByBenchmarkAxis=us-gaap:SalesRevenueNetMember
Unit : pure


Rule Element Id:9569
Rule version: 23.0.6 - davey-20231231.htm 5",2024-03-11,ERROR,DQC,109,277638,THE DAVEY TREE EXPERT COMPANY,2024-03-11 17:15:00,0000277638-24-000003,US GAAP 2023,XBRL Document Created with the Workiva Platform,10-K,http://www.sec.gov/Archives/edgar/data/277638/000027763824000003/davey-20231231.htm,2024-03-11,2024,684183,https://www.sec.gov/Archives/edgar/data/277638/000027763824000003/0000277638-24-000003-index.htm,700,10k-davey-20231231
DQC.US.0109.9569,"2024-03-22 10:02:05,818 [DQC.US.0109.9569] The concept us-gaap:ConcentrationRiskPercentage1 with value 0.1 should always be used with the ConcentrationRiskByTypeAxis the ConcentrationRiskByBenchmarkAxis and a third axis to identify the risk area.  This element can only have a value of 1 when only the ConcentrationRiskByTypeAxis and ConcentrationRiskByBenchmarkAxis are used.  This fact needs another axis to identify the specific gpox:OneCustomerConcentrationRiskMember risk. If this value represents the Concentration Risk, Threshold Percentage then use the extension element ConcentrationRiskThresholdPercentage. 

The properties of this us-gaap:ConcentrationRiskPercentage1 fact are:

Period :2022-05-01 to 2023-01-31
Dimensions : us-gaap:ConcentrationRiskByBenchmarkAxis=us-gaap:SalesRevenueNetMember, us-gaap:ConcentrationRiskByTypeAxis=gpox:OneCustomerConcentrationRiskMember
Unit : pure


Rule Element Id:9569
Rule version: 23.0.6 - gpox_10q.htm 2",2024-03-22,ERROR,DQC,109,1673475,"GPO PLUS, INC.",2024-03-22 06:01:00,0001640334-24-000453,US GAAP 2023,XBRL Document Created with XBRLMaster,10-Q,http://www.sec.gov/Archives/edgar/data/1673475/000164033424000453/gpox_10q.htm,2024-03-22,2024,691545,https://www.sec.gov/Archives/edgar/data/1673475/000164033424000453/0001640334-24-000453-index.htm,8900,10q-gpox-20240131
DQC.US.0109.9569,"2024-03-22 10:02:05,818 [DQC.US.0109.9569] The concept us-gaap:ConcentrationRiskPercentage1 with value 0.67 should always be used with the ConcentrationRiskByTypeAxis the ConcentrationRiskByBenchmarkAxis and a third axis to identify the risk area.  This element can only have a value of 1 when only the ConcentrationRiskByTypeAxis and ConcentrationRiskByBenchmarkAxis are used.  This fact needs another axis to identify the specific gpox:OneCustomerConcentrationRiskMember risk. If this value represents the Concentration Risk, Threshold Percentage then use the extension element ConcentrationRiskThresholdPercentage. 

The properties of this us-gaap:ConcentrationRiskPercentage1 fact are:

Period :2021-05-01 to 2022-04-30
Dimensions : us-gaap:ConcentrationRiskByTypeAxis=gpox:OneCustomerConcentrationRiskMember, us-gaap:ConcentrationRiskByBenchmarkAxis=us-gaap:AccountsReceivableMember
Unit : pure


Rule Element Id:9569
Rule version: 23.0.6 - gpox_10q.htm 2",2024-03-22,ERROR,DQC,109,1673475,"GPO PLUS, INC.",2024-03-22 06:01:00,0001640334-24-000453,US GAAP 2023,XBRL Document Created with XBRLMaster,10-Q,http://www.sec.gov/Archives/edgar/data/1673475/000164033424000453/gpox_10q.htm,2024-03-22,2024,691545,https://www.sec.gov/Archives/edgar/data/1673475/000164033424000453/0001640334-24-000453-index.htm,8900,10q-gpox-20240131
DQC.US.0109.9569,"2024-03-22 10:02:05,818 [DQC.US.0109.9569] The concept us-gaap:ConcentrationRiskPercentage1 with value 0.96 should always be used with the ConcentrationRiskByTypeAxis the ConcentrationRiskByBenchmarkAxis and a third axis to identify the risk area.  This element can only have a value of 1 when only the ConcentrationRiskByTypeAxis and ConcentrationRiskByBenchmarkAxis are used.  This fact needs another axis to identify the specific gpox:TotalCustomerConcentrationRiskMember risk. If this value represents the Concentration Risk, Threshold Percentage then use the extension element ConcentrationRiskThresholdPercentage. 

The properties of this us-gaap:ConcentrationRiskPercentage1 fact are:

Period :2022-05-01 to 2023-01-31
Dimensions : us-gaap:ConcentrationRiskByBenchmarkAxis=us-gaap:SalesRevenueNetMember, us-gaap:ConcentrationRiskByTypeAxis=gpox:TotalCustomerConcentrationRiskMember
Unit : pure


Rule Element Id:9569
Rule version: 23.0.6 - gpox_10q.htm 2",2024-03-22,ERROR,DQC,109,1673475,"GPO PLUS, INC.",2024-03-22 06:01:00,0001640334-24-000453,US GAAP 2023,XBRL Document Created with XBRLMaster,10-Q,http://www.sec.gov/Archives/edgar/data/1673475/000164033424000453/gpox_10q.htm,2024-03-22,2024,691545,https://www.sec.gov/Archives/edgar/data/1673475/000164033424000453/0001640334-24-000453-index.htm,8900,10q-gpox-20240131
DQC.US.0109.9569,"2024-03-22 10:02:05,819 [DQC.US.0109.9569] The concept us-gaap:ConcentrationRiskPercentage1 with value 0.1 should always be used with the ConcentrationRiskByTypeAxis the ConcentrationRiskByBenchmarkAxis and a third axis to identify the risk area.  This element can only have a value of 1 when only the ConcentrationRiskByTypeAxis and ConcentrationRiskByBenchmarkAxis are used.  This fact needs another axis to identify the specific gpox:OneCustomerConcentrationRiskMember risk. If this value represents the Concentration Risk, Threshold Percentage then use the extension element ConcentrationRiskThresholdPercentage. 

The properties of this us-gaap:ConcentrationRiskPercentage1 fact are:

Period :2023-05-01 to 2024-01-31
Dimensions : us-gaap:ConcentrationRiskByTypeAxis=gpox:OneCustomerConcentrationRiskMember, us-gaap:ConcentrationRiskByBenchmarkAxis=us-gaap:SalesRevenueNetMember
Unit : pure


Rule Element Id:9569
Rule version: 23.0.6 - gpox_10q.htm 2",2024-03-22,ERROR,DQC,109,1673475,"GPO PLUS, INC.",2024-03-22 06:01:00,0001640334-24-000453,US GAAP 2023,XBRL Document Created with XBRLMaster,10-Q,http://www.sec.gov/Archives/edgar/data/1673475/000164033424000453/gpox_10q.htm,2024-03-22,2024,691545,https://www.sec.gov/Archives/edgar/data/1673475/000164033424000453/0001640334-24-000453-index.htm,8900,10q-gpox-20240131
DQC.US.0109.9569,"2024-03-22 10:02:05,819 [DQC.US.0109.9569] The concept us-gaap:ConcentrationRiskPercentage1 with value 0.27 should always be used with the ConcentrationRiskByTypeAxis the ConcentrationRiskByBenchmarkAxis and a third axis to identify the risk area.  This element can only have a value of 1 when only the ConcentrationRiskByTypeAxis and ConcentrationRiskByBenchmarkAxis are used.  This fact needs another axis to identify the specific gpox:TwoCustomerConcentrationRiskMember risk. If this value represents the Concentration Risk, Threshold Percentage then use the extension element ConcentrationRiskThresholdPercentage. 

The properties of this us-gaap:ConcentrationRiskPercentage1 fact are:

Period :2021-05-01 to 2022-04-30
Dimensions : us-gaap:ConcentrationRiskByTypeAxis=gpox:TwoCustomerConcentrationRiskMember, us-gaap:ConcentrationRiskByBenchmarkAxis=us-gaap:AccountsReceivableMember
Unit : pure


Rule Element Id:9569
Rule version: 23.0.6 - gpox_10q.htm 2",2024-03-22,ERROR,DQC,109,1673475,"GPO PLUS, INC.",2024-03-22 06:01:00,0001640334-24-000453,US GAAP 2023,XBRL Document Created with XBRLMaster,10-Q,http://www.sec.gov/Archives/edgar/data/1673475/000164033424000453/gpox_10q.htm,2024-03-22,2024,691545,https://www.sec.gov/Archives/edgar/data/1673475/000164033424000453/0001640334-24-000453-index.htm,8900,10q-gpox-20240131
DQC.US.0109.9569,"2024-03-22 10:02:05,820 [DQC.US.0109.9569] The concept us-gaap:ConcentrationRiskPercentage1 with value 0.19 should always be used with the ConcentrationRiskByTypeAxis the ConcentrationRiskByBenchmarkAxis and a third axis to identify the risk area.  This element can only have a value of 1 when only the ConcentrationRiskByTypeAxis and ConcentrationRiskByBenchmarkAxis are used.  This fact needs another axis to identify the specific gpox:ThreeCustomerConcentrationRiskMember risk. If this value represents the Concentration Risk, Threshold Percentage then use the extension element ConcentrationRiskThresholdPercentage. 

The properties of this us-gaap:ConcentrationRiskPercentage1 fact are:

Period :2023-05-01 to 2024-01-31
Dimensions : us-gaap:ConcentrationRiskByTypeAxis=gpox:ThreeCustomerConcentrationRiskMember, us-gaap:ConcentrationRiskByBenchmarkAxis=us-gaap:AccountsReceivableMember
Unit : pure


Rule Element Id:9569
Rule version: 23.0.6 - gpox_10q.htm 2",2024-03-22,ERROR,DQC,109,1673475,"GPO PLUS, INC.",2024-03-22 06:01:00,0001640334-24-000453,US GAAP 2023,XBRL Document Created with XBRLMaster,10-Q,http://www.sec.gov/Archives/edgar/data/1673475/000164033424000453/gpox_10q.htm,2024-03-22,2024,691545,https://www.sec.gov/Archives/edgar/data/1673475/000164033424000453/0001640334-24-000453-index.htm,8900,10q-gpox-20240131
DQC.US.0109.9569,"2024-03-22 10:02:05,820 [DQC.US.0109.9569] The concept us-gaap:ConcentrationRiskPercentage1 with value 0.59 should always be used with the ConcentrationRiskByTypeAxis the ConcentrationRiskByBenchmarkAxis and a third axis to identify the risk area.  This element can only have a value of 1 when only the ConcentrationRiskByTypeAxis and ConcentrationRiskByBenchmarkAxis are used.  This fact needs another axis to identify the specific gpox:OneCustomerConcentrationRiskMember risk. If this value represents the Concentration Risk, Threshold Percentage then use the extension element ConcentrationRiskThresholdPercentage. 

The properties of this us-gaap:ConcentrationRiskPercentage1 fact are:

Period :2023-05-01 to 2024-01-31
Dimensions : us-gaap:ConcentrationRiskByBenchmarkAxis=us-gaap:AccountsReceivableMember, us-gaap:ConcentrationRiskByTypeAxis=gpox:OneCustomerConcentrationRiskMember
Unit : pure


Rule Element Id:9569
Rule version: 23.0.6 - gpox_10q.htm 2",2024-03-22,ERROR,DQC,109,1673475,"GPO PLUS, INC.",2024-03-22 06:01:00,0001640334-24-000453,US GAAP 2023,XBRL Document Created with XBRLMaster,10-Q,http://www.sec.gov/Archives/edgar/data/1673475/000164033424000453/gpox_10q.htm,2024-03-22,2024,691545,https://www.sec.gov/Archives/edgar/data/1673475/000164033424000453/0001640334-24-000453-index.htm,8900,10q-gpox-20240131
DQC.US.0109.9569,"2024-03-22 10:02:05,820 [DQC.US.0109.9569] The concept us-gaap:ConcentrationRiskPercentage1 with value 0.95 should always be used with the ConcentrationRiskByTypeAxis the ConcentrationRiskByBenchmarkAxis and a third axis to identify the risk area.  This element can only have a value of 1 when only the ConcentrationRiskByTypeAxis and ConcentrationRiskByBenchmarkAxis are used.  This fact needs another axis to identify the specific gpox:TotalCustomerConcentrationRiskMember risk. If this value represents the Concentration Risk, Threshold Percentage then use the extension element ConcentrationRiskThresholdPercentage. 

The properties of this us-gaap:ConcentrationRiskPercentage1 fact are:

Period :2023-05-01 to 2024-01-31
Dimensions : us-gaap:ConcentrationRiskByBenchmarkAxis=us-gaap:SalesRevenueNetMember, us-gaap:ConcentrationRiskByTypeAxis=gpox:TotalCustomerConcentrationRiskMember
Unit : pure


Rule Element Id:9569
Rule version: 23.0.6 - gpox_10q.htm 2",2024-03-22,ERROR,DQC,109,1673475,"GPO PLUS, INC.",2024-03-22 06:01:00,0001640334-24-000453,US GAAP 2023,XBRL Document Created with XBRLMaster,10-Q,http://www.sec.gov/Archives/edgar/data/1673475/000164033424000453/gpox_10q.htm,2024-03-22,2024,691545,https://www.sec.gov/Archives/edgar/data/1673475/000164033424000453/0001640334-24-000453-index.htm,8900,10q-gpox-20240131
DQC.US.0109.9569,"2024-03-22 10:02:05,821 [DQC.US.0109.9569] The concept us-gaap:ConcentrationRiskPercentage1 with value 0.27 should always be used with the ConcentrationRiskByTypeAxis the ConcentrationRiskByBenchmarkAxis and a third axis to identify the risk area.  This element can only have a value of 1 when only the ConcentrationRiskByTypeAxis and ConcentrationRiskByBenchmarkAxis are used.  This fact needs another axis to identify the specific gpox:TwoCustomerConcentrationRiskMember risk. If this value represents the Concentration Risk, Threshold Percentage then use the extension element ConcentrationRiskThresholdPercentage. 

The properties of this us-gaap:ConcentrationRiskPercentage1 fact are:

Period :2023-05-01 to 2024-01-31
Dimensions : us-gaap:ConcentrationRiskByBenchmarkAxis=us-gaap:AccountsReceivableMember, us-gaap:ConcentrationRiskByTypeAxis=gpox:TwoCustomerConcentrationRiskMember
Unit : pure


Rule Element Id:9569
Rule version: 23.0.6 - gpox_10q.htm 2",2024-03-22,ERROR,DQC,109,1673475,"GPO PLUS, INC.",2024-03-22 06:01:00,0001640334-24-000453,US GAAP 2023,XBRL Document Created with XBRLMaster,10-Q,http://www.sec.gov/Archives/edgar/data/1673475/000164033424000453/gpox_10q.htm,2024-03-22,2024,691545,https://www.sec.gov/Archives/edgar/data/1673475/000164033424000453/0001640334-24-000453-index.htm,8900,10q-gpox-20240131
DQC.US.0109.9569,"2024-05-16 18:18:04,612 [DQC.US.0109.9569] The concept us-gaap:ConcentrationRiskPercentage1 with value 0.34 should always be used with the ConcentrationRiskByTypeAxis the ConcentrationRiskByBenchmarkAxis and a third axis to identify the risk area.  This element can only have a value of 1 when only the ConcentrationRiskByTypeAxis and ConcentrationRiskByBenchmarkAxis are used.  This fact needs another axis to identify the specific capc:CustomerConcentrationRiskOneMember risk. If this value represents the Concentration Risk, Threshold Percentage then use the extension element ConcentrationRiskThresholdPercentage. 

The properties of this us-gaap:ConcentrationRiskPercentage1 fact are:

Period :2023-01-01 to 2023-12-31
Dimensions : us-gaap:ConcentrationRiskByBenchmarkAxis=us-gaap:SalesRevenueNetMember, us-gaap:ConcentrationRiskByTypeAxis=capc:CustomerConcentrationRiskOneMember
Unit : pure


Rule Element Id:9569
Rule version: 23.0.11 - capc_10k.htm 11291",2024-05-16,ERROR,DQC,109,814926,"CAPSTONE COMPANIES, INC.",2024-03-29 17:24:00,0001903596-24-000189,US GAAP 2024,Novaworks,10-K,http://www.sec.gov/Archives/edgar/data/814926/000190359624000189/capc_10k.htm,2024-03-29,2024,698750,https://www.sec.gov/Archives/edgar/data/814926/000190359624000189/0001903596-24-000189-index.htm,3640,10k-capc-20231231
DQC.US.0109.9569,"2024-05-16 18:18:04,612 [DQC.US.0109.9569] The concept us-gaap:ConcentrationRiskPercentage1 with value 0.5 should always be used with the ConcentrationRiskByTypeAxis the ConcentrationRiskByBenchmarkAxis and a third axis to identify the risk area.  This element can only have a value of 1 when only the ConcentrationRiskByTypeAxis and ConcentrationRiskByBenchmarkAxis are used.  This fact needs another axis to identify the specific capc:CustomerConcentrationRiskTwoMember risk. If this value represents the Concentration Risk, Threshold Percentage then use the extension element ConcentrationRiskThresholdPercentage. 

The properties of this us-gaap:ConcentrationRiskPercentage1 fact are:

Period :2023-01-01 to 2023-12-31
Dimensions : us-gaap:ConcentrationRiskByBenchmarkAxis=us-gaap:SalesRevenueNetMember, us-gaap:ConcentrationRiskByTypeAxis=capc:CustomerConcentrationRiskTwoMember
Unit : pure


Rule Element Id:9569
Rule version: 23.0.11 - capc_10k.htm 11297",2024-05-16,ERROR,DQC,109,814926,"CAPSTONE COMPANIES, INC.",2024-03-29 17:24:00,0001903596-24-000189,US GAAP 2024,Novaworks,10-K,http://www.sec.gov/Archives/edgar/data/814926/000190359624000189/capc_10k.htm,2024-03-29,2024,698750,https://www.sec.gov/Archives/edgar/data/814926/000190359624000189/0001903596-24-000189-index.htm,3640,10k-capc-20231231
DQC.US.0109.9569,"2024-05-16 18:18:04,612 [DQC.US.0109.9569] The concept us-gaap:ConcentrationRiskPercentage1 with value 0.84 should always be used with the ConcentrationRiskByTypeAxis the ConcentrationRiskByBenchmarkAxis and a third axis to identify the risk area.  This element can only have a value of 1 when only the ConcentrationRiskByTypeAxis and ConcentrationRiskByBenchmarkAxis are used.  This fact needs another axis to identify the specific us-gaap:CustomerConcentrationRiskMember risk. If this value represents the Concentration Risk, Threshold Percentage then use the extension element ConcentrationRiskThresholdPercentage. 

The properties of this us-gaap:ConcentrationRiskPercentage1 fact are:

Period :2023-01-01 to 2023-12-31
Dimensions : us-gaap:ConcentrationRiskByBenchmarkAxis=us-gaap:SalesRevenueNetMember, us-gaap:ConcentrationRiskByTypeAxis=us-gaap:CustomerConcentrationRiskMember
Unit : pure


Rule Element Id:9569
Rule version: 23.0.11 - capc_10k.htm 11310",2024-05-16,ERROR,DQC,109,814926,"CAPSTONE COMPANIES, INC.",2024-03-29 17:24:00,0001903596-24-000189,US GAAP 2024,Novaworks,10-K,http://www.sec.gov/Archives/edgar/data/814926/000190359624000189/capc_10k.htm,2024-03-29,2024,698750,https://www.sec.gov/Archives/edgar/data/814926/000190359624000189/0001903596-24-000189-index.htm,3640,10k-capc-20231231
DQC.US.0109.9569,"2024-05-16 18:18:04,613 [DQC.US.0109.9569] The concept us-gaap:ConcentrationRiskPercentage1 with value 0.13 should always be used with the ConcentrationRiskByTypeAxis the ConcentrationRiskByBenchmarkAxis and a third axis to identify the risk area.  This element can only have a value of 1 when only the ConcentrationRiskByTypeAxis and ConcentrationRiskByBenchmarkAxis are used.  This fact needs another axis to identify the specific capc:CustomerConcentrationRiskTwoMember risk. If this value represents the Concentration Risk, Threshold Percentage then use the extension element ConcentrationRiskThresholdPercentage. 

The properties of this us-gaap:ConcentrationRiskPercentage1 fact are:

Period :2022-01-01 to 2022-12-31
Dimensions : us-gaap:ConcentrationRiskByTypeAxis=capc:CustomerConcentrationRiskTwoMember, us-gaap:ConcentrationRiskByBenchmarkAxis=us-gaap:SalesRevenueNetMember
Unit : pure


Rule Element Id:9569
Rule version: 23.0.11 - capc_10k.htm 11305",2024-05-16,ERROR,DQC,109,814926,"CAPSTONE COMPANIES, INC.",2024-03-29 17:24:00,0001903596-24-000189,US GAAP 2024,Novaworks,10-K,http://www.sec.gov/Archives/edgar/data/814926/000190359624000189/capc_10k.htm,2024-03-29,2024,698750,https://www.sec.gov/Archives/edgar/data/814926/000190359624000189/0001903596-24-000189-index.htm,3640,10k-capc-20231231
DQC.US.0109.9569,"2024-05-16 18:18:04,613 [DQC.US.0109.9569] The concept us-gaap:ConcentrationRiskPercentage1 with value 0.58 should always be used with the ConcentrationRiskByTypeAxis the ConcentrationRiskByBenchmarkAxis and a third axis to identify the risk area.  This element can only have a value of 1 when only the ConcentrationRiskByTypeAxis and ConcentrationRiskByBenchmarkAxis are used.  This fact needs another axis to identify the specific capc:CustomerConcentrationRiskOneMember risk. If this value represents the Concentration Risk, Threshold Percentage then use the extension element ConcentrationRiskThresholdPercentage. 

The properties of this us-gaap:ConcentrationRiskPercentage1 fact are:

Period :2022-01-01 to 2022-12-31
Dimensions : us-gaap:ConcentrationRiskByTypeAxis=capc:CustomerConcentrationRiskOneMember, us-gaap:ConcentrationRiskByBenchmarkAxis=us-gaap:SalesRevenueNetMember
Unit : pure


Rule Element Id:9569
Rule version: 23.0.11 - capc_10k.htm 11292",2024-05-16,ERROR,DQC,109,814926,"CAPSTONE COMPANIES, INC.",2024-03-29 17:24:00,0001903596-24-000189,US GAAP 2024,Novaworks,10-K,http://www.sec.gov/Archives/edgar/data/814926/000190359624000189/capc_10k.htm,2024-03-29,2024,698750,https://www.sec.gov/Archives/edgar/data/814926/000190359624000189/0001903596-24-000189-index.htm,3640,10k-capc-20231231
DQC.US.0109.9569,"2024-05-16 18:18:04,613 [DQC.US.0109.9569] The concept us-gaap:ConcentrationRiskPercentage1 with value 0.71 should always be used with the ConcentrationRiskByTypeAxis the ConcentrationRiskByBenchmarkAxis and a third axis to identify the risk area.  This element can only have a value of 1 when only the ConcentrationRiskByTypeAxis and ConcentrationRiskByBenchmarkAxis are used.  This fact needs another axis to identify the specific us-gaap:CustomerConcentrationRiskMember risk. If this value represents the Concentration Risk, Threshold Percentage then use the extension element ConcentrationRiskThresholdPercentage. 

The properties of this us-gaap:ConcentrationRiskPercentage1 fact are:

Period :2022-01-01 to 2022-12-31
Dimensions : us-gaap:ConcentrationRiskByBenchmarkAxis=us-gaap:SalesRevenueNetMember, us-gaap:ConcentrationRiskByTypeAxis=us-gaap:CustomerConcentrationRiskMember
Unit : pure


Rule Element Id:9569
Rule version: 23.0.11 - capc_10k.htm 11311",2024-05-16,ERROR,DQC,109,814926,"CAPSTONE COMPANIES, INC.",2024-03-29 17:24:00,0001903596-24-000189,US GAAP 2024,Novaworks,10-K,http://www.sec.gov/Archives/edgar/data/814926/000190359624000189/capc_10k.htm,2024-03-29,2024,698750,https://www.sec.gov/Archives/edgar/data/814926/000190359624000189/0001903596-24-000189-index.htm,3640,10k-capc-20231231
DQC.US.0109.9569,"2024-11-15 10:17:04,236 [DQC.US.0109.9569] The concept us-gaap:ConcentrationRiskPercentage1 with value 0.206 should always be used with the ConcentrationRiskByTypeAxis the ConcentrationRiskByBenchmarkAxis and a third axis to identify the risk area.  This element can only have a value of 1 when only the ConcentrationRiskByTypeAxis and ConcentrationRiskByBenchmarkAxis are used.  This fact needs another axis to identify the specific us-gaap:CreditConcentrationRiskMember risk. If this value represents the Concentration Risk, Threshold Percentage then use the extension element ConcentrationRiskThresholdPercentage. 

The properties of this us-gaap:ConcentrationRiskPercentage1 fact are:

Period :2024-01-01 to 2024-09-30
Dimensions : us-gaap:ConcentrationRiskByBenchmarkAxis=efc:CollateralOnRepurchaseAgreementsMember, us-gaap:ConcentrationRiskByTypeAxis=us-gaap:CreditConcentrationRiskMember
Unit : pure


Rule Element Id:9569
Rule version: 25.0.4 - efc-20240930.htm 8",2024-11-15,ERROR,DQC,109,1411342,ELLINGTON FINANCIAL INC,2024-11-12 15:47:00,0001411342-24-000113,US GAAP 2023,XBRL Document Created with the Workiva Platform,10-Q,http://www.sec.gov/Archives/edgar/data/1411342/000141134224000113/efc-20240930.htm,2024-11-12,2024,779538,https://www.sec.gov/Archives/edgar/data/1411342/000141134224000113/0001411342-24-000113-index.htm,6500,10q-efc-20240930
DQC.US.0109.9569,"2024-11-15 10:17:04,236 [DQC.US.0109.9569] The concept us-gaap:ConcentrationRiskPercentage1 with value 0.272 should always be used with the ConcentrationRiskByTypeAxis the ConcentrationRiskByBenchmarkAxis and a third axis to identify the risk area.  This element can only have a value of 1 when only the ConcentrationRiskByTypeAxis and ConcentrationRiskByBenchmarkAxis are used.  This fact needs another axis to identify the specific us-gaap:CreditConcentrationRiskMember risk. If this value represents the Concentration Risk, Threshold Percentage then use the extension element ConcentrationRiskThresholdPercentage. 

The properties of this us-gaap:ConcentrationRiskPercentage1 fact are:

Period :2024-01-01 to 2024-09-30
Dimensions : us-gaap:ConcentrationRiskByTypeAxis=us-gaap:CreditConcentrationRiskMember, us-gaap:ConcentrationRiskByBenchmarkAxis=us-gaap:CashAndCashEquivalentsMember
Unit : pure


Rule Element Id:9569
Rule version: 25.0.4 - efc-20240930.htm 8",2024-11-15,ERROR,DQC,109,1411342,ELLINGTON FINANCIAL INC,2024-11-12 15:47:00,0001411342-24-000113,US GAAP 2023,XBRL Document Created with the Workiva Platform,10-Q,http://www.sec.gov/Archives/edgar/data/1411342/000141134224000113/efc-20240930.htm,2024-11-12,2024,779538,https://www.sec.gov/Archives/edgar/data/1411342/000141134224000113/0001411342-24-000113-index.htm,6500,10q-efc-20240930
DQC.US.0109.9569,"2024-11-15 10:17:04,236 [DQC.US.0109.9569] The concept us-gaap:ConcentrationRiskPercentage1 with value 0.387 should always be used with the ConcentrationRiskByTypeAxis the ConcentrationRiskByBenchmarkAxis and a third axis to identify the risk area.  This element can only have a value of 1 when only the ConcentrationRiskByTypeAxis and ConcentrationRiskByBenchmarkAxis are used.  This fact needs another axis to identify the specific us-gaap:CreditConcentrationRiskMember risk. If this value represents the Concentration Risk, Threshold Percentage then use the extension element ConcentrationRiskThresholdPercentage. 

The properties of this us-gaap:ConcentrationRiskPercentage1 fact are:

Period :2024-01-01 to 2024-09-30
Dimensions : us-gaap:ConcentrationRiskByBenchmarkAxis=efc:ReceivableForSecuritiesSoldMember, us-gaap:ConcentrationRiskByTypeAxis=us-gaap:CreditConcentrationRiskMember
Unit : pure


Rule Element Id:9569
Rule version: 25.0.4 - efc-20240930.htm 8",2024-11-15,ERROR,DQC,109,1411342,ELLINGTON FINANCIAL INC,2024-11-12 15:47:00,0001411342-24-000113,US GAAP 2023,XBRL Document Created with the Workiva Platform,10-Q,http://www.sec.gov/Archives/edgar/data/1411342/000141134224000113/efc-20240930.htm,2024-11-12,2024,779538,https://www.sec.gov/Archives/edgar/data/1411342/000141134224000113/0001411342-24-000113-index.htm,6500,10q-efc-20240930
DQC.US.0109.9569,"2024-11-15 10:17:04,237 [DQC.US.0109.9569] The concept us-gaap:ConcentrationRiskPercentage1 with value 0.186 should always be used with the ConcentrationRiskByTypeAxis the ConcentrationRiskByBenchmarkAxis and a third axis to identify the risk area.  This element can only have a value of 1 when only the ConcentrationRiskByTypeAxis and ConcentrationRiskByBenchmarkAxis are used.  This fact needs another axis to identify the specific us-gaap:CreditConcentrationRiskMember risk. If this value represents the Concentration Risk, Threshold Percentage then use the extension element ConcentrationRiskThresholdPercentage. 

The properties of this us-gaap:ConcentrationRiskPercentage1 fact are:

Period :2023-01-01 to 2023-12-31
Dimensions : us-gaap:ConcentrationRiskByBenchmarkAxis=efc:CollateralOnRepurchaseAgreementsMember, us-gaap:ConcentrationRiskByTypeAxis=us-gaap:CreditConcentrationRiskMember
Unit : pure


Rule Element Id:9569
Rule version: 25.0.4 - efc-20240930.htm 8",2024-11-15,ERROR,DQC,109,1411342,ELLINGTON FINANCIAL INC,2024-11-12 15:47:00,0001411342-24-000113,US GAAP 2023,XBRL Document Created with the Workiva Platform,10-Q,http://www.sec.gov/Archives/edgar/data/1411342/000141134224000113/efc-20240930.htm,2024-11-12,2024,779538,https://www.sec.gov/Archives/edgar/data/1411342/000141134224000113/0001411342-24-000113-index.htm,6500,10q-efc-20240930
DQC.US.0109.9569,"2024-11-15 10:17:04,237 [DQC.US.0109.9569] The concept us-gaap:ConcentrationRiskPercentage1 with value 0.228 should always be used with the ConcentrationRiskByTypeAxis the ConcentrationRiskByBenchmarkAxis and a third axis to identify the risk area.  This element can only have a value of 1 when only the ConcentrationRiskByTypeAxis and ConcentrationRiskByBenchmarkAxis are used.  This fact needs another axis to identify the specific us-gaap:CreditConcentrationRiskMember risk. If this value represents the Concentration Risk, Threshold Percentage then use the extension element ConcentrationRiskThresholdPercentage. 

The properties of this us-gaap:ConcentrationRiskPercentage1 fact are:

Period :2024-01-01 to 2024-09-30
Dimensions : us-gaap:ConcentrationRiskByBenchmarkAxis=efc:DueFromBrokerMember, us-gaap:ConcentrationRiskByTypeAxis=us-gaap:CreditConcentrationRiskMember
Unit : pure


Rule Element Id:9569
Rule version: 25.0.4 - efc-20240930.htm 8",2024-11-15,ERROR,DQC,109,1411342,ELLINGTON FINANCIAL INC,2024-11-12 15:47:00,0001411342-24-000113,US GAAP 2023,XBRL Document Created with the Workiva Platform,10-Q,http://www.sec.gov/Archives/edgar/data/1411342/000141134224000113/efc-20240930.htm,2024-11-12,2024,779538,https://www.sec.gov/Archives/edgar/data/1411342/000141134224000113/0001411342-24-000113-index.htm,6500,10q-efc-20240930
DQC.US.0109.9569,"2024-11-15 10:17:04,237 [DQC.US.0109.9569] The concept us-gaap:ConcentrationRiskPercentage1 with value 0.543 should always be used with the ConcentrationRiskByTypeAxis the ConcentrationRiskByBenchmarkAxis and a third axis to identify the risk area.  This element can only have a value of 1 when only the ConcentrationRiskByTypeAxis and ConcentrationRiskByBenchmarkAxis are used.  This fact needs another axis to identify the specific us-gaap:CreditConcentrationRiskMember risk. If this value represents the Concentration Risk, Threshold Percentage then use the extension element ConcentrationRiskThresholdPercentage. 

The properties of this us-gaap:ConcentrationRiskPercentage1 fact are:

Period :2023-01-01 to 2023-12-31
Dimensions : us-gaap:ConcentrationRiskByTypeAxis=us-gaap:CreditConcentrationRiskMember, us-gaap:ConcentrationRiskByBenchmarkAxis=efc:ReceivableForSecuritiesSoldMember
Unit : pure


Rule Element Id:9569
Rule version: 25.0.4 - efc-20240930.htm 8",2024-11-15,ERROR,DQC,109,1411342,ELLINGTON FINANCIAL INC,2024-11-12 15:47:00,0001411342-24-000113,US GAAP 2023,XBRL Document Created with the Workiva Platform,10-Q,http://www.sec.gov/Archives/edgar/data/1411342/000141134224000113/efc-20240930.htm,2024-11-12,2024,779538,https://www.sec.gov/Archives/edgar/data/1411342/000141134224000113/0001411342-24-000113-index.htm,6500,10q-efc-20240930
DQC.US.0109.9569,"2024-11-15 10:17:04,237 [DQC.US.0109.9569] The concept us-gaap:ConcentrationRiskPercentage1 with value 0.585 should always be used with the ConcentrationRiskByTypeAxis the ConcentrationRiskByBenchmarkAxis and a third axis to identify the risk area.  This element can only have a value of 1 when only the ConcentrationRiskByTypeAxis and ConcentrationRiskByBenchmarkAxis are used.  This fact needs another axis to identify the specific us-gaap:CreditConcentrationRiskMember risk. If this value represents the Concentration Risk, Threshold Percentage then use the extension element ConcentrationRiskThresholdPercentage. 

The properties of this us-gaap:ConcentrationRiskPercentage1 fact are:

Period :2023-01-01 to 2023-12-31
Dimensions : us-gaap:ConcentrationRiskByBenchmarkAxis=efc:DueFromBrokerMember, us-gaap:ConcentrationRiskByTypeAxis=us-gaap:CreditConcentrationRiskMember
Unit : pure


Rule Element Id:9569
Rule version: 25.0.4 - efc-20240930.htm 8",2024-11-15,ERROR,DQC,109,1411342,ELLINGTON FINANCIAL INC,2024-11-12 15:47:00,0001411342-24-000113,US GAAP 2023,XBRL Document Created with the Workiva Platform,10-Q,http://www.sec.gov/Archives/edgar/data/1411342/000141134224000113/efc-20240930.htm,2024-11-12,2024,779538,https://www.sec.gov/Archives/edgar/data/1411342/000141134224000113/0001411342-24-000113-index.htm,6500,10q-efc-20240930
DQC.US.0109.9569,"2024-11-15 10:17:04,238 [DQC.US.0109.9569] The concept us-gaap:ConcentrationRiskPercentage1 with value 0.288 should always be used with the ConcentrationRiskByTypeAxis the ConcentrationRiskByBenchmarkAxis and a third axis to identify the risk area.  This element can only have a value of 1 when only the ConcentrationRiskByTypeAxis and ConcentrationRiskByBenchmarkAxis are used.  This fact needs another axis to identify the specific us-gaap:CreditConcentrationRiskMember risk. If this value represents the Concentration Risk, Threshold Percentage then use the extension element ConcentrationRiskThresholdPercentage. 

The properties of this us-gaap:ConcentrationRiskPercentage1 fact are:

Period :2023-01-01 to 2023-12-31
Dimensions : us-gaap:ConcentrationRiskByBenchmarkAxis=us-gaap:CashAndCashEquivalentsMember, us-gaap:ConcentrationRiskByTypeAxis=us-gaap:CreditConcentrationRiskMember
Unit : pure


Rule Element Id:9569
Rule version: 25.0.4 - efc-20240930.htm 8",2024-11-15,ERROR,DQC,109,1411342,ELLINGTON FINANCIAL INC,2024-11-12 15:47:00,0001411342-24-000113,US GAAP 2023,XBRL Document Created with the Workiva Platform,10-Q,http://www.sec.gov/Archives/edgar/data/1411342/000141134224000113/efc-20240930.htm,2024-11-12,2024,779538,https://www.sec.gov/Archives/edgar/data/1411342/000141134224000113/0001411342-24-000113-index.htm,6500,10q-efc-20240930
DQC.US.0109.9569,"2024-10-11 18:03:25,832 [DQC.US.0109.9569] The concept us-gaap:ConcentrationRiskPercentage1 with value 0.699 should always be used with the ConcentrationRiskByTypeAxis the ConcentrationRiskByBenchmarkAxis and a third axis to identify the risk area.  This element can only have a value of 1 when only the ConcentrationRiskByTypeAxis and ConcentrationRiskByBenchmarkAxis are used.  This fact needs another axis to identify the specific us-gaap:CustomerConcentrationRiskMember risk. If this value represents the Concentration Risk, Threshold Percentage then use the extension element ConcentrationRiskThresholdPercentage. 

The properties of this us-gaap:ConcentrationRiskPercentage1 fact are:

Period :2023-01-01 to 2023-06-30
Dimensions : us-gaap:ConcentrationRiskByBenchmarkAxis=us-gaap:SalesRevenueNetMember, us-gaap:ConcentrationRiskByTypeAxis=us-gaap:CustomerConcentrationRiskMember
Unit : pure


Rule Element Id:9569
Rule version: 25.0.1 - e663949_10q-gulf.htm 7273",2024-10-11,ERROR,DQC,109,885462,"Gulf Resources, Inc.",2024-10-11 16:31:00,0001193805-24-001241,US GAAP 2024,Novaworks,10-Q,http://www.sec.gov/Archives/edgar/data/885462/000119380524001241/e663949_10q-gulf.htm,2024-10-11,2024,767919,https://www.sec.gov/Archives/edgar/data/885462/000119380524001241/0001193805-24-001241-index.htm,2800,10q-gure-20240630
DQC.US.0109.9569,"2024-10-11 18:03:25,832 [DQC.US.0109.9569] The concept us-gaap:ConcentrationRiskPercentage1 with value 0.6 should always be used with the ConcentrationRiskByTypeAxis the ConcentrationRiskByBenchmarkAxis and a third axis to identify the risk area.  This element can only have a value of 1 when only the ConcentrationRiskByTypeAxis and ConcentrationRiskByBenchmarkAxis are used.  This fact needs another axis to identify the specific us-gaap:CustomerConcentrationRiskMember risk. If this value represents the Concentration Risk, Threshold Percentage then use the extension element ConcentrationRiskThresholdPercentage. 

The properties of this us-gaap:ConcentrationRiskPercentage1 fact are:

Period :2024-01-01 to 2024-06-30
Dimensions : us-gaap:ConcentrationRiskByBenchmarkAxis=us-gaap:SalesRevenueNetMember, us-gaap:ConcentrationRiskByTypeAxis=us-gaap:CustomerConcentrationRiskMember
Unit : pure


Rule Element Id:9569
Rule version: 25.0.1 - e663949_10q-gulf.htm 7267",2024-10-11,ERROR,DQC,109,885462,"Gulf Resources, Inc.",2024-10-11 16:31:00,0001193805-24-001241,US GAAP 2024,Novaworks,10-Q,http://www.sec.gov/Archives/edgar/data/885462/000119380524001241/e663949_10q-gulf.htm,2024-10-11,2024,767919,https://www.sec.gov/Archives/edgar/data/885462/000119380524001241/0001193805-24-001241-index.htm,2800,10q-gure-20240630
DQC.US.0109.9569,"2024-10-11 18:03:21,788 [DQC.US.0109.9569] The concept us-gaap:ConcentrationRiskPercentage1 with value 0.55 should always be used with the ConcentrationRiskByTypeAxis the ConcentrationRiskByBenchmarkAxis and a third axis to identify the risk area.  This element can only have a value of 1 when only the ConcentrationRiskByTypeAxis and ConcentrationRiskByBenchmarkAxis are used.  This fact needs another axis to identify the specific us-gaap:CustomerConcentrationRiskMember risk. If this value represents the Concentration Risk, Threshold Percentage then use the extension element ConcentrationRiskThresholdPercentage. 

The properties of this us-gaap:ConcentrationRiskPercentage1 fact are:

Period :2024-01-01 to 2024-03-31
Dimensions : us-gaap:ConcentrationRiskByBenchmarkAxis=us-gaap:SalesRevenueNetMember, us-gaap:ConcentrationRiskByTypeAxis=us-gaap:CustomerConcentrationRiskMember
Unit : pure


Rule Element Id:9569
Rule version: 25.0.1 - e663948_10q-gulf.htm 5720",2024-10-11,ERROR,DQC,109,885462,"Gulf Resources, Inc.",2024-10-11 16:30:00,0001193805-24-001240,US GAAP 2024,Novaworks,10-Q,http://www.sec.gov/Archives/edgar/data/885462/000119380524001240/e663948_10q-gulf.htm,2024-10-11,2024,767920,https://www.sec.gov/Archives/edgar/data/885462/000119380524001240/0001193805-24-001240-index.htm,2800,10q-gure-20240331
DQC.US.0109.9569,"2024-10-11 18:03:21,788 [DQC.US.0109.9569] The concept us-gaap:ConcentrationRiskPercentage1 with value 0.64 should always be used with the ConcentrationRiskByTypeAxis the ConcentrationRiskByBenchmarkAxis and a third axis to identify the risk area.  This element can only have a value of 1 when only the ConcentrationRiskByTypeAxis and ConcentrationRiskByBenchmarkAxis are used.  This fact needs another axis to identify the specific us-gaap:CustomerConcentrationRiskMember risk. If this value represents the Concentration Risk, Threshold Percentage then use the extension element ConcentrationRiskThresholdPercentage. 

The properties of this us-gaap:ConcentrationRiskPercentage1 fact are:

Period :2023-01-01 to 2023-03-31
Dimensions : us-gaap:ConcentrationRiskByBenchmarkAxis=us-gaap:SalesRevenueNetMember, us-gaap:ConcentrationRiskByTypeAxis=us-gaap:CustomerConcentrationRiskMember
Unit : pure


Rule Element Id:9569
Rule version: 25.0.1 - e663948_10q-gulf.htm 5725",2024-10-11,ERROR,DQC,109,885462,"Gulf Resources, Inc.",2024-10-11 16:30:00,0001193805-24-001240,US GAAP 2024,Novaworks,10-Q,http://www.sec.gov/Archives/edgar/data/885462/000119380524001240/e663948_10q-gulf.htm,2024-10-11,2024,767920,https://www.sec.gov/Archives/edgar/data/885462/000119380524001240/0001193805-24-001240-index.htm,2800,10q-gure-20240331
DQC.US.0109.9569,"2024-09-27 19:19:29,973 [DQC.US.0109.9569] The concept us-gaap:ConcentrationRiskPercentage1 with value 0.536 should always be used with the ConcentrationRiskByTypeAxis the ConcentrationRiskByBenchmarkAxis and a third axis to identify the risk area.  This element can only have a value of 1 when only the ConcentrationRiskByTypeAxis and ConcentrationRiskByBenchmarkAxis are used.  This fact needs another axis to identify the specific us-gaap:CustomerConcentrationRiskMember risk. If this value represents the Concentration Risk, Threshold Percentage then use the extension element ConcentrationRiskThresholdPercentage. 

The properties of this us-gaap:ConcentrationRiskPercentage1 fact are:

Period :2022-01-01 to 2022-12-31
Dimensions : us-gaap:ConcentrationRiskByBenchmarkAxis=us-gaap:SalesRevenueNetMember, us-gaap:ConcentrationRiskByTypeAxis=us-gaap:CustomerConcentrationRiskMember
Unit : pure


Rule Element Id:9569
Rule version: 24.0.5 - e663483_10k-gulf.htm 11342",2024-09-27,ERROR,DQC,109,885462,"Gulf Resources, Inc.",2024-09-27 16:20:00,0001193805-24-001184,US GAAP 2023,Novaworks,10-K,http://www.sec.gov/Archives/edgar/data/885462/000119380524001184/e663483_10k-gulf.htm,2024-09-27,2024,765432,https://www.sec.gov/Archives/edgar/data/885462/000119380524001184/0001193805-24-001184-index.htm,2800,10k-gure-20231231
DQC.US.0109.9569,"2024-09-27 19:19:29,973 [DQC.US.0109.9569] The concept us-gaap:ConcentrationRiskPercentage1 with value 0.618 should always be used with the ConcentrationRiskByTypeAxis the ConcentrationRiskByBenchmarkAxis and a third axis to identify the risk area.  This element can only have a value of 1 when only the ConcentrationRiskByTypeAxis and ConcentrationRiskByBenchmarkAxis are used.  This fact needs another axis to identify the specific us-gaap:CustomerConcentrationRiskMember risk. If this value represents the Concentration Risk, Threshold Percentage then use the extension element ConcentrationRiskThresholdPercentage. 

The properties of this us-gaap:ConcentrationRiskPercentage1 fact are:

Period :2023-01-01 to 2023-12-31
Dimensions : us-gaap:ConcentrationRiskByBenchmarkAxis=us-gaap:SalesRevenueNetMember, us-gaap:ConcentrationRiskByTypeAxis=us-gaap:CustomerConcentrationRiskMember
Unit : pure


Rule Element Id:9569
Rule version: 24.0.5 - e663483_10k-gulf.htm 11336",2024-09-27,ERROR,DQC,109,885462,"Gulf Resources, Inc.",2024-09-27 16:20:00,0001193805-24-001184,US GAAP 2023,Novaworks,10-K,http://www.sec.gov/Archives/edgar/data/885462/000119380524001184/e663483_10k-gulf.htm,2024-09-27,2024,765432,https://www.sec.gov/Archives/edgar/data/885462/000119380524001184/0001193805-24-001184-index.htm,2800,10k-gure-20231231
